/* Auto-generated from GNU Unifont (GPL-2.0 WITH FONT EXCEPTION).
 * TUI symbols: box/block/arrow/geometric/dingbats/math/technical.
 * 8x16 and 16x16 glyphs as-is from the source, MSB = leftmost.
 * Sorted by code point. */
#ifndef SYMBOL_GLYPHS_H
#define SYMBOL_GLYPHS_H

typedef struct { uint16_t uni; uint8_t w; uint8_t glyph[32]; } symbol_glyph_t;
static const symbol_glyph_t k_symbol_glyphs[] = {
    { 0x00A2, 1, { 0x00, 0x00, 0x00, 0x00, 0x08, 0x08, 0x3E, 0x49, 0x48, 0x48, 0x49, 0x3E, 0x08, 0x08, 0x00, 0x00, 0x00, 0x00, 0x00, 0x00, 0x00, 0x00, 0x00, 0x00, 0x00, 0x00, 0x00, 0x00, 0x00, 0x00, 0x00, 0x00 } },
    { 0x00A3, 1, { 0x00, 0x00, 0x00, 0x00, 0x0E, 0x10, 0x10, 0x10, 0x7C, 0x10, 0x10, 0x10, 0x3E, 0x61, 0x00, 0x00, 0x00, 0x00, 0x00, 0x00, 0x00, 0x00, 0x00, 0x00, 0x00, 0x00, 0x00, 0x00, 0x00, 0x00, 0x00, 0x00 } },
    { 0x00A4, 1, { 0x00, 0x00, 0x00, 0x00, 0x00, 0x42, 0x3C, 0x24, 0x42, 0x42, 0x24, 0x3C, 0x42, 0x00, 0x00, 0x00, 0x00, 0x00, 0x00, 0x00, 0x00, 0x00, 0x00, 0x00, 0x00, 0x00, 0x00, 0x00, 0x00, 0x00, 0x00, 0x00 } },
    { 0x00A5, 1, { 0x00, 0x00, 0x00, 0x00, 0x41, 0x22, 0x14, 0x08, 0x7F, 0x08, 0x7F, 0x08, 0x08, 0x08, 0x00, 0x00, 0x00, 0x00, 0x00, 0x00, 0x00, 0x00, 0x00, 0x00, 0x00, 0x00, 0x00, 0x00, 0x00, 0x00, 0x00, 0x00 } },
    { 0x00A6, 1, { 0x00, 0x00, 0x00, 0x00, 0x08, 0x08, 0x08, 0x08, 0x00, 0x00, 0x08, 0x08, 0x08, 0x08, 0x00, 0x00, 0x00, 0x00, 0x00, 0x00, 0x00, 0x00, 0x00, 0x00, 0x00, 0x00, 0x00, 0x00, 0x00, 0x00, 0x00, 0x00 } },
    { 0x00A7, 1, { 0x00, 0x00, 0x00, 0x00, 0x3C, 0x42, 0x40, 0x3C, 0x42, 0x42, 0x3C, 0x02, 0x42, 0x3C, 0x00, 0x00, 0x00, 0x00, 0x00, 0x00, 0x00, 0x00, 0x00, 0x00, 0x00, 0x00, 0x00, 0x00, 0x00, 0x00, 0x00, 0x00 } },
    { 0x00A8, 1, { 0x24, 0x24, 0x00, 0x00, 0x00, 0x00, 0x00, 0x00, 0x00, 0x00, 0x00, 0x00, 0x00, 0x00, 0x00, 0x00, 0x00, 0x00, 0x00, 0x00, 0x00, 0x00, 0x00, 0x00, 0x00, 0x00, 0x00, 0x00, 0x00, 0x00, 0x00, 0x00 } },
    { 0x00A9, 1, { 0x00, 0x00, 0x00, 0x00, 0x3C, 0x42, 0x99, 0xA5, 0xA1, 0xA1, 0xA5, 0x99, 0x42, 0x3C, 0x00, 0x00, 0x00, 0x00, 0x00, 0x00, 0x00, 0x00, 0x00, 0x00, 0x00, 0x00, 0x00, 0x00, 0x00, 0x00, 0x00, 0x00 } },
    { 0x00AA, 1, { 0x00, 0x00, 0x1C, 0x02, 0x1E, 0x22, 0x1E, 0x00, 0x3E, 0x00, 0x00, 0x00, 0x00, 0x00, 0x00, 0x00, 0x00, 0x00, 0x00, 0x00, 0x00, 0x00, 0x00, 0x00, 0x00, 0x00, 0x00, 0x00, 0x00, 0x00, 0x00, 0x00 } },
    { 0x00AC, 1, { 0x00, 0x00, 0x00, 0x00, 0x00, 0x00, 0x00, 0x00, 0x00, 0x00, 0x7E, 0x02, 0x02, 0x02, 0x00, 0x00, 0x00, 0x00, 0x00, 0x00, 0x00, 0x00, 0x00, 0x00, 0x00, 0x00, 0x00, 0x00, 0x00, 0x00, 0x00, 0x00 } },
    { 0x00AE, 1, { 0x00, 0x00, 0x00, 0x00, 0x3C, 0x42, 0xB9, 0xA5, 0xA5, 0xB9, 0xA9, 0xA5, 0x42, 0x3C, 0x00, 0x00, 0x00, 0x00, 0x00, 0x00, 0x00, 0x00, 0x00, 0x00, 0x00, 0x00, 0x00, 0x00, 0x00, 0x00, 0x00, 0x00 } },
    { 0x00AF, 1, { 0x00, 0x00, 0x7E, 0x00, 0x00, 0x00, 0x00, 0x00, 0x00, 0x00, 0x00, 0x00, 0x00, 0x00, 0x00, 0x00, 0x00, 0x00, 0x00, 0x00, 0x00, 0x00, 0x00, 0x00, 0x00, 0x00, 0x00, 0x00, 0x00, 0x00, 0x00, 0x00 } },
    { 0x00B3, 1, { 0x00, 0x00, 0x00, 0x38, 0x44, 0x04, 0x38, 0x04, 0x44, 0x38, 0x00, 0x00, 0x00, 0x00, 0x00, 0x00, 0x00, 0x00, 0x00, 0x00, 0x00, 0x00, 0x00, 0x00, 0x00, 0x00, 0x00, 0x00, 0x00, 0x00, 0x00, 0x00 } },
    { 0x00B4, 1, { 0x00, 0x04, 0x08, 0x10, 0x00, 0x00, 0x00, 0x00, 0x00, 0x00, 0x00, 0x00, 0x00, 0x00, 0x00, 0x00, 0x00, 0x00, 0x00, 0x00, 0x00, 0x00, 0x00, 0x00, 0x00, 0x00, 0x00, 0x00, 0x00, 0x00, 0x00, 0x00 } },
    { 0x00B5, 1, { 0x00, 0x00, 0x00, 0x00, 0x00, 0x00, 0x42, 0x42, 0x42, 0x42, 0x42, 0x42, 0x66, 0x59, 0x40, 0x80, 0x00, 0x00, 0x00, 0x00, 0x00, 0x00, 0x00, 0x00, 0x00, 0x00, 0x00, 0x00, 0x00, 0x00, 0x00, 0x00 } },
    { 0x00B6, 1, { 0x00, 0x00, 0x00, 0x00, 0x3F, 0x7A, 0x7A, 0x7A, 0x3A, 0x0A, 0x0A, 0x0A, 0x0A, 0x0A, 0x0A, 0x00, 0x00, 0x00, 0x00, 0x00, 0x00, 0x00, 0x00, 0x00, 0x00, 0x00, 0x00, 0x00, 0x00, 0x00, 0x00, 0x00 } },
    { 0x00B8, 1, { 0x00, 0x00, 0x00, 0x00, 0x00, 0x00, 0x00, 0x00, 0x00, 0x00, 0x00, 0x00, 0x00, 0x00, 0x08, 0x30, 0x00, 0x00, 0x00, 0x00, 0x00, 0x00, 0x00, 0x00, 0x00, 0x00, 0x00, 0x00, 0x00, 0x00, 0x00, 0x00 } },
    { 0x00B9, 1, { 0x00, 0x00, 0x00, 0x10, 0x30, 0x50, 0x10, 0x10, 0x10, 0x7C, 0x00, 0x00, 0x00, 0x00, 0x00, 0x00, 0x00, 0x00, 0x00, 0x00, 0x00, 0x00, 0x00, 0x00, 0x00, 0x00, 0x00, 0x00, 0x00, 0x00, 0x00, 0x00 } },
    { 0x00BA, 1, { 0x00, 0x00, 0x1C, 0x22, 0x22, 0x22, 0x1C, 0x00, 0x3E, 0x00, 0x00, 0x00, 0x00, 0x00, 0x00, 0x00, 0x00, 0x00, 0x00, 0x00, 0x00, 0x00, 0x00, 0x00, 0x00, 0x00, 0x00, 0x00, 0x00, 0x00, 0x00, 0x00 } },
    { 0x00BF, 1, { 0x00, 0x00, 0x00, 0x00, 0x10, 0x10, 0x00, 0x10, 0x10, 0x20, 0x40, 0x42, 0x42, 0x3C, 0x00, 0x00, 0x00, 0x00, 0x00, 0x00, 0x00, 0x00, 0x00, 0x00, 0x00, 0x00, 0x00, 0x00, 0x00, 0x00, 0x00, 0x00 } },
    { 0x00D7, 1, { 0x00, 0x00, 0x00, 0x00, 0x00, 0x00, 0x00, 0x42, 0x24, 0x18, 0x24, 0x42, 0x00, 0x00, 0x00, 0x00, 0x00, 0x00, 0x00, 0x00, 0x00, 0x00, 0x00, 0x00, 0x00, 0x00, 0x00, 0x00, 0x00, 0x00, 0x00, 0x00 } },
    { 0x00F7, 1, { 0x00, 0x00, 0x00, 0x00, 0x00, 0x00, 0x18, 0x00, 0x00, 0x7E, 0x00, 0x00, 0x18, 0x00, 0x00, 0x00, 0x00, 0x00, 0x00, 0x00, 0x00, 0x00, 0x00, 0x00, 0x00, 0x00, 0x00, 0x00, 0x00, 0x00, 0x00, 0x00 } },
    { 0x2013, 1, { 0x00, 0x00, 0x00, 0x00, 0x00, 0x00, 0x00, 0x00, 0x00, 0x7E, 0x00, 0x00, 0x00, 0x00, 0x00, 0x00, 0x00, 0x00, 0x00, 0x00, 0x00, 0x00, 0x00, 0x00, 0x00, 0x00, 0x00, 0x00, 0x00, 0x00, 0x00, 0x00 } },
    { 0x2014, 1, { 0x00, 0x00, 0x00, 0x00, 0x00, 0x00, 0x00, 0x00, 0x00, 0xFF, 0x00, 0x00, 0x00, 0x00, 0x00, 0x00, 0x00, 0x00, 0x00, 0x00, 0x00, 0x00, 0x00, 0x00, 0x00, 0x00, 0x00, 0x00, 0x00, 0x00, 0x00, 0x00 } },
    { 0x2015, 1, { 0x00, 0x00, 0x00, 0x00, 0x00, 0x00, 0x00, 0x00, 0x00, 0xFF, 0x00, 0x00, 0x00, 0x00, 0x00, 0x00, 0x00, 0x00, 0x00, 0x00, 0x00, 0x00, 0x00, 0x00, 0x00, 0x00, 0x00, 0x00, 0x00, 0x00, 0x00, 0x00 } },
    { 0x2018, 1, { 0x00, 0x00, 0x08, 0x10, 0x10, 0x18, 0x00, 0x00, 0x00, 0x00, 0x00, 0x00, 0x00, 0x00, 0x00, 0x00, 0x00, 0x00, 0x00, 0x00, 0x00, 0x00, 0x00, 0x00, 0x00, 0x00, 0x00, 0x00, 0x00, 0x00, 0x00, 0x00 } },
    { 0x2019, 1, { 0x00, 0x00, 0x18, 0x08, 0x08, 0x10, 0x00, 0x00, 0x00, 0x00, 0x00, 0x00, 0x00, 0x00, 0x00, 0x00, 0x00, 0x00, 0x00, 0x00, 0x00, 0x00, 0x00, 0x00, 0x00, 0x00, 0x00, 0x00, 0x00, 0x00, 0x00, 0x00 } },
    { 0x201A, 1, { 0x00, 0x00, 0x00, 0x00, 0x00, 0x00, 0x00, 0x00, 0x00, 0x00, 0x00, 0x00, 0x18, 0x08, 0x08, 0x10, 0x00, 0x00, 0x00, 0x00, 0x00, 0x00, 0x00, 0x00, 0x00, 0x00, 0x00, 0x00, 0x00, 0x00, 0x00, 0x00 } },
    { 0x201C, 1, { 0x00, 0x00, 0x22, 0x44, 0x44, 0x66, 0x00, 0x00, 0x00, 0x00, 0x00, 0x00, 0x00, 0x00, 0x00, 0x00, 0x00, 0x00, 0x00, 0x00, 0x00, 0x00, 0x00, 0x00, 0x00, 0x00, 0x00, 0x00, 0x00, 0x00, 0x00, 0x00 } },
    { 0x201D, 1, { 0x00, 0x00, 0x66, 0x22, 0x22, 0x44, 0x00, 0x00, 0x00, 0x00, 0x00, 0x00, 0x00, 0x00, 0x00, 0x00, 0x00, 0x00, 0x00, 0x00, 0x00, 0x00, 0x00, 0x00, 0x00, 0x00, 0x00, 0x00, 0x00, 0x00, 0x00, 0x00 } },
    { 0x201E, 1, { 0x00, 0x00, 0x00, 0x00, 0x00, 0x00, 0x00, 0x00, 0x00, 0x00, 0x00, 0x00, 0x66, 0x22, 0x22, 0x44, 0x00, 0x00, 0x00, 0x00, 0x00, 0x00, 0x00, 0x00, 0x00, 0x00, 0x00, 0x00, 0x00, 0x00, 0x00, 0x00 } },
    { 0x2020, 1, { 0x00, 0x00, 0x08, 0x1C, 0x08, 0x2A, 0x7F, 0x2A, 0x08, 0x1C, 0x08, 0x08, 0x08, 0x08, 0x00, 0x00, 0x00, 0x00, 0x00, 0x00, 0x00, 0x00, 0x00, 0x00, 0x00, 0x00, 0x00, 0x00, 0x00, 0x00, 0x00, 0x00 } },
    { 0x2021, 1, { 0x00, 0x08, 0x1C, 0x08, 0x2A, 0x7F, 0x2A, 0x08, 0x08, 0x2A, 0x7F, 0x2A, 0x08, 0x1C, 0x08, 0x00, 0x00, 0x00, 0x00, 0x00, 0x00, 0x00, 0x00, 0x00, 0x00, 0x00, 0x00, 0x00, 0x00, 0x00, 0x00, 0x00 } },
    { 0x2022, 1, { 0x00, 0x00, 0x00, 0x00, 0x00, 0x00, 0x00, 0x38, 0x7C, 0x7C, 0x7C, 0x38, 0x00, 0x00, 0x00, 0x00, 0x00, 0x00, 0x00, 0x00, 0x00, 0x00, 0x00, 0x00, 0x00, 0x00, 0x00, 0x00, 0x00, 0x00, 0x00, 0x00 } },
    { 0x2026, 1, { 0x00, 0x00, 0x00, 0x00, 0x00, 0x00, 0x00, 0x00, 0x00, 0x00, 0x00, 0x00, 0x49, 0x49, 0x00, 0x00, 0x00, 0x00, 0x00, 0x00, 0x00, 0x00, 0x00, 0x00, 0x00, 0x00, 0x00, 0x00, 0x00, 0x00, 0x00, 0x00 } },
    { 0x2030, 1, { 0x00, 0x00, 0x00, 0x00, 0x42, 0xA4, 0xA4, 0x48, 0x10, 0x10, 0x2A, 0x55, 0x55, 0x8A, 0x00, 0x00, 0x00, 0x00, 0x00, 0x00, 0x00, 0x00, 0x00, 0x00, 0x00, 0x00, 0x00, 0x00, 0x00, 0x00, 0x00, 0x00 } },
    { 0x2032, 1, { 0x00, 0x00, 0x00, 0x00, 0x0C, 0x18, 0x10, 0x20, 0x00, 0x00, 0x00, 0x00, 0x00, 0x00, 0x00, 0x00, 0x00, 0x00, 0x00, 0x00, 0x00, 0x00, 0x00, 0x00, 0x00, 0x00, 0x00, 0x00, 0x00, 0x00, 0x00, 0x00 } },
    { 0x2033, 1, { 0x00, 0x00, 0x00, 0x00, 0x33, 0x66, 0x44, 0x88, 0x00, 0x00, 0x00, 0x00, 0x00, 0x00, 0x00, 0x00, 0x00, 0x00, 0x00, 0x00, 0x00, 0x00, 0x00, 0x00, 0x00, 0x00, 0x00, 0x00, 0x00, 0x00, 0x00, 0x00 } },
    { 0x2039, 1, { 0x00, 0x00, 0x00, 0x00, 0x00, 0x04, 0x04, 0x08, 0x08, 0x10, 0x08, 0x08, 0x04, 0x04, 0x00, 0x00, 0x00, 0x00, 0x00, 0x00, 0x00, 0x00, 0x00, 0x00, 0x00, 0x00, 0x00, 0x00, 0x00, 0x00, 0x00, 0x00 } },
    { 0x203A, 1, { 0x00, 0x00, 0x00, 0x00, 0x20, 0x20, 0x10, 0x10, 0x08, 0x08, 0x10, 0x10, 0x20, 0x20, 0x00, 0x00, 0x00, 0x00, 0x00, 0x00, 0x00, 0x00, 0x00, 0x00, 0x00, 0x00, 0x00, 0x00, 0x00, 0x00, 0x00, 0x00 } },
    { 0x203C, 1, { 0x00, 0x00, 0x00, 0x00, 0x24, 0x24, 0x24, 0x24, 0x24, 0x24, 0x24, 0x00, 0x24, 0x24, 0x00, 0x00, 0x00, 0x00, 0x00, 0x00, 0x00, 0x00, 0x00, 0x00, 0x00, 0x00, 0x00, 0x00, 0x00, 0x00, 0x00, 0x00 } },
    { 0x203D, 1, { 0x00, 0x00, 0x00, 0x00, 0x3C, 0x4A, 0x4A, 0x0A, 0x0C, 0x08, 0x08, 0x00, 0x08, 0x08, 0x00, 0x00, 0x00, 0x00, 0x00, 0x00, 0x00, 0x00, 0x00, 0x00, 0x00, 0x00, 0x00, 0x00, 0x00, 0x00, 0x00, 0x00 } },
    { 0x2047, 1, { 0x00, 0x00, 0x00, 0xEE, 0x11, 0x11, 0x22, 0xCC, 0x88, 0x88, 0x88, 0x00, 0x00, 0x88, 0x00, 0x00, 0x00, 0x00, 0x00, 0x00, 0x00, 0x00, 0x00, 0x00, 0x00, 0x00, 0x00, 0x00, 0x00, 0x00, 0x00, 0x00 } },
    { 0x2048, 1, { 0x00, 0x00, 0x00, 0x72, 0x0A, 0x0A, 0x12, 0x62, 0x42, 0x42, 0x42, 0x00, 0x00, 0x42, 0x00, 0x00, 0x00, 0x00, 0x00, 0x00, 0x00, 0x00, 0x00, 0x00, 0x00, 0x00, 0x00, 0x00, 0x00, 0x00, 0x00, 0x00 } },
    { 0x2049, 1, { 0x00, 0x00, 0x00, 0x5C, 0x42, 0x42, 0x44, 0x58, 0x50, 0x50, 0x50, 0x00, 0x00, 0x50, 0x00, 0x00, 0x00, 0x00, 0x00, 0x00, 0x00, 0x00, 0x00, 0x00, 0x00, 0x00, 0x00, 0x00, 0x00, 0x00, 0x00, 0x00 } },
    { 0x207A, 1, { 0x00, 0x00, 0x00, 0x00, 0x10, 0x10, 0x7C, 0x10, 0x10, 0x00, 0x00, 0x00, 0x00, 0x00, 0x00, 0x00, 0x00, 0x00, 0x00, 0x00, 0x00, 0x00, 0x00, 0x00, 0x00, 0x00, 0x00, 0x00, 0x00, 0x00, 0x00, 0x00 } },
    { 0x207B, 1, { 0x00, 0x00, 0x00, 0x00, 0x00, 0x00, 0x7C, 0x00, 0x00, 0x00, 0x00, 0x00, 0x00, 0x00, 0x00, 0x00, 0x00, 0x00, 0x00, 0x00, 0x00, 0x00, 0x00, 0x00, 0x00, 0x00, 0x00, 0x00, 0x00, 0x00, 0x00, 0x00 } },
    { 0x207C, 1, { 0x00, 0x00, 0x00, 0x00, 0x00, 0x7C, 0x00, 0x00, 0x7C, 0x00, 0x00, 0x00, 0x00, 0x00, 0x00, 0x00, 0x00, 0x00, 0x00, 0x00, 0x00, 0x00, 0x00, 0x00, 0x00, 0x00, 0x00, 0x00, 0x00, 0x00, 0x00, 0x00 } },
    { 0x207D, 1, { 0x00, 0x00, 0x04, 0x08, 0x10, 0x10, 0x10, 0x10, 0x10, 0x08, 0x04, 0x00, 0x00, 0x00, 0x00, 0x00, 0x00, 0x00, 0x00, 0x00, 0x00, 0x00, 0x00, 0x00, 0x00, 0x00, 0x00, 0x00, 0x00, 0x00, 0x00, 0x00 } },
    { 0x207E, 1, { 0x00, 0x00, 0x20, 0x10, 0x08, 0x08, 0x08, 0x08, 0x08, 0x10, 0x20, 0x00, 0x00, 0x00, 0x00, 0x00, 0x00, 0x00, 0x00, 0x00, 0x00, 0x00, 0x00, 0x00, 0x00, 0x00, 0x00, 0x00, 0x00, 0x00, 0x00, 0x00 } },
    { 0x207F, 1, { 0x00, 0x00, 0x00, 0x00, 0x00, 0x58, 0x64, 0x44, 0x44, 0x44, 0x00, 0x00, 0x00, 0x00, 0x00, 0x00, 0x00, 0x00, 0x00, 0x00, 0x00, 0x00, 0x00, 0x00, 0x00, 0x00, 0x00, 0x00, 0x00, 0x00, 0x00, 0x00 } },
    { 0x20AC, 1, { 0x00, 0x00, 0x00, 0x00, 0x0C, 0x12, 0x20, 0x7C, 0x20, 0x7C, 0x20, 0x20, 0x12, 0x0C, 0x00, 0x00, 0x00, 0x00, 0x00, 0x00, 0x00, 0x00, 0x00, 0x00, 0x00, 0x00, 0x00, 0x00, 0x00, 0x00, 0x00, 0x00 } },
    { 0x2122, 1, { 0x00, 0x00, 0x00, 0x00, 0xF1, 0x5B, 0x55, 0x51, 0x51, 0x00, 0x00, 0x00, 0x00, 0x00, 0x00, 0x00, 0x00, 0x00, 0x00, 0x00, 0x00, 0x00, 0x00, 0x00, 0x00, 0x00, 0x00, 0x00, 0x00, 0x00, 0x00, 0x00 } },
    { 0x2190, 1, { 0x00, 0x00, 0x00, 0x00, 0x00, 0x00, 0x00, 0x10, 0x20, 0x7F, 0x20, 0x10, 0x00, 0x00, 0x00, 0x00, 0x00, 0x00, 0x00, 0x00, 0x00, 0x00, 0x00, 0x00, 0x00, 0x00, 0x00, 0x00, 0x00, 0x00, 0x00, 0x00 } },
    { 0x2191, 1, { 0x00, 0x00, 0x08, 0x1C, 0x2A, 0x08, 0x08, 0x08, 0x08, 0x08, 0x08, 0x08, 0x08, 0x08, 0x08, 0x08, 0x00, 0x00, 0x00, 0x00, 0x00, 0x00, 0x00, 0x00, 0x00, 0x00, 0x00, 0x00, 0x00, 0x00, 0x00, 0x00 } },
    { 0x2192, 1, { 0x00, 0x00, 0x00, 0x00, 0x00, 0x00, 0x00, 0x08, 0x04, 0xFE, 0x04, 0x08, 0x00, 0x00, 0x00, 0x00, 0x00, 0x00, 0x00, 0x00, 0x00, 0x00, 0x00, 0x00, 0x00, 0x00, 0x00, 0x00, 0x00, 0x00, 0x00, 0x00 } },
    { 0x2193, 1, { 0x08, 0x08, 0x08, 0x08, 0x08, 0x08, 0x08, 0x08, 0x08, 0x08, 0x08, 0x2A, 0x1C, 0x08, 0x00, 0x00, 0x00, 0x00, 0x00, 0x00, 0x00, 0x00, 0x00, 0x00, 0x00, 0x00, 0x00, 0x00, 0x00, 0x00, 0x00, 0x00 } },
    { 0x2194, 1, { 0x00, 0x00, 0x00, 0x00, 0x00, 0x00, 0x00, 0x24, 0x42, 0xFF, 0x42, 0x24, 0x00, 0x00, 0x00, 0x00, 0x00, 0x00, 0x00, 0x00, 0x00, 0x00, 0x00, 0x00, 0x00, 0x00, 0x00, 0x00, 0x00, 0x00, 0x00, 0x00 } },
    { 0x2195, 1, { 0x00, 0x00, 0x08, 0x1C, 0x2A, 0x08, 0x08, 0x08, 0x08, 0x08, 0x08, 0x2A, 0x1C, 0x08, 0x00, 0x00, 0x00, 0x00, 0x00, 0x00, 0x00, 0x00, 0x00, 0x00, 0x00, 0x00, 0x00, 0x00, 0x00, 0x00, 0x00, 0x00 } },
    { 0x2196, 1, { 0x00, 0x00, 0x00, 0x00, 0x00, 0x78, 0x60, 0x50, 0x48, 0x04, 0x02, 0x00, 0x00, 0x00, 0x00, 0x00, 0x00, 0x00, 0x00, 0x00, 0x00, 0x00, 0x00, 0x00, 0x00, 0x00, 0x00, 0x00, 0x00, 0x00, 0x00, 0x00 } },
    { 0x2197, 1, { 0x00, 0x00, 0x00, 0x00, 0x00, 0x1E, 0x06, 0x0A, 0x12, 0x20, 0x40, 0x00, 0x00, 0x00, 0x00, 0x00, 0x00, 0x00, 0x00, 0x00, 0x00, 0x00, 0x00, 0x00, 0x00, 0x00, 0x00, 0x00, 0x00, 0x00, 0x00, 0x00 } },
    { 0x2198, 1, { 0x00, 0x00, 0x00, 0x00, 0x00, 0x40, 0x20, 0x12, 0x0A, 0x06, 0x1E, 0x00, 0x00, 0x00, 0x00, 0x00, 0x00, 0x00, 0x00, 0x00, 0x00, 0x00, 0x00, 0x00, 0x00, 0x00, 0x00, 0x00, 0x00, 0x00, 0x00, 0x00 } },
    { 0x2199, 1, { 0x00, 0x00, 0x00, 0x00, 0x00, 0x00, 0x02, 0x04, 0x48, 0x50, 0x60, 0x78, 0x00, 0x00, 0x00, 0x00, 0x00, 0x00, 0x00, 0x00, 0x00, 0x00, 0x00, 0x00, 0x00, 0x00, 0x00, 0x00, 0x00, 0x00, 0x00, 0x00 } },
    { 0x219A, 1, { 0x00, 0x00, 0x00, 0x00, 0x00, 0x04, 0x04, 0x14, 0x24, 0x7F, 0x24, 0x14, 0x04, 0x04, 0x00, 0x00, 0x00, 0x00, 0x00, 0x00, 0x00, 0x00, 0x00, 0x00, 0x00, 0x00, 0x00, 0x00, 0x00, 0x00, 0x00, 0x00 } },
    { 0x219B, 1, { 0x00, 0x00, 0x00, 0x00, 0x00, 0x20, 0x20, 0x28, 0x24, 0xFE, 0x24, 0x28, 0x20, 0x20, 0x00, 0x00, 0x00, 0x00, 0x00, 0x00, 0x00, 0x00, 0x00, 0x00, 0x00, 0x00, 0x00, 0x00, 0x00, 0x00, 0x00, 0x00 } },
    { 0x219C, 2, { 0x00, 0x00, 0x00, 0x00, 0x00, 0x00, 0x00, 0x00, 0x00, 0x00, 0x00, 0x00, 0x38, 0x00, 0x30, 0x1C, 0x28, 0x22, 0x04, 0x41, 0x03, 0x80, 0x00, 0x00, 0x00, 0x00, 0x00, 0x00, 0x00, 0x00, 0x00, 0x00 } },
    { 0x219D, 2, { 0x00, 0x00, 0x00, 0x00, 0x00, 0x00, 0x00, 0x00, 0x00, 0x00, 0x00, 0x00, 0x00, 0x1C, 0x38, 0x0C, 0x44, 0x14, 0x82, 0x20, 0x01, 0xC0, 0x00, 0x00, 0x00, 0x00, 0x00, 0x00, 0x00, 0x00, 0x00, 0x00 } },
    { 0x219E, 1, { 0x00, 0x00, 0x00, 0x00, 0x00, 0x00, 0x00, 0x24, 0x48, 0xFF, 0x48, 0x24, 0x00, 0x00, 0x00, 0x00, 0x00, 0x00, 0x00, 0x00, 0x00, 0x00, 0x00, 0x00, 0x00, 0x00, 0x00, 0x00, 0x00, 0x00, 0x00, 0x00 } },
    { 0x219F, 1, { 0x00, 0x00, 0x08, 0x1C, 0x2A, 0x08, 0x1C, 0x2A, 0x08, 0x08, 0x08, 0x08, 0x08, 0x08, 0x08, 0x08, 0x00, 0x00, 0x00, 0x00, 0x00, 0x00, 0x00, 0x00, 0x00, 0x00, 0x00, 0x00, 0x00, 0x00, 0x00, 0x00 } },
    { 0x21A0, 1, { 0x00, 0x00, 0x00, 0x00, 0x00, 0x00, 0x00, 0x24, 0x12, 0xFF, 0x12, 0x24, 0x00, 0x00, 0x00, 0x00, 0x00, 0x00, 0x00, 0x00, 0x00, 0x00, 0x00, 0x00, 0x00, 0x00, 0x00, 0x00, 0x00, 0x00, 0x00, 0x00 } },
    { 0x21A1, 1, { 0x08, 0x08, 0x08, 0x08, 0x08, 0x08, 0x08, 0x08, 0x08, 0x2A, 0x1C, 0x08, 0x2A, 0x1C, 0x08, 0x00, 0x00, 0x00, 0x00, 0x00, 0x00, 0x00, 0x00, 0x00, 0x00, 0x00, 0x00, 0x00, 0x00, 0x00, 0x00, 0x00 } },
    { 0x21A2, 1, { 0x00, 0x00, 0x00, 0x00, 0x00, 0x00, 0x00, 0x11, 0x22, 0x7C, 0x22, 0x11, 0x00, 0x00, 0x00, 0x00, 0x00, 0x00, 0x00, 0x00, 0x00, 0x00, 0x00, 0x00, 0x00, 0x00, 0x00, 0x00, 0x00, 0x00, 0x00, 0x00 } },
    { 0x21A3, 1, { 0x00, 0x00, 0x00, 0x00, 0x00, 0x00, 0x00, 0x88, 0x44, 0x3E, 0x44, 0x88, 0x00, 0x00, 0x00, 0x00, 0x00, 0x00, 0x00, 0x00, 0x00, 0x00, 0x00, 0x00, 0x00, 0x00, 0x00, 0x00, 0x00, 0x00, 0x00, 0x00 } },
    { 0x21A4, 1, { 0x00, 0x00, 0x00, 0x00, 0x00, 0x00, 0x00, 0x12, 0x22, 0x7E, 0x22, 0x12, 0x00, 0x00, 0x00, 0x00, 0x00, 0x00, 0x00, 0x00, 0x00, 0x00, 0x00, 0x00, 0x00, 0x00, 0x00, 0x00, 0x00, 0x00, 0x00, 0x00 } },
    { 0x21A5, 1, { 0x00, 0x00, 0x08, 0x1C, 0x2A, 0x08, 0x08, 0x08, 0x08, 0x08, 0x08, 0x08, 0x08, 0x3E, 0x00, 0x00, 0x00, 0x00, 0x00, 0x00, 0x00, 0x00, 0x00, 0x00, 0x00, 0x00, 0x00, 0x00, 0x00, 0x00, 0x00, 0x00 } },
    { 0x21A6, 1, { 0x00, 0x00, 0x00, 0x00, 0x00, 0x00, 0x00, 0x48, 0x44, 0x7E, 0x44, 0x48, 0x00, 0x00, 0x00, 0x00, 0x00, 0x00, 0x00, 0x00, 0x00, 0x00, 0x00, 0x00, 0x00, 0x00, 0x00, 0x00, 0x00, 0x00, 0x00, 0x00 } },
    { 0x21A7, 1, { 0x00, 0x00, 0x3E, 0x08, 0x08, 0x08, 0x08, 0x08, 0x08, 0x08, 0x08, 0x2A, 0x1C, 0x08, 0x00, 0x00, 0x00, 0x00, 0x00, 0x00, 0x00, 0x00, 0x00, 0x00, 0x00, 0x00, 0x00, 0x00, 0x00, 0x00, 0x00, 0x00 } },
    { 0x21A8, 1, { 0x00, 0x00, 0x08, 0x1C, 0x2A, 0x08, 0x08, 0x08, 0x08, 0x08, 0x2A, 0x1C, 0x08, 0x3E, 0x00, 0x00, 0x00, 0x00, 0x00, 0x00, 0x00, 0x00, 0x00, 0x00, 0x00, 0x00, 0x00, 0x00, 0x00, 0x00, 0x00, 0x00 } },
    { 0x21A9, 1, { 0x00, 0x00, 0x00, 0x00, 0x00, 0x00, 0x02, 0x11, 0x21, 0x7E, 0x20, 0x10, 0x00, 0x00, 0x00, 0x00, 0x00, 0x00, 0x00, 0x00, 0x00, 0x00, 0x00, 0x00, 0x00, 0x00, 0x00, 0x00, 0x00, 0x00, 0x00, 0x00 } },
    { 0x21AA, 1, { 0x00, 0x00, 0x00, 0x00, 0x00, 0x00, 0x20, 0x44, 0x42, 0x3F, 0x02, 0x04, 0x00, 0x00, 0x00, 0x00, 0x00, 0x00, 0x00, 0x00, 0x00, 0x00, 0x00, 0x00, 0x00, 0x00, 0x00, 0x00, 0x00, 0x00, 0x00, 0x00 } },
    { 0x21AB, 1, { 0x00, 0x00, 0x00, 0x00, 0x00, 0x00, 0x02, 0x15, 0x25, 0x7E, 0x24, 0x14, 0x00, 0x00, 0x00, 0x00, 0x00, 0x00, 0x00, 0x00, 0x00, 0x00, 0x00, 0x00, 0x00, 0x00, 0x00, 0x00, 0x00, 0x00, 0x00, 0x00 } },
    { 0x21AC, 1, { 0x00, 0x00, 0x00, 0x00, 0x00, 0x00, 0x20, 0x54, 0x52, 0x3F, 0x12, 0x14, 0x00, 0x00, 0x00, 0x00, 0x00, 0x00, 0x00, 0x00, 0x00, 0x00, 0x00, 0x00, 0x00, 0x00, 0x00, 0x00, 0x00, 0x00, 0x00, 0x00 } },
    { 0x21AD, 1, { 0x00, 0x00, 0x00, 0x00, 0x00, 0x00, 0x00, 0x24, 0x5A, 0xE7, 0x42, 0x24, 0x00, 0x00, 0x00, 0x00, 0x00, 0x00, 0x00, 0x00, 0x00, 0x00, 0x00, 0x00, 0x00, 0x00, 0x00, 0x00, 0x00, 0x00, 0x00, 0x00 } },
    { 0x21AE, 1, { 0x00, 0x00, 0x00, 0x00, 0x00, 0x08, 0x08, 0x2C, 0x4A, 0xFF, 0x4A, 0x2C, 0x08, 0x08, 0x00, 0x00, 0x00, 0x00, 0x00, 0x00, 0x00, 0x00, 0x00, 0x00, 0x00, 0x00, 0x00, 0x00, 0x00, 0x00, 0x00, 0x00 } },
    { 0x21AF, 1, { 0x00, 0x00, 0x40, 0x40, 0x40, 0x48, 0x58, 0x68, 0x48, 0x08, 0x08, 0x2A, 0x1C, 0x08, 0x00, 0x00, 0x00, 0x00, 0x00, 0x00, 0x00, 0x00, 0x00, 0x00, 0x00, 0x00, 0x00, 0x00, 0x00, 0x00, 0x00, 0x00 } },
    { 0x21B0, 1, { 0x00, 0x00, 0x00, 0x00, 0x00, 0x00, 0x00, 0x10, 0x20, 0x78, 0x24, 0x14, 0x04, 0x04, 0x04, 0x04, 0x00, 0x00, 0x00, 0x00, 0x00, 0x00, 0x00, 0x00, 0x00, 0x00, 0x00, 0x00, 0x00, 0x00, 0x00, 0x00 } },
    { 0x21B1, 1, { 0x00, 0x00, 0x00, 0x00, 0x00, 0x00, 0x00, 0x08, 0x04, 0x1E, 0x24, 0x28, 0x20, 0x20, 0x20, 0x20, 0x00, 0x00, 0x00, 0x00, 0x00, 0x00, 0x00, 0x00, 0x00, 0x00, 0x00, 0x00, 0x00, 0x00, 0x00, 0x00 } },
    { 0x21B2, 1, { 0x04, 0x04, 0x04, 0x04, 0x04, 0x04, 0x04, 0x14, 0x24, 0x78, 0x20, 0x10, 0x00, 0x00, 0x00, 0x00, 0x00, 0x00, 0x00, 0x00, 0x00, 0x00, 0x00, 0x00, 0x00, 0x00, 0x00, 0x00, 0x00, 0x00, 0x00, 0x00 } },
    { 0x21B3, 1, { 0x20, 0x20, 0x20, 0x20, 0x20, 0x20, 0x20, 0x28, 0x24, 0x1E, 0x04, 0x08, 0x00, 0x00, 0x00, 0x00, 0x00, 0x00, 0x00, 0x00, 0x00, 0x00, 0x00, 0x00, 0x00, 0x00, 0x00, 0x00, 0x00, 0x00, 0x00, 0x00 } },
    { 0x21B4, 1, { 0x00, 0x00, 0x00, 0x00, 0x00, 0x00, 0x00, 0x00, 0x00, 0xFC, 0x04, 0x15, 0x0E, 0x04, 0x00, 0x00, 0x00, 0x00, 0x00, 0x00, 0x00, 0x00, 0x00, 0x00, 0x00, 0x00, 0x00, 0x00, 0x00, 0x00, 0x00, 0x00 } },
    { 0x21B5, 1, { 0x04, 0x04, 0x04, 0x04, 0x04, 0x04, 0x04, 0x14, 0x24, 0x7C, 0x20, 0x10, 0x00, 0x00, 0x00, 0x00, 0x00, 0x00, 0x00, 0x00, 0x00, 0x00, 0x00, 0x00, 0x00, 0x00, 0x00, 0x00, 0x00, 0x00, 0x00, 0x00 } },
    { 0x21B6, 1, { 0x00, 0x00, 0x00, 0x00, 0x00, 0x00, 0x1E, 0x21, 0xA9, 0x71, 0x20, 0x00, 0x00, 0x00, 0x00, 0x00, 0x00, 0x00, 0x00, 0x00, 0x00, 0x00, 0x00, 0x00, 0x00, 0x00, 0x00, 0x00, 0x00, 0x00, 0x00, 0x00 } },
    { 0x21B7, 1, { 0x00, 0x00, 0x00, 0x00, 0x00, 0x00, 0x78, 0x84, 0x95, 0x8E, 0x04, 0x00, 0x00, 0x00, 0x00, 0x00, 0x00, 0x00, 0x00, 0x00, 0x00, 0x00, 0x00, 0x00, 0x00, 0x00, 0x00, 0x00, 0x00, 0x00, 0x00, 0x00 } },
    { 0x21B8, 1, { 0x00, 0x00, 0x00, 0x7E, 0x00, 0x78, 0x60, 0x50, 0x48, 0x04, 0x02, 0x00, 0x00, 0x00, 0x00, 0x00, 0x00, 0x00, 0x00, 0x00, 0x00, 0x00, 0x00, 0x00, 0x00, 0x00, 0x00, 0x00, 0x00, 0x00, 0x00, 0x00 } },
    { 0x21B9, 1, { 0x00, 0x00, 0x00, 0x50, 0x60, 0x7E, 0x60, 0x50, 0x00, 0x0A, 0x06, 0x7E, 0x06, 0x0A, 0x00, 0x00, 0x00, 0x00, 0x00, 0x00, 0x00, 0x00, 0x00, 0x00, 0x00, 0x00, 0x00, 0x00, 0x00, 0x00, 0x00, 0x00 } },
    { 0x21BA, 1, { 0x00, 0x00, 0x00, 0x00, 0x00, 0x00, 0x00, 0x2E, 0x4C, 0x4A, 0x42, 0x42, 0x3C, 0x00, 0x00, 0x00, 0x00, 0x00, 0x00, 0x00, 0x00, 0x00, 0x00, 0x00, 0x00, 0x00, 0x00, 0x00, 0x00, 0x00, 0x00, 0x00 } },
    { 0x21BB, 1, { 0x00, 0x00, 0x00, 0x00, 0x00, 0x00, 0x00, 0x74, 0x32, 0x52, 0x42, 0x42, 0x3C, 0x00, 0x00, 0x00, 0x00, 0x00, 0x00, 0x00, 0x00, 0x00, 0x00, 0x00, 0x00, 0x00, 0x00, 0x00, 0x00, 0x00, 0x00, 0x00 } },
    { 0x21BC, 1, { 0x00, 0x00, 0x00, 0x00, 0x00, 0x00, 0x00, 0x10, 0x20, 0x7F, 0x00, 0x00, 0x00, 0x00, 0x00, 0x00, 0x00, 0x00, 0x00, 0x00, 0x00, 0x00, 0x00, 0x00, 0x00, 0x00, 0x00, 0x00, 0x00, 0x00, 0x00, 0x00 } },
    { 0x21BD, 1, { 0x00, 0x00, 0x00, 0x00, 0x00, 0x00, 0x00, 0x00, 0x00, 0x7F, 0x20, 0x10, 0x00, 0x00, 0x00, 0x00, 0x00, 0x00, 0x00, 0x00, 0x00, 0x00, 0x00, 0x00, 0x00, 0x00, 0x00, 0x00, 0x00, 0x00, 0x00, 0x00 } },
    { 0x21BE, 1, { 0x00, 0x00, 0x08, 0x0C, 0x0A, 0x08, 0x08, 0x08, 0x08, 0x08, 0x08, 0x08, 0x08, 0x08, 0x08, 0x08, 0x00, 0x00, 0x00, 0x00, 0x00, 0x00, 0x00, 0x00, 0x00, 0x00, 0x00, 0x00, 0x00, 0x00, 0x00, 0x00 } },
    { 0x21BF, 1, { 0x00, 0x00, 0x08, 0x18, 0x28, 0x08, 0x08, 0x08, 0x08, 0x08, 0x08, 0x08, 0x08, 0x08, 0x08, 0x08, 0x00, 0x00, 0x00, 0x00, 0x00, 0x00, 0x00, 0x00, 0x00, 0x00, 0x00, 0x00, 0x00, 0x00, 0x00, 0x00 } },
    { 0x21C0, 1, { 0x00, 0x00, 0x00, 0x00, 0x00, 0x00, 0x00, 0x08, 0x04, 0xFE, 0x00, 0x00, 0x00, 0x00, 0x00, 0x00, 0x00, 0x00, 0x00, 0x00, 0x00, 0x00, 0x00, 0x00, 0x00, 0x00, 0x00, 0x00, 0x00, 0x00, 0x00, 0x00 } },
    { 0x21C1, 1, { 0x00, 0x00, 0x00, 0x00, 0x00, 0x00, 0x00, 0x00, 0x00, 0xFE, 0x04, 0x08, 0x00, 0x00, 0x00, 0x00, 0x00, 0x00, 0x00, 0x00, 0x00, 0x00, 0x00, 0x00, 0x00, 0x00, 0x00, 0x00, 0x00, 0x00, 0x00, 0x00 } },
    { 0x21C2, 1, { 0x08, 0x08, 0x08, 0x08, 0x08, 0x08, 0x08, 0x08, 0x08, 0x08, 0x08, 0x0A, 0x0C, 0x08, 0x00, 0x00, 0x00, 0x00, 0x00, 0x00, 0x00, 0x00, 0x00, 0x00, 0x00, 0x00, 0x00, 0x00, 0x00, 0x00, 0x00, 0x00 } },
    { 0x21C3, 1, { 0x08, 0x08, 0x08, 0x08, 0x08, 0x08, 0x08, 0x08, 0x08, 0x08, 0x08, 0x28, 0x18, 0x08, 0x00, 0x00, 0x00, 0x00, 0x00, 0x00, 0x00, 0x00, 0x00, 0x00, 0x00, 0x00, 0x00, 0x00, 0x00, 0x00, 0x00, 0x00 } },
    { 0x21C4, 1, { 0x00, 0x00, 0x00, 0x08, 0x04, 0x7E, 0x04, 0x08, 0x00, 0x10, 0x20, 0x7E, 0x20, 0x10, 0x00, 0x00, 0x00, 0x00, 0x00, 0x00, 0x00, 0x00, 0x00, 0x00, 0x00, 0x00, 0x00, 0x00, 0x00, 0x00, 0x00, 0x00 } },
    { 0x21C5, 1, { 0x00, 0x00, 0x24, 0x74, 0xAC, 0x24, 0x24, 0x24, 0x24, 0x24, 0x24, 0x35, 0x2E, 0x24, 0x00, 0x00, 0x00, 0x00, 0x00, 0x00, 0x00, 0x00, 0x00, 0x00, 0x00, 0x00, 0x00, 0x00, 0x00, 0x00, 0x00, 0x00 } },
    { 0x21C6, 1, { 0x00, 0x00, 0x00, 0x10, 0x20, 0x7E, 0x20, 0x10, 0x00, 0x08, 0x04, 0x7E, 0x04, 0x08, 0x00, 0x00, 0x00, 0x00, 0x00, 0x00, 0x00, 0x00, 0x00, 0x00, 0x00, 0x00, 0x00, 0x00, 0x00, 0x00, 0x00, 0x00 } },
    { 0x21C7, 1, { 0x00, 0x00, 0x00, 0x10, 0x20, 0x7E, 0x20, 0x10, 0x00, 0x10, 0x20, 0x7E, 0x20, 0x10, 0x00, 0x00, 0x00, 0x00, 0x00, 0x00, 0x00, 0x00, 0x00, 0x00, 0x00, 0x00, 0x00, 0x00, 0x00, 0x00, 0x00, 0x00 } },
    { 0x21C8, 1, { 0x00, 0x00, 0x24, 0x7E, 0xA5, 0x24, 0x24, 0x24, 0x24, 0x24, 0x24, 0x24, 0x24, 0x24, 0x00, 0x00, 0x00, 0x00, 0x00, 0x00, 0x00, 0x00, 0x00, 0x00, 0x00, 0x00, 0x00, 0x00, 0x00, 0x00, 0x00, 0x00 } },
    { 0x21C9, 1, { 0x00, 0x00, 0x00, 0x08, 0x04, 0x7E, 0x04, 0x08, 0x00, 0x08, 0x04, 0x7E, 0x04, 0x08, 0x00, 0x00, 0x00, 0x00, 0x00, 0x00, 0x00, 0x00, 0x00, 0x00, 0x00, 0x00, 0x00, 0x00, 0x00, 0x00, 0x00, 0x00 } },
    { 0x21CA, 1, { 0x00, 0x00, 0x24, 0x24, 0x24, 0x24, 0x24, 0x24, 0x24, 0x24, 0x24, 0xA5, 0x7E, 0x24, 0x00, 0x00, 0x00, 0x00, 0x00, 0x00, 0x00, 0x00, 0x00, 0x00, 0x00, 0x00, 0x00, 0x00, 0x00, 0x00, 0x00, 0x00 } },
    { 0x21CB, 1, { 0x00, 0x00, 0x00, 0x00, 0x00, 0x00, 0x10, 0x20, 0x7E, 0x00, 0x7E, 0x04, 0x08, 0x00, 0x00, 0x00, 0x00, 0x00, 0x00, 0x00, 0x00, 0x00, 0x00, 0x00, 0x00, 0x00, 0x00, 0x00, 0x00, 0x00, 0x00, 0x00 } },
    { 0x21CC, 1, { 0x00, 0x00, 0x00, 0x00, 0x00, 0x00, 0x08, 0x04, 0x7E, 0x00, 0x7E, 0x20, 0x10, 0x00, 0x00, 0x00, 0x00, 0x00, 0x00, 0x00, 0x00, 0x00, 0x00, 0x00, 0x00, 0x00, 0x00, 0x00, 0x00, 0x00, 0x00, 0x00 } },
    { 0x21CD, 1, { 0x00, 0x00, 0x00, 0x00, 0x00, 0x08, 0x08, 0x28, 0x7E, 0x88, 0x7E, 0x28, 0x08, 0x08, 0x00, 0x00, 0x00, 0x00, 0x00, 0x00, 0x00, 0x00, 0x00, 0x00, 0x00, 0x00, 0x00, 0x00, 0x00, 0x00, 0x00, 0x00 } },
    { 0x21CE, 1, { 0x00, 0x00, 0x00, 0x00, 0x00, 0x08, 0x08, 0x2C, 0x7E, 0x89, 0x7E, 0x2C, 0x08, 0x08, 0x00, 0x00, 0x00, 0x00, 0x00, 0x00, 0x00, 0x00, 0x00, 0x00, 0x00, 0x00, 0x00, 0x00, 0x00, 0x00, 0x00, 0x00 } },
    { 0x21CF, 1, { 0x00, 0x00, 0x00, 0x00, 0x00, 0x10, 0x10, 0x14, 0x7E, 0x11, 0x7E, 0x14, 0x10, 0x10, 0x00, 0x00, 0x00, 0x00, 0x00, 0x00, 0x00, 0x00, 0x00, 0x00, 0x00, 0x00, 0x00, 0x00, 0x00, 0x00, 0x00, 0x00 } },
    { 0x21D0, 1, { 0x00, 0x00, 0x00, 0x00, 0x00, 0x00, 0x00, 0x10, 0x3E, 0x40, 0x3E, 0x10, 0x00, 0x00, 0x00, 0x00, 0x00, 0x00, 0x00, 0x00, 0x00, 0x00, 0x00, 0x00, 0x00, 0x00, 0x00, 0x00, 0x00, 0x00, 0x00, 0x00 } },
    { 0x21D1, 1, { 0x00, 0x00, 0x08, 0x14, 0x36, 0x14, 0x14, 0x14, 0x14, 0x14, 0x14, 0x14, 0x14, 0x14, 0x00, 0x00, 0x00, 0x00, 0x00, 0x00, 0x00, 0x00, 0x00, 0x00, 0x00, 0x00, 0x00, 0x00, 0x00, 0x00, 0x00, 0x00 } },
    { 0x21D2, 1, { 0x00, 0x00, 0x00, 0x00, 0x00, 0x00, 0x00, 0x08, 0x7C, 0x02, 0x7C, 0x08, 0x00, 0x00, 0x00, 0x00, 0x00, 0x00, 0x00, 0x00, 0x00, 0x00, 0x00, 0x00, 0x00, 0x00, 0x00, 0x00, 0x00, 0x00, 0x00, 0x00 } },
    { 0x21D3, 1, { 0x00, 0x00, 0x14, 0x14, 0x14, 0x14, 0x14, 0x14, 0x14, 0x14, 0x14, 0x36, 0x14, 0x08, 0x00, 0x00, 0x00, 0x00, 0x00, 0x00, 0x00, 0x00, 0x00, 0x00, 0x00, 0x00, 0x00, 0x00, 0x00, 0x00, 0x00, 0x00 } },
    { 0x21D4, 1, { 0x00, 0x00, 0x00, 0x00, 0x00, 0x00, 0x00, 0x24, 0x7E, 0x81, 0x7E, 0x24, 0x00, 0x00, 0x00, 0x00, 0x00, 0x00, 0x00, 0x00, 0x00, 0x00, 0x00, 0x00, 0x00, 0x00, 0x00, 0x00, 0x00, 0x00, 0x00, 0x00 } },
    { 0x21D5, 1, { 0x00, 0x00, 0x08, 0x14, 0x36, 0x14, 0x14, 0x14, 0x14, 0x14, 0x14, 0x36, 0x14, 0x08, 0x00, 0x00, 0x00, 0x00, 0x00, 0x00, 0x00, 0x00, 0x00, 0x00, 0x00, 0x00, 0x00, 0x00, 0x00, 0x00, 0x00, 0x00 } },
    { 0x21D6, 1, { 0x00, 0x00, 0x00, 0x00, 0x00, 0x78, 0x50, 0x68, 0x54, 0x0A, 0x04, 0x00, 0x00, 0x00, 0x00, 0x00, 0x00, 0x00, 0x00, 0x00, 0x00, 0x00, 0x00, 0x00, 0x00, 0x00, 0x00, 0x00, 0x00, 0x00, 0x00, 0x00 } },
    { 0x21D7, 1, { 0x00, 0x00, 0x00, 0x00, 0x00, 0x1E, 0x0A, 0x16, 0x2A, 0x50, 0x20, 0x00, 0x00, 0x00, 0x00, 0x00, 0x00, 0x00, 0x00, 0x00, 0x00, 0x00, 0x00, 0x00, 0x00, 0x00, 0x00, 0x00, 0x00, 0x00, 0x00, 0x00 } },
    { 0x21D8, 1, { 0x00, 0x00, 0x00, 0x00, 0x00, 0x20, 0x50, 0x2A, 0x16, 0x0A, 0x1E, 0x00, 0x00, 0x00, 0x00, 0x00, 0x00, 0x00, 0x00, 0x00, 0x00, 0x00, 0x00, 0x00, 0x00, 0x00, 0x00, 0x00, 0x00, 0x00, 0x00, 0x00 } },
    { 0x21D9, 1, { 0x00, 0x00, 0x00, 0x00, 0x00, 0x04, 0x0A, 0x54, 0x68, 0x50, 0x78, 0x00, 0x00, 0x00, 0x00, 0x00, 0x00, 0x00, 0x00, 0x00, 0x00, 0x00, 0x00, 0x00, 0x00, 0x00, 0x00, 0x00, 0x00, 0x00, 0x00, 0x00 } },
    { 0x21DA, 1, { 0x00, 0x00, 0x00, 0x00, 0x00, 0x00, 0x10, 0x3E, 0x40, 0xFE, 0x40, 0x3E, 0x10, 0x00, 0x00, 0x00, 0x00, 0x00, 0x00, 0x00, 0x00, 0x00, 0x00, 0x00, 0x00, 0x00, 0x00, 0x00, 0x00, 0x00, 0x00, 0x00 } },
    { 0x21DB, 1, { 0x00, 0x00, 0x00, 0x00, 0x00, 0x00, 0x08, 0x7C, 0x02, 0x7F, 0x02, 0x7C, 0x08, 0x00, 0x00, 0x00, 0x00, 0x00, 0x00, 0x00, 0x00, 0x00, 0x00, 0x00, 0x00, 0x00, 0x00, 0x00, 0x00, 0x00, 0x00, 0x00 } },
    { 0x21DC, 1, { 0x00, 0x00, 0x00, 0x00, 0x00, 0x00, 0x00, 0x20, 0x42, 0xF5, 0x48, 0x20, 0x00, 0x00, 0x00, 0x00, 0x00, 0x00, 0x00, 0x00, 0x00, 0x00, 0x00, 0x00, 0x00, 0x00, 0x00, 0x00, 0x00, 0x00, 0x00, 0x00 } },
    { 0x21DD, 1, { 0x00, 0x00, 0x00, 0x00, 0x00, 0x00, 0x00, 0x04, 0x42, 0xAF, 0x12, 0x04, 0x00, 0x00, 0x00, 0x00, 0x00, 0x00, 0x00, 0x00, 0x00, 0x00, 0x00, 0x00, 0x00, 0x00, 0x00, 0x00, 0x00, 0x00, 0x00, 0x00 } },
    { 0x21DE, 1, { 0x00, 0x00, 0x08, 0x1C, 0x2A, 0x08, 0x08, 0x08, 0x3E, 0x08, 0x3E, 0x08, 0x08, 0x08, 0x08, 0x08, 0x00, 0x00, 0x00, 0x00, 0x00, 0x00, 0x00, 0x00, 0x00, 0x00, 0x00, 0x00, 0x00, 0x00, 0x00, 0x00 } },
    { 0x21DF, 1, { 0x08, 0x08, 0x08, 0x08, 0x08, 0x3E, 0x08, 0x3E, 0x08, 0x08, 0x08, 0x2A, 0x1C, 0x08, 0x00, 0x00, 0x00, 0x00, 0x00, 0x00, 0x00, 0x00, 0x00, 0x00, 0x00, 0x00, 0x00, 0x00, 0x00, 0x00, 0x00, 0x00 } },
    { 0x21E0, 1, { 0x00, 0x00, 0x00, 0x00, 0x00, 0x00, 0x00, 0x10, 0x20, 0x77, 0x20, 0x10, 0x00, 0x00, 0x00, 0x00, 0x00, 0x00, 0x00, 0x00, 0x00, 0x00, 0x00, 0x00, 0x00, 0x00, 0x00, 0x00, 0x00, 0x00, 0x00, 0x00 } },
    { 0x21E1, 1, { 0x00, 0x00, 0x08, 0x1C, 0x2A, 0x08, 0x08, 0x00, 0x08, 0x08, 0x08, 0x08, 0x00, 0x08, 0x08, 0x08, 0x00, 0x00, 0x00, 0x00, 0x00, 0x00, 0x00, 0x00, 0x00, 0x00, 0x00, 0x00, 0x00, 0x00, 0x00, 0x00 } },
    { 0x21E2, 1, { 0x00, 0x00, 0x00, 0x00, 0x00, 0x00, 0x00, 0x04, 0x02, 0xEF, 0x02, 0x04, 0x00, 0x00, 0x00, 0x00, 0x00, 0x00, 0x00, 0x00, 0x00, 0x00, 0x00, 0x00, 0x00, 0x00, 0x00, 0x00, 0x00, 0x00, 0x00, 0x00 } },
    { 0x21E3, 1, { 0x08, 0x08, 0x08, 0x00, 0x08, 0x08, 0x08, 0x08, 0x00, 0x08, 0x08, 0x2A, 0x1C, 0x08, 0x00, 0x00, 0x00, 0x00, 0x00, 0x00, 0x00, 0x00, 0x00, 0x00, 0x00, 0x00, 0x00, 0x00, 0x00, 0x00, 0x00, 0x00 } },
    { 0x21E4, 1, { 0x00, 0x00, 0x00, 0x00, 0x00, 0x00, 0x00, 0x50, 0x60, 0x7F, 0x60, 0x50, 0x00, 0x00, 0x00, 0x00, 0x00, 0x00, 0x00, 0x00, 0x00, 0x00, 0x00, 0x00, 0x00, 0x00, 0x00, 0x00, 0x00, 0x00, 0x00, 0x00 } },
    { 0x21E5, 1, { 0x00, 0x00, 0x00, 0x00, 0x00, 0x00, 0x00, 0x0A, 0x06, 0xFE, 0x06, 0x0A, 0x00, 0x00, 0x00, 0x00, 0x00, 0x00, 0x00, 0x00, 0x00, 0x00, 0x00, 0x00, 0x00, 0x00, 0x00, 0x00, 0x00, 0x00, 0x00, 0x00 } },
    { 0x21E6, 1, { 0x00, 0x00, 0x00, 0x00, 0x00, 0x00, 0x10, 0x30, 0x5F, 0x81, 0x5F, 0x30, 0x10, 0x00, 0x00, 0x00, 0x00, 0x00, 0x00, 0x00, 0x00, 0x00, 0x00, 0x00, 0x00, 0x00, 0x00, 0x00, 0x00, 0x00, 0x00, 0x00 } },
    { 0x21E7, 1, { 0x00, 0x00, 0x08, 0x14, 0x22, 0x77, 0x14, 0x14, 0x14, 0x14, 0x14, 0x14, 0x14, 0x1C, 0x00, 0x00, 0x00, 0x00, 0x00, 0x00, 0x00, 0x00, 0x00, 0x00, 0x00, 0x00, 0x00, 0x00, 0x00, 0x00, 0x00, 0x00 } },
    { 0x21E8, 1, { 0x00, 0x00, 0x00, 0x00, 0x00, 0x00, 0x08, 0x0C, 0xFA, 0x81, 0xFA, 0x0C, 0x08, 0x00, 0x00, 0x00, 0x00, 0x00, 0x00, 0x00, 0x00, 0x00, 0x00, 0x00, 0x00, 0x00, 0x00, 0x00, 0x00, 0x00, 0x00, 0x00 } },
    { 0x21E9, 1, { 0x00, 0x00, 0x1C, 0x14, 0x14, 0x14, 0x14, 0x14, 0x14, 0x14, 0x77, 0x22, 0x14, 0x08, 0x00, 0x00, 0x00, 0x00, 0x00, 0x00, 0x00, 0x00, 0x00, 0x00, 0x00, 0x00, 0x00, 0x00, 0x00, 0x00, 0x00, 0x00 } },
    { 0x21EA, 1, { 0x00, 0x00, 0x08, 0x14, 0x22, 0x77, 0x14, 0x14, 0x14, 0x1C, 0x00, 0x1C, 0x14, 0x1C, 0x00, 0x00, 0x00, 0x00, 0x00, 0x00, 0x00, 0x00, 0x00, 0x00, 0x00, 0x00, 0x00, 0x00, 0x00, 0x00, 0x00, 0x00 } },
    { 0x21EB, 1, { 0x00, 0x00, 0x08, 0x14, 0x22, 0x63, 0x22, 0x22, 0x22, 0x22, 0x22, 0x63, 0x41, 0x7F, 0x00, 0x00, 0x00, 0x00, 0x00, 0x00, 0x00, 0x00, 0x00, 0x00, 0x00, 0x00, 0x00, 0x00, 0x00, 0x00, 0x00, 0x00 } },
    { 0x21EC, 1, { 0x00, 0x00, 0x08, 0x14, 0x3E, 0x63, 0x22, 0x22, 0x22, 0x22, 0x22, 0x63, 0x41, 0x7F, 0x00, 0x00, 0x00, 0x00, 0x00, 0x00, 0x00, 0x00, 0x00, 0x00, 0x00, 0x00, 0x00, 0x00, 0x00, 0x00, 0x00, 0x00 } },
    { 0x21ED, 1, { 0x00, 0x00, 0x08, 0x1C, 0x2A, 0x6B, 0x2A, 0x2A, 0x2A, 0x2A, 0x2A, 0x6B, 0x49, 0x7F, 0x00, 0x00, 0x00, 0x00, 0x00, 0x00, 0x00, 0x00, 0x00, 0x00, 0x00, 0x00, 0x00, 0x00, 0x00, 0x00, 0x00, 0x00 } },
    { 0x21EE, 1, { 0x00, 0x08, 0x14, 0x2A, 0x77, 0x22, 0x63, 0x22, 0x22, 0x22, 0x22, 0x22, 0x22, 0x3E, 0x00, 0x00, 0x00, 0x00, 0x00, 0x00, 0x00, 0x00, 0x00, 0x00, 0x00, 0x00, 0x00, 0x00, 0x00, 0x00, 0x00, 0x00 } },
    { 0x21EF, 1, { 0x00, 0x08, 0x14, 0x2A, 0x77, 0x22, 0x63, 0x22, 0x22, 0x22, 0x22, 0x63, 0x41, 0x7F, 0x00, 0x00, 0x00, 0x00, 0x00, 0x00, 0x00, 0x00, 0x00, 0x00, 0x00, 0x00, 0x00, 0x00, 0x00, 0x00, 0x00, 0x00 } },
    { 0x21F0, 1, { 0x00, 0x00, 0x00, 0x00, 0x00, 0x00, 0x08, 0x6C, 0x7A, 0x41, 0x7A, 0x6C, 0x08, 0x00, 0x00, 0x00, 0x00, 0x00, 0x00, 0x00, 0x00, 0x00, 0x00, 0x00, 0x00, 0x00, 0x00, 0x00, 0x00, 0x00, 0x00, 0x00 } },
    { 0x21F1, 1, { 0x00, 0x00, 0x00, 0x00, 0x00, 0x7F, 0x40, 0x5C, 0x58, 0x54, 0x42, 0x41, 0x40, 0x40, 0x00, 0x00, 0x00, 0x00, 0x00, 0x00, 0x00, 0x00, 0x00, 0x00, 0x00, 0x00, 0x00, 0x00, 0x00, 0x00, 0x00, 0x00 } },
    { 0x21F2, 1, { 0x00, 0x00, 0x00, 0x00, 0x00, 0x01, 0x01, 0x41, 0x21, 0x15, 0x0D, 0x1D, 0x01, 0x7F, 0x00, 0x00, 0x00, 0x00, 0x00, 0x00, 0x00, 0x00, 0x00, 0x00, 0x00, 0x00, 0x00, 0x00, 0x00, 0x00, 0x00, 0x00 } },
    { 0x21F3, 1, { 0x00, 0x00, 0x08, 0x14, 0x36, 0x14, 0x14, 0x14, 0x14, 0x14, 0x14, 0x36, 0x14, 0x08, 0x00, 0x00, 0x00, 0x00, 0x00, 0x00, 0x00, 0x00, 0x00, 0x00, 0x00, 0x00, 0x00, 0x00, 0x00, 0x00, 0x00, 0x00 } },
    { 0x21F4, 2, { 0x00, 0x00, 0x00, 0x00, 0x00, 0x00, 0x00, 0x00, 0x00, 0x00, 0x00, 0x00, 0x00, 0x00, 0x07, 0x08, 0x08, 0x84, 0xFF, 0xFE, 0x08, 0x84, 0x07, 0x08, 0x00, 0x00, 0x00, 0x00, 0x00, 0x00, 0x00, 0x00 } },
    { 0x21F5, 1, { 0x00, 0x00, 0x24, 0x2E, 0x35, 0x24, 0x24, 0x24, 0x24, 0x24, 0x24, 0xAC, 0x74, 0x24, 0x00, 0x00, 0x00, 0x00, 0x00, 0x00, 0x00, 0x00, 0x00, 0x00, 0x00, 0x00, 0x00, 0x00, 0x00, 0x00, 0x00, 0x00 } },
    { 0x21F6, 1, { 0x00, 0x00, 0x00, 0x04, 0x02, 0xFF, 0x02, 0x04, 0x02, 0xFF, 0x02, 0x04, 0x02, 0xFF, 0x02, 0x04, 0x00, 0x00, 0x00, 0x00, 0x00, 0x00, 0x00, 0x00, 0x00, 0x00, 0x00, 0x00, 0x00, 0x00, 0x00, 0x00 } },
    { 0x21F7, 1, { 0x00, 0x00, 0x00, 0x00, 0x00, 0x00, 0x00, 0x24, 0x44, 0xFF, 0x44, 0x24, 0x00, 0x00, 0x00, 0x00, 0x00, 0x00, 0x00, 0x00, 0x00, 0x00, 0x00, 0x00, 0x00, 0x00, 0x00, 0x00, 0x00, 0x00, 0x00, 0x00 } },
    { 0x21F8, 1, { 0x00, 0x00, 0x00, 0x00, 0x00, 0x00, 0x00, 0x24, 0x22, 0xFF, 0x22, 0x24, 0x00, 0x00, 0x00, 0x00, 0x00, 0x00, 0x00, 0x00, 0x00, 0x00, 0x00, 0x00, 0x00, 0x00, 0x00, 0x00, 0x00, 0x00, 0x00, 0x00 } },
    { 0x21F9, 2, { 0x00, 0x00, 0x00, 0x00, 0x00, 0x00, 0x00, 0x00, 0x00, 0x00, 0x00, 0x00, 0x00, 0x00, 0x09, 0x20, 0x11, 0x10, 0x3F, 0xF8, 0x11, 0x10, 0x09, 0x20, 0x00, 0x00, 0x00, 0x00, 0x00, 0x00, 0x00, 0x00 } },
    { 0x21FA, 2, { 0x00, 0x00, 0x00, 0x00, 0x00, 0x00, 0x00, 0x00, 0x00, 0x00, 0x00, 0x00, 0x00, 0x00, 0x11, 0x40, 0x21, 0x40, 0x7F, 0xFF, 0x21, 0x40, 0x11, 0x40, 0x00, 0x00, 0x00, 0x00, 0x00, 0x00, 0x00, 0x00 } },
    { 0x21FB, 2, { 0x00, 0x00, 0x00, 0x00, 0x00, 0x00, 0x00, 0x00, 0x00, 0x00, 0x00, 0x00, 0x00, 0x00, 0x02, 0x88, 0x02, 0x84, 0xFF, 0xFE, 0x02, 0x84, 0x02, 0x88, 0x00, 0x00, 0x00, 0x00, 0x00, 0x00, 0x00, 0x00 } },
    { 0x21FC, 2, { 0x00, 0x00, 0x00, 0x00, 0x00, 0x00, 0x00, 0x00, 0x00, 0x00, 0x00, 0x00, 0x00, 0x00, 0x12, 0x90, 0x22, 0x88, 0x7F, 0xFC, 0x22, 0x88, 0x12, 0x90, 0x00, 0x00, 0x00, 0x00, 0x00, 0x00, 0x00, 0x00 } },
    { 0x21FD, 1, { 0x00, 0x00, 0x00, 0x00, 0x00, 0x00, 0x00, 0x20, 0x60, 0xBF, 0x60, 0x20, 0x00, 0x00, 0x00, 0x00, 0x00, 0x00, 0x00, 0x00, 0x00, 0x00, 0x00, 0x00, 0x00, 0x00, 0x00, 0x00, 0x00, 0x00, 0x00, 0x00 } },
    { 0x21FE, 1, { 0x00, 0x00, 0x00, 0x00, 0x00, 0x00, 0x00, 0x04, 0x06, 0xFD, 0x06, 0x04, 0x00, 0x00, 0x00, 0x00, 0x00, 0x00, 0x00, 0x00, 0x00, 0x00, 0x00, 0x00, 0x00, 0x00, 0x00, 0x00, 0x00, 0x00, 0x00, 0x00 } },
    { 0x21FF, 2, { 0x00, 0x00, 0x00, 0x00, 0x00, 0x00, 0x00, 0x00, 0x00, 0x00, 0x00, 0x00, 0x00, 0x00, 0x08, 0x10, 0x18, 0x18, 0x2F, 0xF4, 0x18, 0x18, 0x08, 0x10, 0x00, 0x00, 0x00, 0x00, 0x00, 0x00, 0x00, 0x00 } },
    { 0x2200, 1, { 0x00, 0x00, 0x00, 0x00, 0x41, 0x41, 0x3E, 0x22, 0x22, 0x14, 0x14, 0x14, 0x08, 0x08, 0x00, 0x00, 0x00, 0x00, 0x00, 0x00, 0x00, 0x00, 0x00, 0x00, 0x00, 0x00, 0x00, 0x00, 0x00, 0x00, 0x00, 0x00 } },
    { 0x2201, 1, { 0x00, 0x00, 0x00, 0x00, 0x18, 0x24, 0x24, 0x20, 0x20, 0x20, 0x20, 0x24, 0x24, 0x18, 0x00, 0x00, 0x00, 0x00, 0x00, 0x00, 0x00, 0x00, 0x00, 0x00, 0x00, 0x00, 0x00, 0x00, 0x00, 0x00, 0x00, 0x00 } },
    { 0x2202, 1, { 0x00, 0x00, 0x00, 0x00, 0x1C, 0x22, 0x02, 0x02, 0x1E, 0x22, 0x42, 0x44, 0x44, 0x38, 0x00, 0x00, 0x00, 0x00, 0x00, 0x00, 0x00, 0x00, 0x00, 0x00, 0x00, 0x00, 0x00, 0x00, 0x00, 0x00, 0x00, 0x00 } },
    { 0x2203, 1, { 0x00, 0x00, 0x00, 0x00, 0x7E, 0x02, 0x02, 0x02, 0x7E, 0x02, 0x02, 0x02, 0x02, 0x7E, 0x00, 0x00, 0x00, 0x00, 0x00, 0x00, 0x00, 0x00, 0x00, 0x00, 0x00, 0x00, 0x00, 0x00, 0x00, 0x00, 0x00, 0x00 } },
    { 0x2204, 1, { 0x00, 0x00, 0x04, 0x04, 0x7E, 0x0A, 0x0A, 0x12, 0x7E, 0x12, 0x22, 0x22, 0x22, 0x7E, 0x40, 0x40, 0x00, 0x00, 0x00, 0x00, 0x00, 0x00, 0x00, 0x00, 0x00, 0x00, 0x00, 0x00, 0x00, 0x00, 0x00, 0x00 } },
    { 0x2205, 1, { 0x00, 0x00, 0x00, 0x00, 0x00, 0x00, 0x00, 0x1D, 0x22, 0x45, 0x49, 0x51, 0x22, 0x5C, 0x00, 0x00, 0x00, 0x00, 0x00, 0x00, 0x00, 0x00, 0x00, 0x00, 0x00, 0x00, 0x00, 0x00, 0x00, 0x00, 0x00, 0x00 } },
    { 0x2206, 1, { 0x00, 0x00, 0x00, 0x00, 0x08, 0x08, 0x14, 0x14, 0x14, 0x22, 0x22, 0x22, 0x41, 0x7F, 0x00, 0x00, 0x00, 0x00, 0x00, 0x00, 0x00, 0x00, 0x00, 0x00, 0x00, 0x00, 0x00, 0x00, 0x00, 0x00, 0x00, 0x00 } },
    { 0x2207, 1, { 0x00, 0x00, 0x00, 0x00, 0x7F, 0x41, 0x22, 0x22, 0x22, 0x14, 0x14, 0x14, 0x08, 0x08, 0x00, 0x00, 0x00, 0x00, 0x00, 0x00, 0x00, 0x00, 0x00, 0x00, 0x00, 0x00, 0x00, 0x00, 0x00, 0x00, 0x00, 0x00 } },
    { 0x2208, 1, { 0x00, 0x00, 0x00, 0x00, 0x00, 0x00, 0x00, 0x3E, 0x40, 0x40, 0x7E, 0x40, 0x40, 0x3E, 0x00, 0x00, 0x00, 0x00, 0x00, 0x00, 0x00, 0x00, 0x00, 0x00, 0x00, 0x00, 0x00, 0x00, 0x00, 0x00, 0x00, 0x00 } },
    { 0x2209, 1, { 0x00, 0x00, 0x00, 0x00, 0x00, 0x04, 0x04, 0x3E, 0x48, 0x48, 0x7E, 0x50, 0x50, 0x3E, 0x20, 0x20, 0x00, 0x00, 0x00, 0x00, 0x00, 0x00, 0x00, 0x00, 0x00, 0x00, 0x00, 0x00, 0x00, 0x00, 0x00, 0x00 } },
    { 0x220A, 1, { 0x00, 0x00, 0x00, 0x00, 0x00, 0x00, 0x00, 0x00, 0x00, 0x3E, 0x40, 0x7E, 0x40, 0x3E, 0x00, 0x00, 0x00, 0x00, 0x00, 0x00, 0x00, 0x00, 0x00, 0x00, 0x00, 0x00, 0x00, 0x00, 0x00, 0x00, 0x00, 0x00 } },
    { 0x220B, 1, { 0x00, 0x00, 0x00, 0x00, 0x00, 0x00, 0x00, 0x7C, 0x02, 0x02, 0x7E, 0x02, 0x02, 0x7C, 0x00, 0x00, 0x00, 0x00, 0x00, 0x00, 0x00, 0x00, 0x00, 0x00, 0x00, 0x00, 0x00, 0x00, 0x00, 0x00, 0x00, 0x00 } },
    { 0x220C, 1, { 0x00, 0x00, 0x00, 0x00, 0x00, 0x04, 0x04, 0x7C, 0x0A, 0x0A, 0x7E, 0x12, 0x12, 0x7C, 0x20, 0x20, 0x00, 0x00, 0x00, 0x00, 0x00, 0x00, 0x00, 0x00, 0x00, 0x00, 0x00, 0x00, 0x00, 0x00, 0x00, 0x00 } },
    { 0x220D, 1, { 0x00, 0x00, 0x00, 0x00, 0x00, 0x00, 0x00, 0x00, 0x00, 0x7C, 0x02, 0x7E, 0x02, 0x7C, 0x00, 0x00, 0x00, 0x00, 0x00, 0x00, 0x00, 0x00, 0x00, 0x00, 0x00, 0x00, 0x00, 0x00, 0x00, 0x00, 0x00, 0x00 } },
    { 0x220E, 1, { 0x00, 0x00, 0x00, 0x00, 0x7E, 0x7E, 0x7E, 0x7E, 0x7E, 0x7E, 0x7E, 0x7E, 0x7E, 0x7E, 0x00, 0x00, 0x00, 0x00, 0x00, 0x00, 0x00, 0x00, 0x00, 0x00, 0x00, 0x00, 0x00, 0x00, 0x00, 0x00, 0x00, 0x00 } },
    { 0x220F, 1, { 0x00, 0x00, 0x00, 0x00, 0x7F, 0x22, 0x22, 0x22, 0x22, 0x22, 0x22, 0x22, 0x22, 0x22, 0x77, 0x00, 0x00, 0x00, 0x00, 0x00, 0x00, 0x00, 0x00, 0x00, 0x00, 0x00, 0x00, 0x00, 0x00, 0x00, 0x00, 0x00 } },
    { 0x2210, 1, { 0x00, 0x00, 0x00, 0x00, 0x77, 0x22, 0x22, 0x22, 0x22, 0x22, 0x22, 0x22, 0x22, 0x22, 0x7F, 0x00, 0x00, 0x00, 0x00, 0x00, 0x00, 0x00, 0x00, 0x00, 0x00, 0x00, 0x00, 0x00, 0x00, 0x00, 0x00, 0x00 } },
    { 0x2211, 1, { 0x00, 0x00, 0x00, 0x00, 0x7E, 0x42, 0x20, 0x10, 0x08, 0x04, 0x08, 0x10, 0x20, 0x42, 0x7E, 0x00, 0x00, 0x00, 0x00, 0x00, 0x00, 0x00, 0x00, 0x00, 0x00, 0x00, 0x00, 0x00, 0x00, 0x00, 0x00, 0x00 } },
    { 0x2212, 1, { 0x00, 0x00, 0x00, 0x00, 0x00, 0x00, 0x00, 0x00, 0x00, 0x7E, 0x00, 0x00, 0x00, 0x00, 0x00, 0x00, 0x00, 0x00, 0x00, 0x00, 0x00, 0x00, 0x00, 0x00, 0x00, 0x00, 0x00, 0x00, 0x00, 0x00, 0x00, 0x00 } },
    { 0x2213, 1, { 0x00, 0x00, 0x00, 0x00, 0x7F, 0x00, 0x08, 0x08, 0x08, 0x7F, 0x08, 0x08, 0x08, 0x00, 0x00, 0x00, 0x00, 0x00, 0x00, 0x00, 0x00, 0x00, 0x00, 0x00, 0x00, 0x00, 0x00, 0x00, 0x00, 0x00, 0x00, 0x00 } },
    { 0x2214, 1, { 0x00, 0x00, 0x08, 0x1C, 0x08, 0x00, 0x08, 0x08, 0x08, 0x7F, 0x08, 0x08, 0x08, 0x00, 0x00, 0x00, 0x00, 0x00, 0x00, 0x00, 0x00, 0x00, 0x00, 0x00, 0x00, 0x00, 0x00, 0x00, 0x00, 0x00, 0x00, 0x00 } },
    { 0x2215, 1, { 0x00, 0x00, 0x00, 0x00, 0x02, 0x04, 0x04, 0x08, 0x08, 0x10, 0x10, 0x20, 0x20, 0x40, 0x00, 0x00, 0x00, 0x00, 0x00, 0x00, 0x00, 0x00, 0x00, 0x00, 0x00, 0x00, 0x00, 0x00, 0x00, 0x00, 0x00, 0x00 } },
    { 0x2216, 1, { 0x00, 0x00, 0x00, 0x00, 0x40, 0x20, 0x20, 0x10, 0x10, 0x08, 0x08, 0x04, 0x04, 0x02, 0x00, 0x00, 0x00, 0x00, 0x00, 0x00, 0x00, 0x00, 0x00, 0x00, 0x00, 0x00, 0x00, 0x00, 0x00, 0x00, 0x00, 0x00 } },
    { 0x2217, 1, { 0x00, 0x00, 0x00, 0x00, 0x00, 0x00, 0x08, 0x2A, 0x1C, 0x08, 0x1C, 0x2A, 0x08, 0x00, 0x00, 0x00, 0x00, 0x00, 0x00, 0x00, 0x00, 0x00, 0x00, 0x00, 0x00, 0x00, 0x00, 0x00, 0x00, 0x00, 0x00, 0x00 } },
    { 0x2218, 1, { 0x00, 0x00, 0x00, 0x00, 0x00, 0x00, 0x00, 0x00, 0x18, 0x24, 0x24, 0x18, 0x00, 0x00, 0x00, 0x00, 0x00, 0x00, 0x00, 0x00, 0x00, 0x00, 0x00, 0x00, 0x00, 0x00, 0x00, 0x00, 0x00, 0x00, 0x00, 0x00 } },
    { 0x2219, 1, { 0x00, 0x00, 0x00, 0x00, 0x00, 0x00, 0x00, 0x00, 0x18, 0x3C, 0x3C, 0x18, 0x00, 0x00, 0x00, 0x00, 0x00, 0x00, 0x00, 0x00, 0x00, 0x00, 0x00, 0x00, 0x00, 0x00, 0x00, 0x00, 0x00, 0x00, 0x00, 0x00 } },
    { 0x221A, 1, { 0x00, 0x00, 0x07, 0x04, 0x04, 0x04, 0x04, 0x04, 0x74, 0x14, 0x14, 0x0C, 0x0C, 0x04, 0x04, 0x00, 0x00, 0x00, 0x00, 0x00, 0x00, 0x00, 0x00, 0x00, 0x00, 0x00, 0x00, 0x00, 0x00, 0x00, 0x00, 0x00 } },
    { 0x221B, 1, { 0x00, 0x00, 0x67, 0x14, 0x64, 0x14, 0x64, 0x04, 0x74, 0x14, 0x14, 0x0C, 0x0C, 0x04, 0x04, 0x00, 0x00, 0x00, 0x00, 0x00, 0x00, 0x00, 0x00, 0x00, 0x00, 0x00, 0x00, 0x00, 0x00, 0x00, 0x00, 0x00 } },
    { 0x221C, 1, { 0x00, 0x00, 0x57, 0x54, 0x74, 0x14, 0x14, 0x04, 0x74, 0x14, 0x14, 0x0C, 0x0C, 0x04, 0x04, 0x00, 0x00, 0x00, 0x00, 0x00, 0x00, 0x00, 0x00, 0x00, 0x00, 0x00, 0x00, 0x00, 0x00, 0x00, 0x00, 0x00 } },
    { 0x221D, 1, { 0x00, 0x00, 0x00, 0x00, 0x00, 0x00, 0x00, 0x36, 0x48, 0x48, 0x36, 0x00, 0x00, 0x00, 0x00, 0x00, 0x00, 0x00, 0x00, 0x00, 0x00, 0x00, 0x00, 0x00, 0x00, 0x00, 0x00, 0x00, 0x00, 0x00, 0x00, 0x00 } },
    { 0x221E, 1, { 0x00, 0x00, 0x00, 0x00, 0x00, 0x00, 0x00, 0x36, 0x49, 0x49, 0x36, 0x00, 0x00, 0x00, 0x00, 0x00, 0x00, 0x00, 0x00, 0x00, 0x00, 0x00, 0x00, 0x00, 0x00, 0x00, 0x00, 0x00, 0x00, 0x00, 0x00, 0x00 } },
    { 0x221F, 1, { 0x00, 0x00, 0x00, 0x00, 0x00, 0x00, 0x00, 0x40, 0x40, 0x40, 0x40, 0x40, 0x40, 0x7E, 0x00, 0x00, 0x00, 0x00, 0x00, 0x00, 0x00, 0x00, 0x00, 0x00, 0x00, 0x00, 0x00, 0x00, 0x00, 0x00, 0x00, 0x00 } },
    { 0x2220, 1, { 0x00, 0x00, 0x00, 0x00, 0x00, 0x00, 0x00, 0x00, 0x02, 0x04, 0x08, 0x10, 0x20, 0x7E, 0x00, 0x00, 0x00, 0x00, 0x00, 0x00, 0x00, 0x00, 0x00, 0x00, 0x00, 0x00, 0x00, 0x00, 0x00, 0x00, 0x00, 0x00 } },
    { 0x2221, 1, { 0x00, 0x00, 0x00, 0x00, 0x00, 0x00, 0x00, 0x00, 0x02, 0x14, 0x08, 0x14, 0x24, 0x7E, 0x04, 0x00, 0x00, 0x00, 0x00, 0x00, 0x00, 0x00, 0x00, 0x00, 0x00, 0x00, 0x00, 0x00, 0x00, 0x00, 0x00, 0x00 } },
    { 0x2222, 1, { 0x00, 0x00, 0x00, 0x00, 0x00, 0x00, 0x00, 0x0A, 0x0C, 0x14, 0x64, 0x14, 0x0C, 0x0A, 0x00, 0x00, 0x00, 0x00, 0x00, 0x00, 0x00, 0x00, 0x00, 0x00, 0x00, 0x00, 0x00, 0x00, 0x00, 0x00, 0x00, 0x00 } },
    { 0x2223, 1, { 0x00, 0x00, 0x00, 0x00, 0x18, 0x18, 0x18, 0x18, 0x18, 0x18, 0x18, 0x18, 0x18, 0x18, 0x00, 0x00, 0x00, 0x00, 0x00, 0x00, 0x00, 0x00, 0x00, 0x00, 0x00, 0x00, 0x00, 0x00, 0x00, 0x00, 0x00, 0x00 } },
    { 0x2224, 1, { 0x00, 0x00, 0x00, 0x00, 0x18, 0x18, 0x1A, 0x1C, 0x18, 0x18, 0x38, 0x58, 0x18, 0x18, 0x00, 0x00, 0x00, 0x00, 0x00, 0x00, 0x00, 0x00, 0x00, 0x00, 0x00, 0x00, 0x00, 0x00, 0x00, 0x00, 0x00, 0x00 } },
    { 0x2225, 1, { 0x00, 0x00, 0x00, 0x00, 0x24, 0x24, 0x24, 0x24, 0x24, 0x24, 0x24, 0x24, 0x24, 0x24, 0x00, 0x00, 0x00, 0x00, 0x00, 0x00, 0x00, 0x00, 0x00, 0x00, 0x00, 0x00, 0x00, 0x00, 0x00, 0x00, 0x00, 0x00 } },
    { 0x2226, 1, { 0x00, 0x00, 0x00, 0x00, 0x24, 0x24, 0x26, 0x24, 0x2C, 0x34, 0x24, 0x64, 0x24, 0x24, 0x00, 0x00, 0x00, 0x00, 0x00, 0x00, 0x00, 0x00, 0x00, 0x00, 0x00, 0x00, 0x00, 0x00, 0x00, 0x00, 0x00, 0x00 } },
    { 0x2227, 1, { 0x00, 0x00, 0x00, 0x00, 0x00, 0x00, 0x08, 0x08, 0x14, 0x14, 0x22, 0x22, 0x41, 0x41, 0x00, 0x00, 0x00, 0x00, 0x00, 0x00, 0x00, 0x00, 0x00, 0x00, 0x00, 0x00, 0x00, 0x00, 0x00, 0x00, 0x00, 0x00 } },
    { 0x2228, 1, { 0x00, 0x00, 0x00, 0x00, 0x00, 0x00, 0x41, 0x41, 0x22, 0x22, 0x14, 0x14, 0x08, 0x08, 0x00, 0x00, 0x00, 0x00, 0x00, 0x00, 0x00, 0x00, 0x00, 0x00, 0x00, 0x00, 0x00, 0x00, 0x00, 0x00, 0x00, 0x00 } },
    { 0x2229, 1, { 0x00, 0x00, 0x00, 0x00, 0x00, 0x00, 0x3C, 0x42, 0x42, 0x42, 0x42, 0x42, 0x42, 0x42, 0x00, 0x00, 0x00, 0x00, 0x00, 0x00, 0x00, 0x00, 0x00, 0x00, 0x00, 0x00, 0x00, 0x00, 0x00, 0x00, 0x00, 0x00 } },
    { 0x222A, 1, { 0x00, 0x00, 0x00, 0x00, 0x00, 0x00, 0x42, 0x42, 0x42, 0x42, 0x42, 0x42, 0x42, 0x3C, 0x00, 0x00, 0x00, 0x00, 0x00, 0x00, 0x00, 0x00, 0x00, 0x00, 0x00, 0x00, 0x00, 0x00, 0x00, 0x00, 0x00, 0x00 } },
    { 0x222B, 1, { 0x00, 0x06, 0x0A, 0x08, 0x08, 0x08, 0x08, 0x08, 0x08, 0x08, 0x08, 0x08, 0x08, 0x28, 0x30, 0x00, 0x00, 0x00, 0x00, 0x00, 0x00, 0x00, 0x00, 0x00, 0x00, 0x00, 0x00, 0x00, 0x00, 0x00, 0x00, 0x00 } },
    { 0x222C, 1, { 0x00, 0x0A, 0x15, 0x14, 0x14, 0x14, 0x14, 0x14, 0x14, 0x14, 0x14, 0x14, 0x14, 0x54, 0x68, 0x00, 0x00, 0x00, 0x00, 0x00, 0x00, 0x00, 0x00, 0x00, 0x00, 0x00, 0x00, 0x00, 0x00, 0x00, 0x00, 0x00 } },
    { 0x222D, 1, { 0x00, 0x15, 0x2A, 0x2A, 0x2A, 0x2A, 0x2A, 0x2A, 0x2A, 0x2A, 0x2A, 0x2A, 0x2A, 0xAA, 0xD4, 0x00, 0x00, 0x00, 0x00, 0x00, 0x00, 0x00, 0x00, 0x00, 0x00, 0x00, 0x00, 0x00, 0x00, 0x00, 0x00, 0x00 } },
    { 0x222E, 1, { 0x00, 0x06, 0x0A, 0x08, 0x08, 0x08, 0x1C, 0x2A, 0x2A, 0x1C, 0x08, 0x08, 0x08, 0x28, 0x30, 0x00, 0x00, 0x00, 0x00, 0x00, 0x00, 0x00, 0x00, 0x00, 0x00, 0x00, 0x00, 0x00, 0x00, 0x00, 0x00, 0x00 } },
    { 0x2234, 1, { 0x00, 0x00, 0x00, 0x00, 0x00, 0x00, 0x18, 0x18, 0x00, 0x00, 0x00, 0x66, 0x66, 0x00, 0x00, 0x00, 0x00, 0x00, 0x00, 0x00, 0x00, 0x00, 0x00, 0x00, 0x00, 0x00, 0x00, 0x00, 0x00, 0x00, 0x00, 0x00 } },
    { 0x2235, 1, { 0x00, 0x00, 0x00, 0x00, 0x00, 0x00, 0x66, 0x66, 0x00, 0x00, 0x00, 0x18, 0x18, 0x00, 0x00, 0x00, 0x00, 0x00, 0x00, 0x00, 0x00, 0x00, 0x00, 0x00, 0x00, 0x00, 0x00, 0x00, 0x00, 0x00, 0x00, 0x00 } },
    { 0x2236, 1, { 0x00, 0x00, 0x00, 0x00, 0x00, 0x00, 0x18, 0x18, 0x00, 0x00, 0x00, 0x18, 0x18, 0x00, 0x00, 0x00, 0x00, 0x00, 0x00, 0x00, 0x00, 0x00, 0x00, 0x00, 0x00, 0x00, 0x00, 0x00, 0x00, 0x00, 0x00, 0x00 } },
    { 0x2237, 1, { 0x00, 0x00, 0x00, 0x00, 0x00, 0x00, 0x66, 0x66, 0x00, 0x00, 0x00, 0x66, 0x66, 0x00, 0x00, 0x00, 0x00, 0x00, 0x00, 0x00, 0x00, 0x00, 0x00, 0x00, 0x00, 0x00, 0x00, 0x00, 0x00, 0x00, 0x00, 0x00 } },
    { 0x223C, 1, { 0x00, 0x00, 0x00, 0x00, 0x00, 0x00, 0x00, 0x00, 0x32, 0x4C, 0x00, 0x00, 0x00, 0x00, 0x00, 0x00, 0x00, 0x00, 0x00, 0x00, 0x00, 0x00, 0x00, 0x00, 0x00, 0x00, 0x00, 0x00, 0x00, 0x00, 0x00, 0x00 } },
    { 0x223D, 1, { 0x00, 0x00, 0x00, 0x00, 0x00, 0x00, 0x00, 0x00, 0x4C, 0x32, 0x00, 0x00, 0x00, 0x00, 0x00, 0x00, 0x00, 0x00, 0x00, 0x00, 0x00, 0x00, 0x00, 0x00, 0x00, 0x00, 0x00, 0x00, 0x00, 0x00, 0x00, 0x00 } },
    { 0x223E, 1, { 0x00, 0x00, 0x00, 0x00, 0x00, 0x00, 0x00, 0x00, 0x32, 0x49, 0x26, 0x00, 0x00, 0x00, 0x00, 0x00, 0x00, 0x00, 0x00, 0x00, 0x00, 0x00, 0x00, 0x00, 0x00, 0x00, 0x00, 0x00, 0x00, 0x00, 0x00, 0x00 } },
    { 0x223F, 1, { 0x00, 0x00, 0x00, 0x00, 0x00, 0x00, 0x00, 0x30, 0x48, 0x49, 0x09, 0x06, 0x00, 0x00, 0x00, 0x00, 0x00, 0x00, 0x00, 0x00, 0x00, 0x00, 0x00, 0x00, 0x00, 0x00, 0x00, 0x00, 0x00, 0x00, 0x00, 0x00 } },
    { 0x2240, 1, { 0x00, 0x00, 0x00, 0x00, 0x00, 0x10, 0x08, 0x08, 0x08, 0x10, 0x10, 0x10, 0x08, 0x00, 0x00, 0x00, 0x00, 0x00, 0x00, 0x00, 0x00, 0x00, 0x00, 0x00, 0x00, 0x00, 0x00, 0x00, 0x00, 0x00, 0x00, 0x00 } },
    { 0x2241, 1, { 0x00, 0x00, 0x00, 0x00, 0x00, 0x00, 0x04, 0x04, 0x08, 0x3A, 0x54, 0x10, 0x20, 0x20, 0x00, 0x00, 0x00, 0x00, 0x00, 0x00, 0x00, 0x00, 0x00, 0x00, 0x00, 0x00, 0x00, 0x00, 0x00, 0x00, 0x00, 0x00 } },
    { 0x2242, 1, { 0x00, 0x00, 0x00, 0x00, 0x00, 0x00, 0x00, 0x00, 0x7E, 0x00, 0x00, 0x32, 0x4C, 0x00, 0x00, 0x00, 0x00, 0x00, 0x00, 0x00, 0x00, 0x00, 0x00, 0x00, 0x00, 0x00, 0x00, 0x00, 0x00, 0x00, 0x00, 0x00 } },
    { 0x2243, 1, { 0x00, 0x00, 0x00, 0x00, 0x00, 0x00, 0x00, 0x32, 0x4C, 0x00, 0x00, 0x7E, 0x00, 0x00, 0x00, 0x00, 0x00, 0x00, 0x00, 0x00, 0x00, 0x00, 0x00, 0x00, 0x00, 0x00, 0x00, 0x00, 0x00, 0x00, 0x00, 0x00 } },
    { 0x2244, 1, { 0x00, 0x00, 0x00, 0x04, 0x04, 0x08, 0x08, 0x3A, 0x54, 0x10, 0x10, 0x7E, 0x20, 0x20, 0x40, 0x40, 0x00, 0x00, 0x00, 0x00, 0x00, 0x00, 0x00, 0x00, 0x00, 0x00, 0x00, 0x00, 0x00, 0x00, 0x00, 0x00 } },
    { 0x2245, 1, { 0x00, 0x00, 0x00, 0x00, 0x32, 0x4C, 0x00, 0x00, 0x7E, 0x00, 0x00, 0x7E, 0x00, 0x00, 0x00, 0x00, 0x00, 0x00, 0x00, 0x00, 0x00, 0x00, 0x00, 0x00, 0x00, 0x00, 0x00, 0x00, 0x00, 0x00, 0x00, 0x00 } },
    { 0x2246, 1, { 0x00, 0x00, 0x00, 0x00, 0x32, 0x4C, 0x02, 0x04, 0x7E, 0x08, 0x10, 0x7E, 0x20, 0x40, 0x00, 0x00, 0x00, 0x00, 0x00, 0x00, 0x00, 0x00, 0x00, 0x00, 0x00, 0x00, 0x00, 0x00, 0x00, 0x00, 0x00, 0x00 } },
    { 0x2247, 1, { 0x00, 0x00, 0x04, 0x04, 0x3A, 0x4C, 0x08, 0x10, 0x7E, 0x10, 0x20, 0x7E, 0x20, 0x40, 0x40, 0x00, 0x00, 0x00, 0x00, 0x00, 0x00, 0x00, 0x00, 0x00, 0x00, 0x00, 0x00, 0x00, 0x00, 0x00, 0x00, 0x00 } },
    { 0x2248, 1, { 0x00, 0x00, 0x00, 0x00, 0x00, 0x00, 0x00, 0x32, 0x4C, 0x00, 0x32, 0x4C, 0x00, 0x00, 0x00, 0x00, 0x00, 0x00, 0x00, 0x00, 0x00, 0x00, 0x00, 0x00, 0x00, 0x00, 0x00, 0x00, 0x00, 0x00, 0x00, 0x00 } },
    { 0x2249, 1, { 0x00, 0x00, 0x00, 0x00, 0x00, 0x04, 0x04, 0x3A, 0x4C, 0x10, 0x3A, 0x54, 0x20, 0x20, 0x00, 0x00, 0x00, 0x00, 0x00, 0x00, 0x00, 0x00, 0x00, 0x00, 0x00, 0x00, 0x00, 0x00, 0x00, 0x00, 0x00, 0x00 } },
    { 0x224A, 1, { 0x00, 0x00, 0x00, 0x00, 0x00, 0x32, 0x4C, 0x00, 0x32, 0x4C, 0x00, 0x7E, 0x00, 0x00, 0x00, 0x00, 0x00, 0x00, 0x00, 0x00, 0x00, 0x00, 0x00, 0x00, 0x00, 0x00, 0x00, 0x00, 0x00, 0x00, 0x00, 0x00 } },
    { 0x224B, 1, { 0x00, 0x00, 0x00, 0x00, 0x00, 0x32, 0x4C, 0x00, 0x32, 0x4C, 0x00, 0x32, 0x4C, 0x00, 0x00, 0x00, 0x00, 0x00, 0x00, 0x00, 0x00, 0x00, 0x00, 0x00, 0x00, 0x00, 0x00, 0x00, 0x00, 0x00, 0x00, 0x00 } },
    { 0x224C, 1, { 0x00, 0x00, 0x00, 0x00, 0x4C, 0x32, 0x00, 0x00, 0x7E, 0x00, 0x00, 0x7E, 0x00, 0x00, 0x00, 0x00, 0x00, 0x00, 0x00, 0x00, 0x00, 0x00, 0x00, 0x00, 0x00, 0x00, 0x00, 0x00, 0x00, 0x00, 0x00, 0x00 } },
    { 0x224D, 1, { 0x00, 0x00, 0x00, 0x00, 0x00, 0x00, 0x42, 0x3C, 0x00, 0x00, 0x3C, 0x42, 0x00, 0x00, 0x00, 0x00, 0x00, 0x00, 0x00, 0x00, 0x00, 0x00, 0x00, 0x00, 0x00, 0x00, 0x00, 0x00, 0x00, 0x00, 0x00, 0x00 } },
    { 0x224E, 1, { 0x00, 0x00, 0x00, 0x00, 0x00, 0x00, 0x18, 0x66, 0x00, 0x00, 0x66, 0x18, 0x00, 0x00, 0x00, 0x00, 0x00, 0x00, 0x00, 0x00, 0x00, 0x00, 0x00, 0x00, 0x00, 0x00, 0x00, 0x00, 0x00, 0x00, 0x00, 0x00 } },
    { 0x224F, 1, { 0x00, 0x00, 0x00, 0x00, 0x00, 0x00, 0x00, 0x18, 0x66, 0x00, 0x00, 0x7E, 0x00, 0x00, 0x00, 0x00, 0x00, 0x00, 0x00, 0x00, 0x00, 0x00, 0x00, 0x00, 0x00, 0x00, 0x00, 0x00, 0x00, 0x00, 0x00, 0x00 } },
    { 0x2250, 1, { 0x00, 0x00, 0x00, 0x00, 0x18, 0x18, 0x00, 0x00, 0x7E, 0x00, 0x00, 0x7E, 0x00, 0x00, 0x00, 0x00, 0x00, 0x00, 0x00, 0x00, 0x00, 0x00, 0x00, 0x00, 0x00, 0x00, 0x00, 0x00, 0x00, 0x00, 0x00, 0x00 } },
    { 0x2251, 1, { 0x00, 0x00, 0x00, 0x18, 0x18, 0x00, 0x7E, 0x00, 0x00, 0x7E, 0x00, 0x18, 0x18, 0x00, 0x00, 0x00, 0x00, 0x00, 0x00, 0x00, 0x00, 0x00, 0x00, 0x00, 0x00, 0x00, 0x00, 0x00, 0x00, 0x00, 0x00, 0x00 } },
    { 0x2252, 1, { 0x00, 0x00, 0x00, 0x60, 0x60, 0x00, 0x7E, 0x00, 0x00, 0x7E, 0x00, 0x06, 0x06, 0x00, 0x00, 0x00, 0x00, 0x00, 0x00, 0x00, 0x00, 0x00, 0x00, 0x00, 0x00, 0x00, 0x00, 0x00, 0x00, 0x00, 0x00, 0x00 } },
    { 0x2253, 1, { 0x00, 0x00, 0x00, 0x06, 0x06, 0x00, 0x7E, 0x00, 0x00, 0x7E, 0x00, 0x60, 0x60, 0x00, 0x00, 0x00, 0x00, 0x00, 0x00, 0x00, 0x00, 0x00, 0x00, 0x00, 0x00, 0x00, 0x00, 0x00, 0x00, 0x00, 0x00, 0x00 } },
    { 0x2254, 1, { 0x00, 0x00, 0x00, 0x00, 0x00, 0x00, 0x00, 0x5E, 0x00, 0x00, 0x5E, 0x00, 0x00, 0x00, 0x00, 0x00, 0x00, 0x00, 0x00, 0x00, 0x00, 0x00, 0x00, 0x00, 0x00, 0x00, 0x00, 0x00, 0x00, 0x00, 0x00, 0x00 } },
    { 0x2255, 1, { 0x00, 0x00, 0x00, 0x00, 0x00, 0x00, 0x00, 0x7A, 0x00, 0x00, 0x7A, 0x00, 0x00, 0x00, 0x00, 0x00, 0x00, 0x00, 0x00, 0x00, 0x00, 0x00, 0x00, 0x00, 0x00, 0x00, 0x00, 0x00, 0x00, 0x00, 0x00, 0x00 } },
    { 0x2256, 1, { 0x00, 0x00, 0x00, 0x00, 0x00, 0x00, 0x00, 0x7E, 0x24, 0x24, 0x7E, 0x00, 0x00, 0x00, 0x00, 0x00, 0x00, 0x00, 0x00, 0x00, 0x00, 0x00, 0x00, 0x00, 0x00, 0x00, 0x00, 0x00, 0x00, 0x00, 0x00, 0x00 } },
    { 0x2257, 1, { 0x00, 0x00, 0x00, 0x18, 0x24, 0x24, 0x18, 0x00, 0x7E, 0x00, 0x00, 0x7E, 0x00, 0x00, 0x00, 0x00, 0x00, 0x00, 0x00, 0x00, 0x00, 0x00, 0x00, 0x00, 0x00, 0x00, 0x00, 0x00, 0x00, 0x00, 0x00, 0x00 } },
    { 0x2258, 1, { 0x00, 0x00, 0x00, 0x00, 0x3C, 0x42, 0x00, 0x00, 0x7E, 0x00, 0x00, 0x7E, 0x00, 0x00, 0x00, 0x00, 0x00, 0x00, 0x00, 0x00, 0x00, 0x00, 0x00, 0x00, 0x00, 0x00, 0x00, 0x00, 0x00, 0x00, 0x00, 0x00 } },
    { 0x2259, 1, { 0x00, 0x00, 0x00, 0x18, 0x24, 0x42, 0x00, 0x00, 0x7E, 0x00, 0x00, 0x7E, 0x00, 0x00, 0x00, 0x00, 0x00, 0x00, 0x00, 0x00, 0x00, 0x00, 0x00, 0x00, 0x00, 0x00, 0x00, 0x00, 0x00, 0x00, 0x00, 0x00 } },
    { 0x225A, 1, { 0x00, 0x00, 0x00, 0x42, 0x24, 0x18, 0x00, 0x00, 0x7E, 0x00, 0x00, 0x7E, 0x00, 0x00, 0x00, 0x00, 0x00, 0x00, 0x00, 0x00, 0x00, 0x00, 0x00, 0x00, 0x00, 0x00, 0x00, 0x00, 0x00, 0x00, 0x00, 0x00 } },
    { 0x225B, 1, { 0x00, 0x00, 0x08, 0x3E, 0x1C, 0x14, 0x00, 0x00, 0x7E, 0x00, 0x00, 0x7E, 0x00, 0x00, 0x00, 0x00, 0x00, 0x00, 0x00, 0x00, 0x00, 0x00, 0x00, 0x00, 0x00, 0x00, 0x00, 0x00, 0x00, 0x00, 0x00, 0x00 } },
    { 0x225C, 1, { 0x00, 0x00, 0x08, 0x14, 0x22, 0x3E, 0x00, 0x00, 0x7E, 0x00, 0x00, 0x7E, 0x00, 0x00, 0x00, 0x00, 0x00, 0x00, 0x00, 0x00, 0x00, 0x00, 0x00, 0x00, 0x00, 0x00, 0x00, 0x00, 0x00, 0x00, 0x00, 0x00 } },
    { 0x225D, 1, { 0x00, 0x00, 0x12, 0x14, 0x76, 0x54, 0x74, 0x00, 0x00, 0x7E, 0x00, 0x00, 0x7E, 0x00, 0x00, 0x00, 0x00, 0x00, 0x00, 0x00, 0x00, 0x00, 0x00, 0x00, 0x00, 0x00, 0x00, 0x00, 0x00, 0x00, 0x00, 0x00 } },
    { 0x225E, 1, { 0x00, 0x00, 0x00, 0x68, 0x54, 0x54, 0x54, 0x00, 0x7E, 0x00, 0x00, 0x7E, 0x00, 0x00, 0x00, 0x00, 0x00, 0x00, 0x00, 0x00, 0x00, 0x00, 0x00, 0x00, 0x00, 0x00, 0x00, 0x00, 0x00, 0x00, 0x00, 0x00 } },
    { 0x225F, 1, { 0x00, 0x30, 0x48, 0x08, 0x10, 0x10, 0x00, 0x10, 0x00, 0x7E, 0x00, 0x00, 0x7E, 0x00, 0x00, 0x00, 0x00, 0x00, 0x00, 0x00, 0x00, 0x00, 0x00, 0x00, 0x00, 0x00, 0x00, 0x00, 0x00, 0x00, 0x00, 0x00 } },
    { 0x2260, 1, { 0x00, 0x00, 0x00, 0x00, 0x00, 0x00, 0x02, 0x04, 0x7E, 0x08, 0x10, 0x7E, 0x20, 0x40, 0x00, 0x00, 0x00, 0x00, 0x00, 0x00, 0x00, 0x00, 0x00, 0x00, 0x00, 0x00, 0x00, 0x00, 0x00, 0x00, 0x00, 0x00 } },
    { 0x2261, 1, { 0x00, 0x00, 0x00, 0x00, 0x00, 0x00, 0x00, 0x7E, 0x00, 0x7E, 0x00, 0x7E, 0x00, 0x00, 0x00, 0x00, 0x00, 0x00, 0x00, 0x00, 0x00, 0x00, 0x00, 0x00, 0x00, 0x00, 0x00, 0x00, 0x00, 0x00, 0x00, 0x00 } },
    { 0x2262, 1, { 0x00, 0x00, 0x00, 0x00, 0x00, 0x02, 0x04, 0x7E, 0x08, 0x7E, 0x10, 0x7E, 0x20, 0x40, 0x00, 0x00, 0x00, 0x00, 0x00, 0x00, 0x00, 0x00, 0x00, 0x00, 0x00, 0x00, 0x00, 0x00, 0x00, 0x00, 0x00, 0x00 } },
    { 0x2263, 1, { 0x00, 0x00, 0x00, 0x00, 0x00, 0x00, 0x7E, 0x00, 0x7E, 0x00, 0x7E, 0x00, 0x7E, 0x00, 0x00, 0x00, 0x00, 0x00, 0x00, 0x00, 0x00, 0x00, 0x00, 0x00, 0x00, 0x00, 0x00, 0x00, 0x00, 0x00, 0x00, 0x00 } },
    { 0x2264, 1, { 0x00, 0x00, 0x00, 0x00, 0x00, 0x00, 0x06, 0x18, 0x60, 0x18, 0x06, 0x00, 0x7E, 0x00, 0x00, 0x00, 0x00, 0x00, 0x00, 0x00, 0x00, 0x00, 0x00, 0x00, 0x00, 0x00, 0x00, 0x00, 0x00, 0x00, 0x00, 0x00 } },
    { 0x2265, 1, { 0x00, 0x00, 0x00, 0x00, 0x00, 0x00, 0x60, 0x18, 0x06, 0x18, 0x60, 0x00, 0x7E, 0x00, 0x00, 0x00, 0x00, 0x00, 0x00, 0x00, 0x00, 0x00, 0x00, 0x00, 0x00, 0x00, 0x00, 0x00, 0x00, 0x00, 0x00, 0x00 } },
    { 0x2266, 1, { 0x00, 0x00, 0x00, 0x06, 0x18, 0x60, 0x18, 0x06, 0x00, 0x7E, 0x00, 0x00, 0x7E, 0x00, 0x00, 0x00, 0x00, 0x00, 0x00, 0x00, 0x00, 0x00, 0x00, 0x00, 0x00, 0x00, 0x00, 0x00, 0x00, 0x00, 0x00, 0x00 } },
    { 0x2267, 1, { 0x00, 0x00, 0x00, 0x60, 0x18, 0x06, 0x18, 0x60, 0x00, 0x7E, 0x00, 0x00, 0x7E, 0x00, 0x00, 0x00, 0x00, 0x00, 0x00, 0x00, 0x00, 0x00, 0x00, 0x00, 0x00, 0x00, 0x00, 0x00, 0x00, 0x00, 0x00, 0x00 } },
    { 0x2268, 1, { 0x00, 0x00, 0x00, 0x06, 0x18, 0x60, 0x18, 0x06, 0x04, 0x7E, 0x08, 0x10, 0x7E, 0x20, 0x40, 0x00, 0x00, 0x00, 0x00, 0x00, 0x00, 0x00, 0x00, 0x00, 0x00, 0x00, 0x00, 0x00, 0x00, 0x00, 0x00, 0x00 } },
    { 0x2269, 1, { 0x00, 0x00, 0x00, 0x60, 0x18, 0x06, 0x18, 0x62, 0x04, 0x7E, 0x08, 0x10, 0x7E, 0x20, 0x40, 0x00, 0x00, 0x00, 0x00, 0x00, 0x00, 0x00, 0x00, 0x00, 0x00, 0x00, 0x00, 0x00, 0x00, 0x00, 0x00, 0x00 } },
    { 0x226A, 1, { 0x00, 0x00, 0x00, 0x00, 0x00, 0x09, 0x12, 0x24, 0x48, 0x90, 0x48, 0x24, 0x12, 0x09, 0x00, 0x00, 0x00, 0x00, 0x00, 0x00, 0x00, 0x00, 0x00, 0x00, 0x00, 0x00, 0x00, 0x00, 0x00, 0x00, 0x00, 0x00 } },
    { 0x226B, 1, { 0x00, 0x00, 0x00, 0x00, 0x00, 0x90, 0x48, 0x24, 0x12, 0x09, 0x12, 0x24, 0x48, 0x90, 0x00, 0x00, 0x00, 0x00, 0x00, 0x00, 0x00, 0x00, 0x00, 0x00, 0x00, 0x00, 0x00, 0x00, 0x00, 0x00, 0x00, 0x00 } },
    { 0x226C, 1, { 0x00, 0x00, 0x00, 0x00, 0x24, 0x18, 0x18, 0x24, 0x24, 0x24, 0x24, 0x18, 0x18, 0x24, 0x00, 0x00, 0x00, 0x00, 0x00, 0x00, 0x00, 0x00, 0x00, 0x00, 0x00, 0x00, 0x00, 0x00, 0x00, 0x00, 0x00, 0x00 } },
    { 0x226D, 1, { 0x00, 0x00, 0x00, 0x02, 0x02, 0x04, 0x85, 0x7E, 0x08, 0x10, 0x7E, 0xA1, 0x20, 0x40, 0x40, 0x00, 0x00, 0x00, 0x00, 0x00, 0x00, 0x00, 0x00, 0x00, 0x00, 0x00, 0x00, 0x00, 0x00, 0x00, 0x00, 0x00 } },
    { 0x226E, 1, { 0x00, 0x00, 0x00, 0x08, 0x08, 0x0C, 0x18, 0x10, 0x30, 0x50, 0x30, 0x30, 0x18, 0x24, 0x20, 0x00, 0x00, 0x00, 0x00, 0x00, 0x00, 0x00, 0x00, 0x00, 0x00, 0x00, 0x00, 0x00, 0x00, 0x00, 0x00, 0x00 } },
    { 0x226F, 1, { 0x00, 0x00, 0x00, 0x00, 0x08, 0x48, 0x28, 0x10, 0x18, 0x14, 0x18, 0x10, 0x20, 0x60, 0x20, 0x20, 0x00, 0x00, 0x00, 0x00, 0x00, 0x00, 0x00, 0x00, 0x00, 0x00, 0x00, 0x00, 0x00, 0x00, 0x00, 0x00 } },
    { 0x2270, 1, { 0x00, 0x00, 0x00, 0x00, 0x02, 0x02, 0x0E, 0x14, 0x68, 0x18, 0x1E, 0x10, 0x7E, 0x20, 0x20, 0x00, 0x00, 0x00, 0x00, 0x00, 0x00, 0x00, 0x00, 0x00, 0x00, 0x00, 0x00, 0x00, 0x00, 0x00, 0x00, 0x00 } },
    { 0x2271, 1, { 0x00, 0x00, 0x00, 0x00, 0x08, 0x08, 0x70, 0x18, 0x16, 0x28, 0x70, 0x20, 0x7E, 0x40, 0x40, 0x00, 0x00, 0x00, 0x00, 0x00, 0x00, 0x00, 0x00, 0x00, 0x00, 0x00, 0x00, 0x00, 0x00, 0x00, 0x00, 0x00 } },
    { 0x2272, 1, { 0x00, 0x00, 0x00, 0x00, 0x00, 0x00, 0x06, 0x18, 0x60, 0x18, 0x06, 0x00, 0x32, 0x4C, 0x00, 0x00, 0x00, 0x00, 0x00, 0x00, 0x00, 0x00, 0x00, 0x00, 0x00, 0x00, 0x00, 0x00, 0x00, 0x00, 0x00, 0x00 } },
    { 0x2273, 1, { 0x00, 0x00, 0x00, 0x00, 0x00, 0x00, 0x60, 0x18, 0x06, 0x18, 0x60, 0x00, 0x32, 0x4C, 0x00, 0x00, 0x00, 0x00, 0x00, 0x00, 0x00, 0x00, 0x00, 0x00, 0x00, 0x00, 0x00, 0x00, 0x00, 0x00, 0x00, 0x00 } },
    { 0x2274, 1, { 0x00, 0x00, 0x00, 0x00, 0x04, 0x04, 0x0E, 0x18, 0x68, 0x18, 0x1E, 0x10, 0x3A, 0x64, 0x20, 0x20, 0x00, 0x00, 0x00, 0x00, 0x00, 0x00, 0x00, 0x00, 0x00, 0x00, 0x00, 0x00, 0x00, 0x00, 0x00, 0x00 } },
    { 0x2275, 1, { 0x00, 0x00, 0x00, 0x00, 0x08, 0x08, 0x78, 0x18, 0x16, 0x18, 0x70, 0x10, 0x32, 0x6C, 0x20, 0x20, 0x00, 0x00, 0x00, 0x00, 0x00, 0x00, 0x00, 0x00, 0x00, 0x00, 0x00, 0x00, 0x00, 0x00, 0x00, 0x00 } },
    { 0x2276, 1, { 0x00, 0x00, 0x00, 0x00, 0x06, 0x18, 0x60, 0x18, 0x06, 0x60, 0x18, 0x06, 0x18, 0x60, 0x00, 0x00, 0x00, 0x00, 0x00, 0x00, 0x00, 0x00, 0x00, 0x00, 0x00, 0x00, 0x00, 0x00, 0x00, 0x00, 0x00, 0x00 } },
    { 0x2277, 1, { 0x00, 0x00, 0x00, 0x00, 0x60, 0x18, 0x06, 0x18, 0x60, 0x06, 0x18, 0x60, 0x18, 0x06, 0x00, 0x00, 0x00, 0x00, 0x00, 0x00, 0x00, 0x00, 0x00, 0x00, 0x00, 0x00, 0x00, 0x00, 0x00, 0x00, 0x00, 0x00 } },
    { 0x2278, 1, { 0x00, 0x00, 0x02, 0x02, 0x0E, 0x14, 0x68, 0x18, 0x1E, 0x70, 0x28, 0x2E, 0x50, 0x60, 0x80, 0x80, 0x00, 0x00, 0x00, 0x00, 0x00, 0x00, 0x00, 0x00, 0x00, 0x00, 0x00, 0x00, 0x00, 0x00, 0x00, 0x00 } },
    { 0x2279, 1, { 0x00, 0x00, 0x04, 0x04, 0x68, 0x18, 0x16, 0x18, 0x70, 0x16, 0x38, 0x60, 0x38, 0x26, 0x40, 0x40, 0x00, 0x00, 0x00, 0x00, 0x00, 0x00, 0x00, 0x00, 0x00, 0x00, 0x00, 0x00, 0x00, 0x00, 0x00, 0x00 } },
    { 0x227A, 1, { 0x00, 0x00, 0x00, 0x00, 0x00, 0x02, 0x02, 0x04, 0x18, 0x60, 0x18, 0x04, 0x02, 0x02, 0x00, 0x00, 0x00, 0x00, 0x00, 0x00, 0x00, 0x00, 0x00, 0x00, 0x00, 0x00, 0x00, 0x00, 0x00, 0x00, 0x00, 0x00 } },
    { 0x227B, 1, { 0x00, 0x00, 0x00, 0x00, 0x00, 0x40, 0x40, 0x20, 0x18, 0x06, 0x18, 0x20, 0x40, 0x40, 0x00, 0x00, 0x00, 0x00, 0x00, 0x00, 0x00, 0x00, 0x00, 0x00, 0x00, 0x00, 0x00, 0x00, 0x00, 0x00, 0x00, 0x00 } },
    { 0x227C, 1, { 0x00, 0x00, 0x00, 0x00, 0x00, 0x02, 0x02, 0x04, 0x18, 0x60, 0x18, 0x64, 0x1A, 0x04, 0x02, 0x00, 0x00, 0x00, 0x00, 0x00, 0x00, 0x00, 0x00, 0x00, 0x00, 0x00, 0x00, 0x00, 0x00, 0x00, 0x00, 0x00 } },
    { 0x227D, 1, { 0x00, 0x00, 0x00, 0x00, 0x00, 0x40, 0x40, 0x20, 0x18, 0x06, 0x18, 0x26, 0x58, 0x20, 0x40, 0x00, 0x00, 0x00, 0x00, 0x00, 0x00, 0x00, 0x00, 0x00, 0x00, 0x00, 0x00, 0x00, 0x00, 0x00, 0x00, 0x00 } },
    { 0x227E, 1, { 0x00, 0x00, 0x00, 0x00, 0x00, 0x02, 0x02, 0x04, 0x18, 0x60, 0x18, 0x04, 0x66, 0x9A, 0x00, 0x00, 0x00, 0x00, 0x00, 0x00, 0x00, 0x00, 0x00, 0x00, 0x00, 0x00, 0x00, 0x00, 0x00, 0x00, 0x00, 0x00 } },
    { 0x227F, 1, { 0x00, 0x00, 0x00, 0x00, 0x00, 0x40, 0x40, 0x20, 0x18, 0x06, 0x18, 0x20, 0x59, 0x66, 0x00, 0x00, 0x00, 0x00, 0x00, 0x00, 0x00, 0x00, 0x00, 0x00, 0x00, 0x00, 0x00, 0x00, 0x00, 0x00, 0x00, 0x00 } },
    { 0x2302, 1, { 0x00, 0x00, 0x00, 0x00, 0x00, 0x00, 0x18, 0x24, 0x42, 0x42, 0x42, 0x42, 0x42, 0x7E, 0x00, 0x00, 0x00, 0x00, 0x00, 0x00, 0x00, 0x00, 0x00, 0x00, 0x00, 0x00, 0x00, 0x00, 0x00, 0x00, 0x00, 0x00 } },
    { 0x2303, 1, { 0x00, 0x00, 0x00, 0x00, 0x08, 0x14, 0x22, 0x00, 0x00, 0x00, 0x00, 0x00, 0x00, 0x00, 0x00, 0x00, 0x00, 0x00, 0x00, 0x00, 0x00, 0x00, 0x00, 0x00, 0x00, 0x00, 0x00, 0x00, 0x00, 0x00, 0x00, 0x00 } },
    { 0x2304, 1, { 0x00, 0x00, 0x00, 0x00, 0x00, 0x00, 0x00, 0x00, 0x00, 0x00, 0x00, 0x22, 0x14, 0x08, 0x00, 0x00, 0x00, 0x00, 0x00, 0x00, 0x00, 0x00, 0x00, 0x00, 0x00, 0x00, 0x00, 0x00, 0x00, 0x00, 0x00, 0x00 } },
    { 0x2305, 1, { 0x00, 0x00, 0x00, 0x00, 0x3E, 0x00, 0x08, 0x14, 0x22, 0x00, 0x00, 0x00, 0x00, 0x00, 0x00, 0x00, 0x00, 0x00, 0x00, 0x00, 0x00, 0x00, 0x00, 0x00, 0x00, 0x00, 0x00, 0x00, 0x00, 0x00, 0x00, 0x00 } },
    { 0x2306, 1, { 0x00, 0x00, 0x00, 0x00, 0x3E, 0x00, 0x3E, 0x00, 0x08, 0x14, 0x22, 0x00, 0x00, 0x00, 0x00, 0x00, 0x00, 0x00, 0x00, 0x00, 0x00, 0x00, 0x00, 0x00, 0x00, 0x00, 0x00, 0x00, 0x00, 0x00, 0x00, 0x00 } },
    { 0x2307, 1, { 0x00, 0x00, 0x00, 0x10, 0x08, 0x04, 0x08, 0x10, 0x08, 0x04, 0x08, 0x10, 0x08, 0x04, 0x00, 0x00, 0x00, 0x00, 0x00, 0x00, 0x00, 0x00, 0x00, 0x00, 0x00, 0x00, 0x00, 0x00, 0x00, 0x00, 0x00, 0x00 } },
    { 0x2308, 1, { 0x00, 0x00, 0x1E, 0x10, 0x10, 0x10, 0x10, 0x10, 0x10, 0x10, 0x10, 0x10, 0x10, 0x10, 0x00, 0x00, 0x00, 0x00, 0x00, 0x00, 0x00, 0x00, 0x00, 0x00, 0x00, 0x00, 0x00, 0x00, 0x00, 0x00, 0x00, 0x00 } },
    { 0x2309, 1, { 0x00, 0x00, 0x78, 0x08, 0x08, 0x08, 0x08, 0x08, 0x08, 0x08, 0x08, 0x08, 0x08, 0x08, 0x00, 0x00, 0x00, 0x00, 0x00, 0x00, 0x00, 0x00, 0x00, 0x00, 0x00, 0x00, 0x00, 0x00, 0x00, 0x00, 0x00, 0x00 } },
    { 0x230A, 1, { 0x00, 0x00, 0x10, 0x10, 0x10, 0x10, 0x10, 0x10, 0x10, 0x10, 0x10, 0x10, 0x10, 0x1E, 0x00, 0x00, 0x00, 0x00, 0x00, 0x00, 0x00, 0x00, 0x00, 0x00, 0x00, 0x00, 0x00, 0x00, 0x00, 0x00, 0x00, 0x00 } },
    { 0x230B, 1, { 0x00, 0x00, 0x08, 0x08, 0x08, 0x08, 0x08, 0x08, 0x08, 0x08, 0x08, 0x08, 0x08, 0x78, 0x00, 0x00, 0x00, 0x00, 0x00, 0x00, 0x00, 0x00, 0x00, 0x00, 0x00, 0x00, 0x00, 0x00, 0x00, 0x00, 0x00, 0x00 } },
    { 0x230C, 1, { 0x00, 0x00, 0x00, 0x00, 0x00, 0x00, 0x00, 0x00, 0x00, 0x07, 0x08, 0x08, 0x08, 0x00, 0x00, 0x00, 0x00, 0x00, 0x00, 0x00, 0x00, 0x00, 0x00, 0x00, 0x00, 0x00, 0x00, 0x00, 0x00, 0x00, 0x00, 0x00 } },
    { 0x230D, 1, { 0x00, 0x00, 0x00, 0x00, 0x00, 0x00, 0x00, 0x00, 0x00, 0x70, 0x08, 0x08, 0x08, 0x00, 0x00, 0x00, 0x00, 0x00, 0x00, 0x00, 0x00, 0x00, 0x00, 0x00, 0x00, 0x00, 0x00, 0x00, 0x00, 0x00, 0x00, 0x00 } },
    { 0x230E, 1, { 0x00, 0x00, 0x00, 0x00, 0x00, 0x00, 0x08, 0x08, 0x08, 0x07, 0x00, 0x00, 0x00, 0x00, 0x00, 0x00, 0x00, 0x00, 0x00, 0x00, 0x00, 0x00, 0x00, 0x00, 0x00, 0x00, 0x00, 0x00, 0x00, 0x00, 0x00, 0x00 } },
    { 0x230F, 1, { 0x00, 0x00, 0x00, 0x00, 0x00, 0x00, 0x08, 0x08, 0x08, 0x70, 0x00, 0x00, 0x00, 0x00, 0x00, 0x00, 0x00, 0x00, 0x00, 0x00, 0x00, 0x00, 0x00, 0x00, 0x00, 0x00, 0x00, 0x00, 0x00, 0x00, 0x00, 0x00 } },
    { 0x2310, 1, { 0x00, 0x00, 0x00, 0x00, 0x00, 0x00, 0x00, 0x00, 0x00, 0x00, 0x7E, 0x40, 0x40, 0x40, 0x00, 0x00, 0x00, 0x00, 0x00, 0x00, 0x00, 0x00, 0x00, 0x00, 0x00, 0x00, 0x00, 0x00, 0x00, 0x00, 0x00, 0x00 } },
    { 0x2311, 1, { 0x00, 0x00, 0x00, 0x00, 0x00, 0x00, 0x41, 0x3E, 0x22, 0x22, 0x22, 0x3E, 0x41, 0x00, 0x00, 0x00, 0x00, 0x00, 0x00, 0x00, 0x00, 0x00, 0x00, 0x00, 0x00, 0x00, 0x00, 0x00, 0x00, 0x00, 0x00, 0x00 } },
    { 0x2312, 1, { 0x00, 0x00, 0x00, 0x00, 0x00, 0x00, 0x00, 0x00, 0x00, 0x00, 0x1C, 0x22, 0x41, 0x41, 0x00, 0x00, 0x00, 0x00, 0x00, 0x00, 0x00, 0x00, 0x00, 0x00, 0x00, 0x00, 0x00, 0x00, 0x00, 0x00, 0x00, 0x00 } },
    { 0x2313, 1, { 0x00, 0x00, 0x00, 0x00, 0x00, 0x00, 0x00, 0x00, 0x00, 0x00, 0x1C, 0x22, 0x41, 0x7F, 0x00, 0x00, 0x00, 0x00, 0x00, 0x00, 0x00, 0x00, 0x00, 0x00, 0x00, 0x00, 0x00, 0x00, 0x00, 0x00, 0x00, 0x00 } },
    { 0x2314, 1, { 0x00, 0x00, 0x00, 0x00, 0x00, 0x00, 0x00, 0x00, 0x1C, 0x22, 0x41, 0x22, 0x14, 0x08, 0x00, 0x00, 0x00, 0x00, 0x00, 0x00, 0x00, 0x00, 0x00, 0x00, 0x00, 0x00, 0x00, 0x00, 0x00, 0x00, 0x00, 0x00 } },
    { 0x2315, 1, { 0x00, 0x00, 0x00, 0x00, 0x00, 0x00, 0x00, 0x1C, 0x22, 0x41, 0x41, 0x41, 0x22, 0x5C, 0x80, 0x00, 0x00, 0x00, 0x00, 0x00, 0x00, 0x00, 0x00, 0x00, 0x00, 0x00, 0x00, 0x00, 0x00, 0x00, 0x00, 0x00 } },
    { 0x2316, 2, { 0x00, 0x00, 0x00, 0x80, 0x00, 0x80, 0x03, 0xE0, 0x04, 0x90, 0x08, 0x88, 0x10, 0x84, 0x10, 0x04, 0x7E, 0x3F, 0x10, 0x04, 0x10, 0x84, 0x08, 0x88, 0x04, 0x90, 0x03, 0xE0, 0x00, 0x80, 0x00, 0x80 } },
    { 0x2317, 1, { 0x00, 0x00, 0x00, 0x00, 0x00, 0x24, 0x24, 0xFF, 0x24, 0x24, 0xFF, 0x24, 0x24, 0x00, 0x00, 0x00, 0x00, 0x00, 0x00, 0x00, 0x00, 0x00, 0x00, 0x00, 0x00, 0x00, 0x00, 0x00, 0x00, 0x00, 0x00, 0x00 } },
    { 0x2318, 1, { 0x00, 0x00, 0x00, 0x00, 0x00, 0x00, 0x22, 0x55, 0x3E, 0x14, 0x3E, 0x55, 0x22, 0x00, 0x00, 0x00, 0x00, 0x00, 0x00, 0x00, 0x00, 0x00, 0x00, 0x00, 0x00, 0x00, 0x00, 0x00, 0x00, 0x00, 0x00, 0x00 } },
    { 0x2319, 1, { 0x00, 0x00, 0x00, 0x00, 0x00, 0x00, 0x40, 0x40, 0x40, 0x7E, 0x00, 0x00, 0x00, 0x00, 0x00, 0x00, 0x00, 0x00, 0x00, 0x00, 0x00, 0x00, 0x00, 0x00, 0x00, 0x00, 0x00, 0x00, 0x00, 0x00, 0x00, 0x00 } },
    { 0x231A, 1, { 0x00, 0x00, 0x28, 0x28, 0x28, 0x28, 0x38, 0x54, 0x92, 0x9B, 0x82, 0x44, 0x38, 0x28, 0x28, 0x28, 0x00, 0x00, 0x00, 0x00, 0x00, 0x00, 0x00, 0x00, 0x00, 0x00, 0x00, 0x00, 0x00, 0x00, 0x00, 0x00 } },
    { 0x231B, 1, { 0x00, 0x00, 0x00, 0x00, 0x7E, 0x24, 0x24, 0x24, 0x18, 0x18, 0x24, 0x24, 0x3C, 0x7E, 0x00, 0x00, 0x00, 0x00, 0x00, 0x00, 0x00, 0x00, 0x00, 0x00, 0x00, 0x00, 0x00, 0x00, 0x00, 0x00, 0x00, 0x00 } },
    { 0x231C, 1, { 0x00, 0x78, 0x40, 0x40, 0x40, 0x00, 0x00, 0x00, 0x00, 0x00, 0x00, 0x00, 0x00, 0x00, 0x00, 0x00, 0x00, 0x00, 0x00, 0x00, 0x00, 0x00, 0x00, 0x00, 0x00, 0x00, 0x00, 0x00, 0x00, 0x00, 0x00, 0x00 } },
    { 0x231D, 1, { 0x00, 0x1E, 0x02, 0x02, 0x02, 0x00, 0x00, 0x00, 0x00, 0x00, 0x00, 0x00, 0x00, 0x00, 0x00, 0x00, 0x00, 0x00, 0x00, 0x00, 0x00, 0x00, 0x00, 0x00, 0x00, 0x00, 0x00, 0x00, 0x00, 0x00, 0x00, 0x00 } },
    { 0x231E, 1, { 0x00, 0x00, 0x00, 0x00, 0x00, 0x00, 0x00, 0x00, 0x00, 0x00, 0x00, 0x40, 0x40, 0x40, 0x78, 0x00, 0x00, 0x00, 0x00, 0x00, 0x00, 0x00, 0x00, 0x00, 0x00, 0x00, 0x00, 0x00, 0x00, 0x00, 0x00, 0x00 } },
    { 0x231F, 1, { 0x00, 0x00, 0x00, 0x00, 0x00, 0x00, 0x00, 0x00, 0x00, 0x00, 0x00, 0x02, 0x02, 0x02, 0x1E, 0x00, 0x00, 0x00, 0x00, 0x00, 0x00, 0x00, 0x00, 0x00, 0x00, 0x00, 0x00, 0x00, 0x00, 0x00, 0x00, 0x00 } },
    { 0x2320, 1, { 0x00, 0x00, 0x00, 0x00, 0x06, 0x0A, 0x08, 0x08, 0x08, 0x08, 0x08, 0x08, 0x08, 0x08, 0x08, 0x08, 0x00, 0x00, 0x00, 0x00, 0x00, 0x00, 0x00, 0x00, 0x00, 0x00, 0x00, 0x00, 0x00, 0x00, 0x00, 0x00 } },
    { 0x2321, 1, { 0x08, 0x08, 0x08, 0x08, 0x08, 0x08, 0x08, 0x08, 0x08, 0x08, 0x28, 0x30, 0x00, 0x00, 0x00, 0x00, 0x00, 0x00, 0x00, 0x00, 0x00, 0x00, 0x00, 0x00, 0x00, 0x00, 0x00, 0x00, 0x00, 0x00, 0x00, 0x00 } },
    { 0x2322, 1, { 0x00, 0x00, 0x00, 0x00, 0x00, 0x00, 0x00, 0x00, 0x00, 0x3C, 0x42, 0x00, 0x00, 0x00, 0x00, 0x00, 0x00, 0x00, 0x00, 0x00, 0x00, 0x00, 0x00, 0x00, 0x00, 0x00, 0x00, 0x00, 0x00, 0x00, 0x00, 0x00 } },
    { 0x2323, 1, { 0x00, 0x00, 0x00, 0x00, 0x00, 0x00, 0x00, 0x00, 0x42, 0x3C, 0x00, 0x00, 0x00, 0x00, 0x00, 0x00, 0x00, 0x00, 0x00, 0x00, 0x00, 0x00, 0x00, 0x00, 0x00, 0x00, 0x00, 0x00, 0x00, 0x00, 0x00, 0x00 } },
    { 0x2324, 1, { 0x00, 0x00, 0x00, 0x00, 0x00, 0x00, 0x00, 0x00, 0x77, 0x08, 0x14, 0x22, 0x00, 0x00, 0x00, 0x00, 0x00, 0x00, 0x00, 0x00, 0x00, 0x00, 0x00, 0x00, 0x00, 0x00, 0x00, 0x00, 0x00, 0x00, 0x00, 0x00 } },
    { 0x2325, 1, { 0x00, 0x00, 0x00, 0x00, 0x00, 0x00, 0x00, 0x00, 0x67, 0x10, 0x08, 0x07, 0x00, 0x00, 0x00, 0x00, 0x00, 0x00, 0x00, 0x00, 0x00, 0x00, 0x00, 0x00, 0x00, 0x00, 0x00, 0x00, 0x00, 0x00, 0x00, 0x00 } },
    { 0x2326, 1, { 0x00, 0x00, 0x00, 0x00, 0x00, 0x00, 0x00, 0xFC, 0xAA, 0x91, 0xAA, 0xFC, 0x00, 0x00, 0x00, 0x00, 0x00, 0x00, 0x00, 0x00, 0x00, 0x00, 0x00, 0x00, 0x00, 0x00, 0x00, 0x00, 0x00, 0x00, 0x00, 0x00 } },
    { 0x2327, 1, { 0x00, 0x00, 0x00, 0x00, 0x00, 0x00, 0x00, 0x7F, 0x55, 0x49, 0x55, 0x7F, 0x00, 0x00, 0x00, 0x00, 0x00, 0x00, 0x00, 0x00, 0x00, 0x00, 0x00, 0x00, 0x00, 0x00, 0x00, 0x00, 0x00, 0x00, 0x00, 0x00 } },
    { 0x2328, 1, { 0x00, 0x00, 0x00, 0x00, 0x00, 0x00, 0x00, 0x7E, 0x7E, 0x7E, 0x00, 0x3C, 0x00, 0x00, 0x00, 0x00, 0x00, 0x00, 0x00, 0x00, 0x00, 0x00, 0x00, 0x00, 0x00, 0x00, 0x00, 0x00, 0x00, 0x00, 0x00, 0x00 } },
    { 0x2329, 2, { 0x00, 0x00, 0x00, 0x08, 0x00, 0x08, 0x00, 0x10, 0x00, 0x10, 0x00, 0x20, 0x00, 0x20, 0x00, 0x40, 0x00, 0x80, 0x00, 0x40, 0x00, 0x20, 0x00, 0x20, 0x00, 0x10, 0x00, 0x10, 0x00, 0x08, 0x00, 0x08 } },
    { 0x232A, 2, { 0x00, 0x00, 0x20, 0x00, 0x20, 0x00, 0x10, 0x00, 0x10, 0x00, 0x08, 0x00, 0x08, 0x00, 0x04, 0x00, 0x02, 0x00, 0x04, 0x00, 0x08, 0x00, 0x08, 0x00, 0x10, 0x00, 0x10, 0x00, 0x20, 0x00, 0x20, 0x00 } },
    { 0x232B, 1, { 0x00, 0x00, 0x00, 0x00, 0x00, 0x00, 0x00, 0x3F, 0x55, 0x89, 0x55, 0x3F, 0x00, 0x00, 0x00, 0x00, 0x00, 0x00, 0x00, 0x00, 0x00, 0x00, 0x00, 0x00, 0x00, 0x00, 0x00, 0x00, 0x00, 0x00, 0x00, 0x00 } },
    { 0x232C, 2, { 0x00, 0x00, 0x00, 0x00, 0x00, 0x80, 0x01, 0x40, 0x02, 0x20, 0x04, 0x90, 0x08, 0x48, 0x0A, 0x28, 0x0A, 0x08, 0x0A, 0x28, 0x08, 0x48, 0x04, 0x90, 0x02, 0x20, 0x01, 0x40, 0x00, 0x80, 0x00, 0x00 } },
    { 0x232D, 2, { 0x00, 0x00, 0x00, 0x00, 0x00, 0x00, 0x00, 0x00, 0x00, 0x81, 0x01, 0x02, 0x01, 0xC4, 0x02, 0x24, 0x04, 0x18, 0x04, 0x10, 0x0C, 0x10, 0x12, 0x20, 0x11, 0xC0, 0x20, 0x40, 0x40, 0x80, 0x00, 0x00 } },
    { 0x232E, 2, { 0x00, 0x00, 0x00, 0x00, 0x00, 0x00, 0x00, 0x00, 0x03, 0xC0, 0x04, 0x20, 0x08, 0x10, 0x10, 0x08, 0x10, 0xFE, 0x11, 0x08, 0x12, 0x08, 0x0A, 0x10, 0x04, 0x20, 0x2B, 0xC0, 0x30, 0x00, 0x38, 0x00 } },
    { 0x232F, 2, { 0x00, 0x00, 0x00, 0x00, 0x00, 0x00, 0x00, 0x00, 0x00, 0x00, 0x00, 0x00, 0x0F, 0xF0, 0x00, 0x00, 0x00, 0x00, 0x7F, 0xFE, 0x00, 0x00, 0x00, 0x00, 0x0F, 0xF0, 0x00, 0x00, 0x00, 0x00, 0x00, 0x00 } },
    { 0x2330, 2, { 0x00, 0x00, 0x04, 0x02, 0x0C, 0x06, 0x1E, 0x0F, 0x08, 0x04, 0x10, 0x08, 0x10, 0x08, 0x20, 0x10, 0x20, 0x10, 0x40, 0x20, 0x40, 0x20, 0x80, 0x40, 0x80, 0x40, 0xFF, 0xC0, 0x00, 0x00, 0x00, 0x00 } },
    { 0x2331, 2, { 0x00, 0x00, 0x00, 0x00, 0x00, 0x00, 0x1F, 0x00, 0x24, 0x80, 0x44, 0x40, 0x84, 0x20, 0x84, 0x24, 0x87, 0xFF, 0x84, 0x24, 0x84, 0x20, 0x44, 0x40, 0x24, 0x80, 0x1F, 0x00, 0x00, 0x00, 0x00, 0x00 } },
    { 0x2332, 2, { 0x00, 0x00, 0x00, 0x00, 0x00, 0x00, 0x00, 0x00, 0x00, 0x00, 0x3C, 0x00, 0x23, 0x80, 0x20, 0x70, 0x20, 0x0C, 0x7F, 0xFE, 0x20, 0x0C, 0x20, 0x70, 0x23, 0x80, 0x3C, 0x00, 0x00, 0x00, 0x00, 0x00 } },
    { 0x2333, 2, { 0x00, 0x00, 0x00, 0x00, 0x00, 0x00, 0x00, 0x00, 0x00, 0x00, 0x00, 0x00, 0x00, 0x00, 0x00, 0x00, 0x60, 0x00, 0x5C, 0x00, 0x43, 0x80, 0x40, 0x70, 0x40, 0x0C, 0x7F, 0xFE, 0x00, 0x00, 0x00, 0x00 } },
    { 0x2334, 2, { 0x00, 0x00, 0x00, 0x00, 0x00, 0x00, 0x00, 0x00, 0x00, 0x00, 0x00, 0x00, 0x40, 0x02, 0x40, 0x02, 0x40, 0x02, 0x40, 0x02, 0x40, 0x02, 0x40, 0x02, 0x40, 0x02, 0x7F, 0xFE, 0x00, 0x00, 0x00, 0x00 } },
    { 0x2335, 2, { 0x00, 0x00, 0x00, 0x00, 0x00, 0x00, 0x00, 0x00, 0x00, 0x00, 0x00, 0x00, 0x40, 0x01, 0x20, 0x02, 0x10, 0x04, 0x08, 0x08, 0x04, 0x10, 0x02, 0x20, 0x01, 0x40, 0x00, 0x80, 0x00, 0x00, 0x00, 0x00 } },
    { 0x2336, 1, { 0x00, 0x00, 0x00, 0x00, 0x7F, 0x08, 0x08, 0x08, 0x08, 0x08, 0x08, 0x08, 0x08, 0x7F, 0x00, 0x00, 0x00, 0x00, 0x00, 0x00, 0x00, 0x00, 0x00, 0x00, 0x00, 0x00, 0x00, 0x00, 0x00, 0x00, 0x00, 0x00 } },
    { 0x2337, 1, { 0x00, 0x00, 0x00, 0x00, 0x3E, 0x22, 0x22, 0x22, 0x22, 0x22, 0x22, 0x22, 0x22, 0x3E, 0x00, 0x00, 0x00, 0x00, 0x00, 0x00, 0x00, 0x00, 0x00, 0x00, 0x00, 0x00, 0x00, 0x00, 0x00, 0x00, 0x00, 0x00 } },
    { 0x2338, 1, { 0x00, 0x00, 0x00, 0x7F, 0x41, 0x41, 0x41, 0x7F, 0x41, 0x41, 0x7F, 0x41, 0x41, 0x7F, 0x00, 0x00, 0x00, 0x00, 0x00, 0x00, 0x00, 0x00, 0x00, 0x00, 0x00, 0x00, 0x00, 0x00, 0x00, 0x00, 0x00, 0x00 } },
    { 0x2339, 1, { 0x00, 0x00, 0x00, 0x7F, 0x41, 0x49, 0x49, 0x41, 0x7F, 0x41, 0x49, 0x49, 0x41, 0x7F, 0x00, 0x00, 0x00, 0x00, 0x00, 0x00, 0x00, 0x00, 0x00, 0x00, 0x00, 0x00, 0x00, 0x00, 0x00, 0x00, 0x00, 0x00 } },
    { 0x233A, 1, { 0x00, 0x00, 0x00, 0x7F, 0x41, 0x49, 0x55, 0x63, 0x41, 0x63, 0x55, 0x49, 0x41, 0x7F, 0x00, 0x00, 0x00, 0x00, 0x00, 0x00, 0x00, 0x00, 0x00, 0x00, 0x00, 0x00, 0x00, 0x00, 0x00, 0x00, 0x00, 0x00 } },
    { 0x233B, 1, { 0x00, 0x00, 0x00, 0x7F, 0x41, 0x41, 0x41, 0x49, 0x55, 0x55, 0x49, 0x41, 0x41, 0x7F, 0x00, 0x00, 0x00, 0x00, 0x00, 0x00, 0x00, 0x00, 0x00, 0x00, 0x00, 0x00, 0x00, 0x00, 0x00, 0x00, 0x00, 0x00 } },
    { 0x233C, 1, { 0x00, 0x00, 0x00, 0x7F, 0x41, 0x41, 0x5D, 0x63, 0x41, 0x41, 0x63, 0x5D, 0x41, 0x7F, 0x00, 0x00, 0x00, 0x00, 0x00, 0x00, 0x00, 0x00, 0x00, 0x00, 0x00, 0x00, 0x00, 0x00, 0x00, 0x00, 0x00, 0x00 } },
    { 0x233D, 1, { 0x00, 0x00, 0x00, 0x08, 0x08, 0x1C, 0x2A, 0x49, 0x49, 0x49, 0x2A, 0x1C, 0x08, 0x08, 0x00, 0x00, 0x00, 0x00, 0x00, 0x00, 0x00, 0x00, 0x00, 0x00, 0x00, 0x00, 0x00, 0x00, 0x00, 0x00, 0x00, 0x00 } },
    { 0x233E, 1, { 0x00, 0x00, 0x00, 0x00, 0x00, 0x1C, 0x22, 0x49, 0x55, 0x49, 0x22, 0x1C, 0x00, 0x00, 0x00, 0x00, 0x00, 0x00, 0x00, 0x00, 0x00, 0x00, 0x00, 0x00, 0x00, 0x00, 0x00, 0x00, 0x00, 0x00, 0x00, 0x00 } },
    { 0x233F, 1, { 0x00, 0x00, 0x00, 0x00, 0x02, 0x04, 0x04, 0x08, 0x08, 0xFF, 0x10, 0x20, 0x20, 0x40, 0x00, 0x00, 0x00, 0x00, 0x00, 0x00, 0x00, 0x00, 0x00, 0x00, 0x00, 0x00, 0x00, 0x00, 0x00, 0x00, 0x00, 0x00 } },
    { 0x2340, 1, { 0x00, 0x00, 0x00, 0x00, 0x40, 0x20, 0x20, 0x10, 0x10, 0xFF, 0x08, 0x04, 0x04, 0x02, 0x00, 0x00, 0x00, 0x00, 0x00, 0x00, 0x00, 0x00, 0x00, 0x00, 0x00, 0x00, 0x00, 0x00, 0x00, 0x00, 0x00, 0x00 } },
    { 0x2341, 1, { 0x00, 0x00, 0x00, 0x7F, 0x41, 0x43, 0x45, 0x45, 0x49, 0x51, 0x51, 0x61, 0x41, 0x7F, 0x00, 0x00, 0x00, 0x00, 0x00, 0x00, 0x00, 0x00, 0x00, 0x00, 0x00, 0x00, 0x00, 0x00, 0x00, 0x00, 0x00, 0x00 } },
    { 0x2342, 1, { 0x00, 0x00, 0x00, 0x7F, 0x41, 0x61, 0x51, 0x51, 0x49, 0x45, 0x45, 0x43, 0x41, 0x7F, 0x00, 0x00, 0x00, 0x00, 0x00, 0x00, 0x00, 0x00, 0x00, 0x00, 0x00, 0x00, 0x00, 0x00, 0x00, 0x00, 0x00, 0x00 } },
    { 0x2343, 1, { 0x00, 0x00, 0x00, 0x7F, 0x41, 0x41, 0x47, 0x59, 0x61, 0x59, 0x47, 0x41, 0x41, 0x7F, 0x00, 0x00, 0x00, 0x00, 0x00, 0x00, 0x00, 0x00, 0x00, 0x00, 0x00, 0x00, 0x00, 0x00, 0x00, 0x00, 0x00, 0x00 } },
    { 0x2344, 1, { 0x00, 0x00, 0x00, 0x7F, 0x41, 0x41, 0x71, 0x4D, 0x43, 0x4D, 0x71, 0x41, 0x41, 0x7F, 0x00, 0x00, 0x00, 0x00, 0x00, 0x00, 0x00, 0x00, 0x00, 0x00, 0x00, 0x00, 0x00, 0x00, 0x00, 0x00, 0x00, 0x00 } },
    { 0x2345, 1, { 0x00, 0x00, 0x00, 0x08, 0x08, 0x08, 0x08, 0x28, 0x7F, 0x28, 0x08, 0x08, 0x08, 0x08, 0x00, 0x00, 0x00, 0x00, 0x00, 0x00, 0x00, 0x00, 0x00, 0x00, 0x00, 0x00, 0x00, 0x00, 0x00, 0x00, 0x00, 0x00 } },
    { 0x2346, 1, { 0x00, 0x00, 0x00, 0x08, 0x08, 0x08, 0x08, 0x0A, 0x7F, 0x0A, 0x08, 0x08, 0x08, 0x08, 0x00, 0x00, 0x00, 0x00, 0x00, 0x00, 0x00, 0x00, 0x00, 0x00, 0x00, 0x00, 0x00, 0x00, 0x00, 0x00, 0x00, 0x00 } },
    { 0x2347, 1, { 0x00, 0x00, 0x00, 0x7F, 0x41, 0x41, 0x49, 0x51, 0x7F, 0x51, 0x49, 0x41, 0x41, 0x7F, 0x00, 0x00, 0x00, 0x00, 0x00, 0x00, 0x00, 0x00, 0x00, 0x00, 0x00, 0x00, 0x00, 0x00, 0x00, 0x00, 0x00, 0x00 } },
    { 0x2348, 1, { 0x00, 0x00, 0x00, 0x7F, 0x41, 0x41, 0x49, 0x45, 0x7F, 0x45, 0x49, 0x41, 0x41, 0x7F, 0x00, 0x00, 0x00, 0x00, 0x00, 0x00, 0x00, 0x00, 0x00, 0x00, 0x00, 0x00, 0x00, 0x00, 0x00, 0x00, 0x00, 0x00 } },
    { 0x2349, 1, { 0x00, 0x00, 0x00, 0x00, 0x00, 0x00, 0x00, 0x5C, 0x22, 0x51, 0x49, 0x45, 0x22, 0x1D, 0x00, 0x00, 0x00, 0x00, 0x00, 0x00, 0x00, 0x00, 0x00, 0x00, 0x00, 0x00, 0x00, 0x00, 0x00, 0x00, 0x00, 0x00 } },
    { 0x234A, 1, { 0x00, 0x00, 0x00, 0x00, 0x08, 0x08, 0x08, 0x08, 0x08, 0x08, 0x08, 0x7F, 0x00, 0x7F, 0x00, 0x00, 0x00, 0x00, 0x00, 0x00, 0x00, 0x00, 0x00, 0x00, 0x00, 0x00, 0x00, 0x00, 0x00, 0x00, 0x00, 0x00 } },
    { 0x234B, 1, { 0x00, 0x00, 0x00, 0x00, 0x08, 0x08, 0x08, 0x1C, 0x1C, 0x2A, 0x2A, 0x3E, 0x08, 0x08, 0x00, 0x00, 0x00, 0x00, 0x00, 0x00, 0x00, 0x00, 0x00, 0x00, 0x00, 0x00, 0x00, 0x00, 0x00, 0x00, 0x00, 0x00 } },
    { 0x234C, 1, { 0x00, 0x00, 0x7F, 0x41, 0x41, 0x41, 0x41, 0x63, 0x63, 0x55, 0x55, 0x49, 0x41, 0x7F, 0x00, 0x00, 0x00, 0x00, 0x00, 0x00, 0x00, 0x00, 0x00, 0x00, 0x00, 0x00, 0x00, 0x00, 0x00, 0x00, 0x00, 0x00 } },
    { 0x234D, 1, { 0x00, 0x00, 0x7F, 0x41, 0x41, 0x49, 0x49, 0x55, 0x55, 0x63, 0x63, 0x7F, 0x41, 0x7F, 0x00, 0x00, 0x00, 0x00, 0x00, 0x00, 0x00, 0x00, 0x00, 0x00, 0x00, 0x00, 0x00, 0x00, 0x00, 0x00, 0x00, 0x00 } },
    { 0x234E, 1, { 0x00, 0x00, 0x00, 0x00, 0x08, 0x08, 0x08, 0x1C, 0x2A, 0x2A, 0x1C, 0x08, 0x08, 0x7F, 0x00, 0x00, 0x00, 0x00, 0x00, 0x00, 0x00, 0x00, 0x00, 0x00, 0x00, 0x00, 0x00, 0x00, 0x00, 0x00, 0x00, 0x00 } },
    { 0x234F, 1, { 0x00, 0x00, 0x00, 0x00, 0x08, 0x1C, 0x2A, 0x08, 0x7F, 0x08, 0x08, 0x08, 0x08, 0x08, 0x00, 0x00, 0x00, 0x00, 0x00, 0x00, 0x00, 0x00, 0x00, 0x00, 0x00, 0x00, 0x00, 0x00, 0x00, 0x00, 0x00, 0x00 } },
    { 0x2350, 1, { 0x00, 0x00, 0x7F, 0x49, 0x5D, 0x6B, 0x49, 0x49, 0x49, 0x49, 0x49, 0x49, 0x49, 0x7F, 0x00, 0x00, 0x00, 0x00, 0x00, 0x00, 0x00, 0x00, 0x00, 0x00, 0x00, 0x00, 0x00, 0x00, 0x00, 0x00, 0x00, 0x00 } },
    { 0x2351, 1, { 0x00, 0x00, 0x00, 0x00, 0x3E, 0x00, 0x3E, 0x08, 0x08, 0x08, 0x08, 0x08, 0x08, 0x08, 0x00, 0x00, 0x00, 0x00, 0x00, 0x00, 0x00, 0x00, 0x00, 0x00, 0x00, 0x00, 0x00, 0x00, 0x00, 0x00, 0x00, 0x00 } },
    { 0x2352, 1, { 0x00, 0x00, 0x00, 0x00, 0x08, 0x08, 0x3E, 0x2A, 0x2A, 0x1C, 0x1C, 0x08, 0x08, 0x08, 0x00, 0x00, 0x00, 0x00, 0x00, 0x00, 0x00, 0x00, 0x00, 0x00, 0x00, 0x00, 0x00, 0x00, 0x00, 0x00, 0x00, 0x00 } },
    { 0x2353, 1, { 0x00, 0x00, 0x7F, 0x41, 0x49, 0x55, 0x55, 0x63, 0x63, 0x41, 0x41, 0x41, 0x41, 0x7F, 0x00, 0x00, 0x00, 0x00, 0x00, 0x00, 0x00, 0x00, 0x00, 0x00, 0x00, 0x00, 0x00, 0x00, 0x00, 0x00, 0x00, 0x00 } },
    { 0x2354, 1, { 0x00, 0x00, 0x7F, 0x41, 0x41, 0x7F, 0x63, 0x63, 0x55, 0x55, 0x49, 0x49, 0x41, 0x7F, 0x00, 0x00, 0x00, 0x00, 0x00, 0x00, 0x00, 0x00, 0x00, 0x00, 0x00, 0x00, 0x00, 0x00, 0x00, 0x00, 0x00, 0x00 } },
    { 0x2355, 1, { 0x00, 0x00, 0x00, 0x00, 0x7F, 0x08, 0x08, 0x1C, 0x2A, 0x2A, 0x1C, 0x08, 0x08, 0x08, 0x00, 0x00, 0x00, 0x00, 0x00, 0x00, 0x00, 0x00, 0x00, 0x00, 0x00, 0x00, 0x00, 0x00, 0x00, 0x00, 0x00, 0x00 } },
    { 0x2356, 1, { 0x00, 0x00, 0x00, 0x08, 0x08, 0x08, 0x08, 0x08, 0x08, 0x7F, 0x08, 0x2A, 0x1C, 0x08, 0x00, 0x00, 0x00, 0x00, 0x00, 0x00, 0x00, 0x00, 0x00, 0x00, 0x00, 0x00, 0x00, 0x00, 0x00, 0x00, 0x00, 0x00 } },
    { 0x2357, 1, { 0x00, 0x00, 0x7F, 0x49, 0x49, 0x49, 0x49, 0x49, 0x49, 0x49, 0x6B, 0x5D, 0x49, 0x7F, 0x00, 0x00, 0x00, 0x00, 0x00, 0x00, 0x00, 0x00, 0x00, 0x00, 0x00, 0x00, 0x00, 0x00, 0x00, 0x00, 0x00, 0x00 } },
    { 0x2358, 1, { 0x00, 0x00, 0x00, 0x00, 0x08, 0x08, 0x08, 0x00, 0x00, 0x00, 0x00, 0x00, 0x00, 0x3E, 0x00, 0x00, 0x00, 0x00, 0x00, 0x00, 0x00, 0x00, 0x00, 0x00, 0x00, 0x00, 0x00, 0x00, 0x00, 0x00, 0x00, 0x00 } },
    { 0x2359, 1, { 0x00, 0x00, 0x00, 0x00, 0x00, 0x08, 0x08, 0x14, 0x14, 0x22, 0x22, 0x3E, 0x00, 0x3E, 0x00, 0x00, 0x00, 0x00, 0x00, 0x00, 0x00, 0x00, 0x00, 0x00, 0x00, 0x00, 0x00, 0x00, 0x00, 0x00, 0x00, 0x00 } },
    { 0x235A, 1, { 0x00, 0x00, 0x00, 0x00, 0x00, 0x08, 0x14, 0x22, 0x41, 0x22, 0x14, 0x08, 0x00, 0x3E, 0x00, 0x00, 0x00, 0x00, 0x00, 0x00, 0x00, 0x00, 0x00, 0x00, 0x00, 0x00, 0x00, 0x00, 0x00, 0x00, 0x00, 0x00 } },
    { 0x235B, 1, { 0x00, 0x00, 0x00, 0x00, 0x00, 0x00, 0x00, 0x18, 0x24, 0x24, 0x18, 0x00, 0x00, 0x3E, 0x00, 0x00, 0x00, 0x00, 0x00, 0x00, 0x00, 0x00, 0x00, 0x00, 0x00, 0x00, 0x00, 0x00, 0x00, 0x00, 0x00, 0x00 } },
    { 0x235C, 1, { 0x00, 0x00, 0x00, 0x00, 0x00, 0x1C, 0x22, 0x41, 0x41, 0x41, 0x22, 0x1C, 0x00, 0x7F, 0x00, 0x00, 0x00, 0x00, 0x00, 0x00, 0x00, 0x00, 0x00, 0x00, 0x00, 0x00, 0x00, 0x00, 0x00, 0x00, 0x00, 0x00 } },
    { 0x235D, 1, { 0x00, 0x00, 0x00, 0x00, 0x1C, 0x22, 0x49, 0x55, 0x49, 0x41, 0x41, 0x41, 0x41, 0x41, 0x00, 0x00, 0x00, 0x00, 0x00, 0x00, 0x00, 0x00, 0x00, 0x00, 0x00, 0x00, 0x00, 0x00, 0x00, 0x00, 0x00, 0x00 } },
    { 0x235E, 1, { 0x00, 0x00, 0x7F, 0x41, 0x49, 0x49, 0x49, 0x41, 0x41, 0x41, 0x41, 0x41, 0x41, 0x7F, 0x00, 0x00, 0x00, 0x00, 0x00, 0x00, 0x00, 0x00, 0x00, 0x00, 0x00, 0x00, 0x00, 0x00, 0x00, 0x00, 0x00, 0x00 } },
    { 0x235F, 1, { 0x00, 0x00, 0x00, 0x00, 0x1C, 0x22, 0x49, 0x7F, 0x5D, 0x55, 0x22, 0x1C, 0x00, 0x00, 0x00, 0x00, 0x00, 0x00, 0x00, 0x00, 0x00, 0x00, 0x00, 0x00, 0x00, 0x00, 0x00, 0x00, 0x00, 0x00, 0x00, 0x00 } },
    { 0x2360, 1, { 0x00, 0x00, 0x7F, 0x41, 0x41, 0x49, 0x49, 0x41, 0x41, 0x49, 0x49, 0x41, 0x41, 0x7F, 0x00, 0x00, 0x00, 0x00, 0x00, 0x00, 0x00, 0x00, 0x00, 0x00, 0x00, 0x00, 0x00, 0x00, 0x00, 0x00, 0x00, 0x00 } },
    { 0x2361, 1, { 0x00, 0x24, 0x24, 0x00, 0x7F, 0x08, 0x08, 0x08, 0x08, 0x08, 0x08, 0x08, 0x08, 0x08, 0x00, 0x00, 0x00, 0x00, 0x00, 0x00, 0x00, 0x00, 0x00, 0x00, 0x00, 0x00, 0x00, 0x00, 0x00, 0x00, 0x00, 0x00 } },
    { 0x2362, 1, { 0x00, 0x24, 0x24, 0x00, 0x00, 0x3E, 0x22, 0x22, 0x14, 0x14, 0x08, 0x08, 0x00, 0x00, 0x00, 0x00, 0x00, 0x00, 0x00, 0x00, 0x00, 0x00, 0x00, 0x00, 0x00, 0x00, 0x00, 0x00, 0x00, 0x00, 0x00, 0x00 } },
    { 0x2363, 1, { 0x00, 0x24, 0x24, 0x00, 0x00, 0x08, 0x3E, 0x1C, 0x14, 0x00, 0x00, 0x00, 0x00, 0x00, 0x00, 0x00, 0x00, 0x00, 0x00, 0x00, 0x00, 0x00, 0x00, 0x00, 0x00, 0x00, 0x00, 0x00, 0x00, 0x00, 0x00, 0x00 } },
    { 0x2364, 1, { 0x00, 0x24, 0x24, 0x00, 0x00, 0x00, 0x00, 0x18, 0x24, 0x24, 0x18, 0x00, 0x00, 0x00, 0x00, 0x00, 0x00, 0x00, 0x00, 0x00, 0x00, 0x00, 0x00, 0x00, 0x00, 0x00, 0x00, 0x00, 0x00, 0x00, 0x00, 0x00 } },
    { 0x2365, 1, { 0x00, 0x24, 0x24, 0x00, 0x00, 0x00, 0x00, 0x1C, 0x22, 0x41, 0x41, 0x41, 0x22, 0x1C, 0x00, 0x00, 0x00, 0x00, 0x00, 0x00, 0x00, 0x00, 0x00, 0x00, 0x00, 0x00, 0x00, 0x00, 0x00, 0x00, 0x00, 0x00 } },
    { 0x2366, 1, { 0x00, 0x00, 0x00, 0x00, 0x49, 0x49, 0x49, 0x49, 0x49, 0x49, 0x49, 0x2A, 0x1C, 0x08, 0x00, 0x00, 0x00, 0x00, 0x00, 0x00, 0x00, 0x00, 0x00, 0x00, 0x00, 0x00, 0x00, 0x00, 0x00, 0x00, 0x00, 0x00 } },
    { 0x2367, 1, { 0x00, 0x00, 0x00, 0x08, 0x08, 0x1F, 0x28, 0x48, 0x48, 0x48, 0x28, 0x1F, 0x08, 0x08, 0x00, 0x00, 0x00, 0x00, 0x00, 0x00, 0x00, 0x00, 0x00, 0x00, 0x00, 0x00, 0x00, 0x00, 0x00, 0x00, 0x00, 0x00 } },
    { 0x2368, 1, { 0x00, 0x24, 0x24, 0x00, 0x00, 0x00, 0x00, 0x32, 0x4C, 0x00, 0x00, 0x00, 0x00, 0x00, 0x00, 0x00, 0x00, 0x00, 0x00, 0x00, 0x00, 0x00, 0x00, 0x00, 0x00, 0x00, 0x00, 0x00, 0x00, 0x00, 0x00, 0x00 } },
    { 0x2369, 1, { 0x00, 0x24, 0x24, 0x00, 0x40, 0x20, 0x10, 0x08, 0x04, 0x02, 0x04, 0x08, 0x10, 0x20, 0x40, 0x00, 0x00, 0x00, 0x00, 0x00, 0x00, 0x00, 0x00, 0x00, 0x00, 0x00, 0x00, 0x00, 0x00, 0x00, 0x00, 0x00 } },
    { 0x236A, 1, { 0x00, 0x00, 0x00, 0x00, 0x3C, 0x00, 0x00, 0x18, 0x08, 0x08, 0x10, 0x00, 0x00, 0x00, 0x00, 0x00, 0x00, 0x00, 0x00, 0x00, 0x00, 0x00, 0x00, 0x00, 0x00, 0x00, 0x00, 0x00, 0x00, 0x00, 0x00, 0x00 } },
    { 0x236B, 1, { 0x00, 0x00, 0x00, 0x00, 0x00, 0x3E, 0x22, 0x22, 0x14, 0x14, 0x39, 0x4E, 0x00, 0x00, 0x00, 0x00, 0x00, 0x00, 0x00, 0x00, 0x00, 0x00, 0x00, 0x00, 0x00, 0x00, 0x00, 0x00, 0x00, 0x00, 0x00, 0x00 } },
    { 0x236C, 1, { 0x00, 0x00, 0x00, 0x00, 0x1C, 0x22, 0x22, 0x22, 0x33, 0x6E, 0x22, 0x22, 0x22, 0x1C, 0x00, 0x00, 0x00, 0x00, 0x00, 0x00, 0x00, 0x00, 0x00, 0x00, 0x00, 0x00, 0x00, 0x00, 0x00, 0x00, 0x00, 0x00 } },
    { 0x236D, 1, { 0x00, 0x00, 0x00, 0x00, 0x08, 0x08, 0x08, 0x08, 0x08, 0x3A, 0x4C, 0x08, 0x08, 0x08, 0x00, 0x00, 0x00, 0x00, 0x00, 0x00, 0x00, 0x00, 0x00, 0x00, 0x00, 0x00, 0x00, 0x00, 0x00, 0x00, 0x00, 0x00 } },
    { 0x236E, 1, { 0x00, 0x00, 0x00, 0x00, 0x18, 0x18, 0x00, 0x00, 0x18, 0x08, 0x08, 0x10, 0x00, 0x3E, 0x00, 0x00, 0x00, 0x00, 0x00, 0x00, 0x00, 0x00, 0x00, 0x00, 0x00, 0x00, 0x00, 0x00, 0x00, 0x00, 0x00, 0x00 } },
    { 0x236F, 1, { 0x00, 0x00, 0x7F, 0x41, 0x43, 0x45, 0x7F, 0x49, 0x7F, 0x51, 0x61, 0x41, 0x41, 0x7F, 0x00, 0x00, 0x00, 0x00, 0x00, 0x00, 0x00, 0x00, 0x00, 0x00, 0x00, 0x00, 0x00, 0x00, 0x00, 0x00, 0x00, 0x00 } },
    { 0x2370, 1, { 0x00, 0x00, 0x7F, 0x41, 0x49, 0x55, 0x55, 0x45, 0x49, 0x49, 0x41, 0x49, 0x41, 0x7F, 0x00, 0x00, 0x00, 0x00, 0x00, 0x00, 0x00, 0x00, 0x00, 0x00, 0x00, 0x00, 0x00, 0x00, 0x00, 0x00, 0x00, 0x00 } },
    { 0x2371, 1, { 0x00, 0x00, 0x00, 0x00, 0x32, 0x4C, 0x00, 0x22, 0x22, 0x14, 0x14, 0x08, 0x00, 0x00, 0x00, 0x00, 0x00, 0x00, 0x00, 0x00, 0x00, 0x00, 0x00, 0x00, 0x00, 0x00, 0x00, 0x00, 0x00, 0x00, 0x00, 0x00 } },
    { 0x2372, 1, { 0x00, 0x00, 0x00, 0x00, 0x00, 0x32, 0x4C, 0x00, 0x08, 0x14, 0x14, 0x22, 0x22, 0x00, 0x00, 0x00, 0x00, 0x00, 0x00, 0x00, 0x00, 0x00, 0x00, 0x00, 0x00, 0x00, 0x00, 0x00, 0x00, 0x00, 0x00, 0x00 } },
    { 0x2373, 1, { 0x00, 0x00, 0x00, 0x00, 0x00, 0x00, 0x00, 0x18, 0x08, 0x08, 0x08, 0x08, 0x08, 0x06, 0x00, 0x00, 0x00, 0x00, 0x00, 0x00, 0x00, 0x00, 0x00, 0x00, 0x00, 0x00, 0x00, 0x00, 0x00, 0x00, 0x00, 0x00 } },
    { 0x2374, 1, { 0x00, 0x00, 0x00, 0x00, 0x00, 0x00, 0x3C, 0x42, 0x42, 0x42, 0x42, 0x42, 0x62, 0x5C, 0x40, 0x40, 0x00, 0x00, 0x00, 0x00, 0x00, 0x00, 0x00, 0x00, 0x00, 0x00, 0x00, 0x00, 0x00, 0x00, 0x00, 0x00 } },
    { 0x2375, 1, { 0x00, 0x00, 0x00, 0x00, 0x00, 0x00, 0x14, 0x22, 0x49, 0x49, 0x49, 0x49, 0x49, 0x36, 0x00, 0x00, 0x00, 0x00, 0x00, 0x00, 0x00, 0x00, 0x00, 0x00, 0x00, 0x00, 0x00, 0x00, 0x00, 0x00, 0x00, 0x00 } },
    { 0x2376, 1, { 0x00, 0x00, 0x00, 0x00, 0x00, 0x32, 0x4A, 0x44, 0x44, 0x44, 0x4A, 0x32, 0x00, 0x7E, 0x00, 0x00, 0x00, 0x00, 0x00, 0x00, 0x00, 0x00, 0x00, 0x00, 0x00, 0x00, 0x00, 0x00, 0x00, 0x00, 0x00, 0x00 } },
    { 0x2377, 1, { 0x00, 0x00, 0x00, 0x00, 0x00, 0x3E, 0x40, 0x40, 0x7C, 0x40, 0x40, 0x3E, 0x00, 0x7E, 0x00, 0x00, 0x00, 0x00, 0x00, 0x00, 0x00, 0x00, 0x00, 0x00, 0x00, 0x00, 0x00, 0x00, 0x00, 0x00, 0x00, 0x00 } },
    { 0x2378, 1, { 0x00, 0x00, 0x00, 0x00, 0x00, 0x18, 0x08, 0x08, 0x08, 0x08, 0x08, 0x06, 0x00, 0x1E, 0x00, 0x00, 0x00, 0x00, 0x00, 0x00, 0x00, 0x00, 0x00, 0x00, 0x00, 0x00, 0x00, 0x00, 0x00, 0x00, 0x00, 0x00 } },
    { 0x2379, 1, { 0x00, 0x00, 0x00, 0x00, 0x00, 0x22, 0x41, 0x49, 0x49, 0x49, 0x49, 0x36, 0x00, 0x7F, 0x00, 0x00, 0x00, 0x00, 0x00, 0x00, 0x00, 0x00, 0x00, 0x00, 0x00, 0x00, 0x00, 0x00, 0x00, 0x00, 0x00, 0x00 } },
    { 0x237A, 1, { 0x00, 0x00, 0x00, 0x00, 0x00, 0x00, 0x32, 0x4A, 0x44, 0x44, 0x44, 0x44, 0x4A, 0x32, 0x00, 0x00, 0x00, 0x00, 0x00, 0x00, 0x00, 0x00, 0x00, 0x00, 0x00, 0x00, 0x00, 0x00, 0x00, 0x00, 0x00, 0x00 } },
    { 0x237B, 2, { 0x00, 0x00, 0x00, 0x00, 0x00, 0x00, 0x00, 0x02, 0x00, 0x04, 0x00, 0x08, 0x00, 0x10, 0x01, 0xFC, 0x00, 0x40, 0x00, 0x80, 0x41, 0x00, 0x22, 0x00, 0x14, 0x00, 0x08, 0x00, 0x00, 0x00, 0x00, 0x00 } },
    { 0x237C, 2, { 0x00, 0x00, 0x00, 0x00, 0x0A, 0x00, 0x0C, 0x00, 0x08, 0x00, 0x18, 0x00, 0x28, 0x00, 0x18, 0x00, 0x08, 0x00, 0x0C, 0x00, 0x0A, 0x00, 0x0C, 0x00, 0x4F, 0xFE, 0x50, 0x00, 0x60, 0x00, 0x78, 0x00 } },
    { 0x237D, 2, { 0x00, 0x00, 0x00, 0x00, 0x00, 0x00, 0x00, 0x00, 0x00, 0x00, 0x00, 0x00, 0x00, 0x00, 0x00, 0x00, 0x00, 0x00, 0x00, 0x00, 0x78, 0x3C, 0x08, 0x20, 0x08, 0x20, 0x0F, 0xE0, 0x00, 0x00, 0x00, 0x00 } },
    { 0x237E, 2, { 0x00, 0x00, 0x00, 0x00, 0x00, 0x00, 0x00, 0x00, 0x03, 0xC0, 0x04, 0x20, 0x08, 0x10, 0x10, 0x08, 0x10, 0x08, 0x1F, 0xF8, 0x04, 0x20, 0x04, 0x20, 0x04, 0x20, 0x1C, 0x38, 0x00, 0x00, 0x00, 0x00 } },
    { 0x237F, 1, { 0x00, 0x00, 0x08, 0x08, 0x08, 0x08, 0x08, 0x1C, 0x3E, 0x1C, 0x08, 0x08, 0x08, 0x08, 0x00, 0x00, 0x00, 0x00, 0x00, 0x00, 0x00, 0x00, 0x00, 0x00, 0x00, 0x00, 0x00, 0x00, 0x00, 0x00, 0x00, 0x00 } },
    { 0x2380, 1, { 0x00, 0x00, 0x00, 0x38, 0x04, 0x3C, 0x44, 0x44, 0x3A, 0x00, 0x82, 0x44, 0x28, 0x10, 0x00, 0x00, 0x00, 0x00, 0x00, 0x00, 0x00, 0x00, 0x00, 0x00, 0x00, 0x00, 0x00, 0x00, 0x00, 0x00, 0x00, 0x00 } },
    { 0x2381, 2, { 0x00, 0x00, 0x00, 0x00, 0x00, 0x00, 0x00, 0x00, 0x00, 0x00, 0x00, 0x00, 0x38, 0x00, 0x04, 0x00, 0x3C, 0x00, 0x44, 0x00, 0x44, 0x00, 0x3A, 0x54, 0x00, 0x00, 0x7F, 0xFC, 0x00, 0x00, 0x00, 0x00 } },
    { 0x2382, 2, { 0x00, 0x00, 0x00, 0x00, 0x00, 0x00, 0x00, 0x00, 0x00, 0x00, 0x00, 0x00, 0x38, 0x70, 0x04, 0x08, 0x3C, 0x78, 0x44, 0x88, 0x44, 0x88, 0x3A, 0x74, 0x00, 0x00, 0x7E, 0xFC, 0x00, 0x00, 0x00, 0x00 } },
    { 0x2383, 2, { 0x00, 0x00, 0x00, 0x00, 0x00, 0x00, 0x00, 0x00, 0x40, 0x04, 0x20, 0x08, 0x13, 0x90, 0x00, 0x40, 0x73, 0xDC, 0x04, 0x40, 0x14, 0x50, 0x23, 0xA8, 0x40, 0x04, 0x00, 0x00, 0x00, 0x00, 0x00, 0x00 } },
    { 0x2384, 2, { 0x00, 0x00, 0x00, 0x00, 0x00, 0x00, 0x00, 0x00, 0x00, 0x00, 0x00, 0x00, 0x3F, 0xF0, 0x21, 0x08, 0x22, 0x04, 0x22, 0x04, 0x22, 0x04, 0x22, 0x04, 0x21, 0x08, 0x3F, 0xF0, 0x00, 0x00, 0x00, 0x00 } },
    { 0x2385, 2, { 0x00, 0x00, 0x00, 0x00, 0x00, 0x00, 0x00, 0x00, 0x01, 0x00, 0x01, 0x00, 0x1D, 0x70, 0x11, 0x10, 0x11, 0x10, 0x11, 0x10, 0x11, 0x10, 0x11, 0x10, 0x11, 0x10, 0x1D, 0x70, 0x01, 0x00, 0x01, 0x00 } },
    { 0x2386, 2, { 0x00, 0x00, 0x01, 0x00, 0x02, 0x80, 0x04, 0x40, 0x08, 0x20, 0x12, 0x10, 0x03, 0x08, 0x7E, 0x84, 0x40, 0x42, 0x7E, 0x84, 0x03, 0x08, 0x12, 0x10, 0x08, 0x20, 0x04, 0x40, 0x02, 0x80, 0x01, 0x00 } },
    { 0x2387, 2, { 0x00, 0x00, 0x00, 0x00, 0x00, 0x00, 0x00, 0x00, 0x00, 0x00, 0x00, 0x00, 0x00, 0x00, 0x00, 0x20, 0x00, 0x30, 0x00, 0xE8, 0x01, 0x30, 0x02, 0x20, 0x04, 0x00, 0x78, 0xFE, 0x00, 0x00, 0x00, 0x00 } },
    { 0x2388, 2, { 0x00, 0x00, 0x01, 0x00, 0x01, 0x00, 0x23, 0x88, 0x1D, 0x70, 0x19, 0x30, 0x15, 0x50, 0x23, 0x88, 0x23, 0x88, 0x15, 0x50, 0x19, 0x30, 0x1D, 0x70, 0x23, 0x88, 0x01, 0x00, 0x01, 0x00, 0x00, 0x00 } },
    { 0x2389, 2, { 0x00, 0x00, 0x00, 0x00, 0x0F, 0x80, 0x30, 0x60, 0x40, 0x10, 0x40, 0x10, 0x80, 0x08, 0x80, 0x08, 0xF0, 0x78, 0x88, 0x88, 0x88, 0x88, 0x45, 0x10, 0x45, 0x10, 0x32, 0x60, 0x0F, 0x80, 0x00, 0x00 } },
    { 0x238A, 2, { 0x00, 0x00, 0x00, 0x00, 0x0F, 0x80, 0x30, 0x60, 0x40, 0x10, 0x7F, 0xF0, 0xA0, 0x28, 0x90, 0x48, 0x90, 0x48, 0x88, 0x88, 0x88, 0x88, 0x45, 0x10, 0x45, 0x10, 0x32, 0x60, 0x0F, 0x80, 0x00, 0x00 } },
    { 0x238B, 2, { 0x00, 0x00, 0x00, 0x00, 0x01, 0x80, 0x7C, 0x60, 0x48, 0x10, 0x50, 0x10, 0x68, 0x08, 0x44, 0x08, 0x02, 0x08, 0x81, 0x08, 0x80, 0x88, 0x40, 0x50, 0x40, 0x10, 0x30, 0x60, 0x0F, 0x80, 0x00, 0x00 } },
    { 0x238C, 2, { 0x00, 0x00, 0x00, 0x00, 0x00, 0x00, 0x00, 0x00, 0x07, 0xE0, 0x08, 0x10, 0x10, 0x08, 0x7C, 0x08, 0x28, 0x08, 0x10, 0x08, 0x38, 0x1C, 0x44, 0x22, 0x44, 0x22, 0x38, 0x1C, 0x00, 0x00, 0x00, 0x00 } },
    { 0x238D, 2, { 0x00, 0x00, 0x00, 0x00, 0x00, 0x00, 0x00, 0x00, 0x07, 0xE0, 0x04, 0x20, 0x04, 0x20, 0x04, 0x20, 0x04, 0x20, 0x04, 0x20, 0x04, 0x20, 0x04, 0x20, 0x04, 0x20, 0x3C, 0x3C, 0x00, 0x00, 0x00, 0x00 } },
    { 0x238E, 2, { 0x00, 0x00, 0x00, 0x00, 0x00, 0x00, 0x00, 0x00, 0x01, 0xFC, 0x02, 0x10, 0x04, 0x20, 0x04, 0x20, 0x04, 0x20, 0x04, 0x20, 0x04, 0x20, 0x04, 0x20, 0x08, 0x40, 0x3F, 0x80, 0x00, 0x00, 0x00, 0x00 } },
    { 0x238F, 2, { 0x00, 0x00, 0x00, 0x00, 0x00, 0x00, 0x00, 0x00, 0x00, 0x00, 0x1F, 0xF0, 0x02, 0x80, 0x04, 0x40, 0x08, 0x20, 0x10, 0x10, 0x08, 0x20, 0x04, 0x40, 0x02, 0x80, 0x01, 0x00, 0x00, 0x00, 0x00, 0x00 } },
    { 0x2390, 2, { 0x00, 0x00, 0x00, 0x00, 0x00, 0x00, 0x00, 0x00, 0x00, 0x00, 0x01, 0x00, 0x02, 0x80, 0x04, 0x40, 0x08, 0x20, 0x10, 0x10, 0x08, 0x20, 0x04, 0x40, 0x02, 0x80, 0x1F, 0xF0, 0x00, 0x00, 0x00, 0x00 } },
    { 0x2391, 2, { 0x00, 0x00, 0x00, 0x00, 0x00, 0x00, 0x00, 0x00, 0x00, 0x00, 0x1F, 0xF0, 0x02, 0x80, 0x04, 0x40, 0x08, 0x20, 0x1F, 0xF0, 0x08, 0x20, 0x04, 0x40, 0x02, 0x80, 0x01, 0x00, 0x00, 0x00, 0x00, 0x00 } },
    { 0x2392, 2, { 0x00, 0x00, 0x00, 0x00, 0x00, 0x00, 0x00, 0x00, 0x00, 0x00, 0x01, 0x00, 0x02, 0x80, 0x04, 0x40, 0x08, 0x20, 0x1F, 0xF0, 0x08, 0x20, 0x04, 0x40, 0x02, 0x80, 0x1F, 0xF0, 0x00, 0x00, 0x00, 0x00 } },
    { 0x2393, 2, { 0x00, 0x00, 0x00, 0x00, 0x00, 0x00, 0x00, 0x00, 0x00, 0x00, 0x00, 0x00, 0x00, 0x00, 0x00, 0x00, 0x7F, 0xFC, 0x00, 0x00, 0x73, 0x9C, 0x00, 0x00, 0x00, 0x00, 0x00, 0x00, 0x00, 0x00, 0x00, 0x00 } },
    { 0x2394, 2, { 0x00, 0x00, 0x00, 0x00, 0x00, 0x00, 0x00, 0x00, 0x00, 0x00, 0x07, 0xE0, 0x08, 0x10, 0x10, 0x08, 0x20, 0x04, 0x40, 0x02, 0x20, 0x04, 0x10, 0x08, 0x08, 0x10, 0x07, 0xE0, 0x00, 0x00, 0x00, 0x00 } },
    { 0x2395, 1, { 0x00, 0x00, 0x7F, 0x41, 0x41, 0x41, 0x41, 0x41, 0x41, 0x41, 0x41, 0x41, 0x41, 0x7F, 0x00, 0x00, 0x00, 0x00, 0x00, 0x00, 0x00, 0x00, 0x00, 0x00, 0x00, 0x00, 0x00, 0x00, 0x00, 0x00, 0x00, 0x00 } },
    { 0x2396, 1, { 0x00, 0x00, 0x00, 0x00, 0x00, 0x00, 0x7C, 0x7C, 0x78, 0x78, 0x70, 0x70, 0x60, 0x60, 0x40, 0x00, 0x00, 0x00, 0x00, 0x00, 0x00, 0x00, 0x00, 0x00, 0x00, 0x00, 0x00, 0x00, 0x00, 0x00, 0x00, 0x00 } },
    { 0x2397, 2, { 0x00, 0x00, 0x6D, 0xB0, 0x40, 0x10, 0x4F, 0xFC, 0x48, 0x04, 0x4A, 0x04, 0x4E, 0x04, 0x4B, 0xE4, 0x50, 0x24, 0x4B, 0xE4, 0x4E, 0x04, 0x7A, 0x04, 0x08, 0x04, 0x0F, 0xFC, 0x00, 0x00, 0x00, 0x00 } },
    { 0x2398, 2, { 0x00, 0x00, 0x7F, 0xF0, 0x40, 0x10, 0x4E, 0xDC, 0x48, 0x04, 0x49, 0x04, 0x49, 0x84, 0x5F, 0x40, 0x50, 0x24, 0x5F, 0x44, 0x49, 0x80, 0x79, 0x04, 0x08, 0x04, 0x0C, 0xDC, 0x00, 0x00, 0x00, 0x00 } },
    { 0x2399, 2, { 0x00, 0x00, 0x01, 0xE0, 0x03, 0x20, 0x05, 0x20, 0x0F, 0x20, 0x08, 0x20, 0x38, 0x38, 0x48, 0x24, 0x88, 0x22, 0x88, 0x22, 0x8F, 0xE2, 0x80, 0x02, 0x40, 0x04, 0x3F, 0xF8, 0x00, 0x00, 0x00, 0x00 } },
    { 0x239A, 2, { 0x00, 0x00, 0x00, 0x00, 0x00, 0x00, 0x00, 0x00, 0x00, 0x00, 0x1F, 0xF0, 0x20, 0x28, 0x42, 0x44, 0x44, 0x94, 0x49, 0x24, 0x52, 0x44, 0x44, 0x84, 0x28, 0x08, 0x1F, 0xF0, 0x00, 0x00, 0x00, 0x00 } },
    { 0x239B, 1, { 0x00, 0x0E, 0x18, 0x30, 0x30, 0x30, 0x30, 0x30, 0x30, 0x30, 0x30, 0x30, 0x30, 0x30, 0x30, 0x30, 0x00, 0x00, 0x00, 0x00, 0x00, 0x00, 0x00, 0x00, 0x00, 0x00, 0x00, 0x00, 0x00, 0x00, 0x00, 0x00 } },
    { 0x239C, 1, { 0x30, 0x30, 0x30, 0x30, 0x30, 0x30, 0x30, 0x30, 0x30, 0x30, 0x30, 0x30, 0x30, 0x30, 0x30, 0x30, 0x00, 0x00, 0x00, 0x00, 0x00, 0x00, 0x00, 0x00, 0x00, 0x00, 0x00, 0x00, 0x00, 0x00, 0x00, 0x00 } },
    { 0x239D, 1, { 0x30, 0x30, 0x30, 0x30, 0x30, 0x30, 0x30, 0x30, 0x30, 0x30, 0x30, 0x30, 0x30, 0x30, 0x18, 0x0E, 0x00, 0x00, 0x00, 0x00, 0x00, 0x00, 0x00, 0x00, 0x00, 0x00, 0x00, 0x00, 0x00, 0x00, 0x00, 0x00 } },
    { 0x239E, 1, { 0x00, 0x70, 0x18, 0x0C, 0x0C, 0x0C, 0x0C, 0x0C, 0x0C, 0x0C, 0x0C, 0x0C, 0x0C, 0x0C, 0x0C, 0x0C, 0x00, 0x00, 0x00, 0x00, 0x00, 0x00, 0x00, 0x00, 0x00, 0x00, 0x00, 0x00, 0x00, 0x00, 0x00, 0x00 } },
    { 0x239F, 1, { 0x0C, 0x0C, 0x0C, 0x0C, 0x0C, 0x0C, 0x0C, 0x0C, 0x0C, 0x0C, 0x0C, 0x0C, 0x0C, 0x0C, 0x0C, 0x0C, 0x00, 0x00, 0x00, 0x00, 0x00, 0x00, 0x00, 0x00, 0x00, 0x00, 0x00, 0x00, 0x00, 0x00, 0x00, 0x00 } },
    { 0x23A0, 1, { 0x0C, 0x0C, 0x0C, 0x0C, 0x0C, 0x0C, 0x0C, 0x0C, 0x0C, 0x0C, 0x0C, 0x0C, 0x0C, 0x0C, 0x18, 0x70, 0x00, 0x00, 0x00, 0x00, 0x00, 0x00, 0x00, 0x00, 0x00, 0x00, 0x00, 0x00, 0x00, 0x00, 0x00, 0x00 } },
    { 0x23A1, 1, { 0x00, 0x3E, 0x30, 0x30, 0x30, 0x30, 0x30, 0x30, 0x30, 0x30, 0x30, 0x30, 0x30, 0x30, 0x30, 0x30, 0x00, 0x00, 0x00, 0x00, 0x00, 0x00, 0x00, 0x00, 0x00, 0x00, 0x00, 0x00, 0x00, 0x00, 0x00, 0x00 } },
    { 0x23A2, 1, { 0x30, 0x30, 0x30, 0x30, 0x30, 0x30, 0x30, 0x30, 0x30, 0x30, 0x30, 0x30, 0x30, 0x30, 0x30, 0x30, 0x00, 0x00, 0x00, 0x00, 0x00, 0x00, 0x00, 0x00, 0x00, 0x00, 0x00, 0x00, 0x00, 0x00, 0x00, 0x00 } },
    { 0x23A3, 1, { 0x30, 0x30, 0x30, 0x30, 0x30, 0x30, 0x30, 0x30, 0x30, 0x30, 0x30, 0x30, 0x30, 0x30, 0x30, 0x3E, 0x00, 0x00, 0x00, 0x00, 0x00, 0x00, 0x00, 0x00, 0x00, 0x00, 0x00, 0x00, 0x00, 0x00, 0x00, 0x00 } },
    { 0x23A4, 1, { 0x00, 0x7C, 0x0C, 0x0C, 0x0C, 0x0C, 0x0C, 0x0C, 0x0C, 0x0C, 0x0C, 0x0C, 0x0C, 0x0C, 0x0C, 0x0C, 0x00, 0x00, 0x00, 0x00, 0x00, 0x00, 0x00, 0x00, 0x00, 0x00, 0x00, 0x00, 0x00, 0x00, 0x00, 0x00 } },
    { 0x23A5, 1, { 0x0C, 0x0C, 0x0C, 0x0C, 0x0C, 0x0C, 0x0C, 0x0C, 0x0C, 0x0C, 0x0C, 0x0C, 0x0C, 0x0C, 0x0C, 0x0C, 0x00, 0x00, 0x00, 0x00, 0x00, 0x00, 0x00, 0x00, 0x00, 0x00, 0x00, 0x00, 0x00, 0x00, 0x00, 0x00 } },
    { 0x23A6, 1, { 0x0C, 0x0C, 0x0C, 0x0C, 0x0C, 0x0C, 0x0C, 0x0C, 0x0C, 0x0C, 0x0C, 0x0C, 0x0C, 0x0C, 0x0C, 0x7C, 0x00, 0x00, 0x00, 0x00, 0x00, 0x00, 0x00, 0x00, 0x00, 0x00, 0x00, 0x00, 0x00, 0x00, 0x00, 0x00 } },
    { 0x23A7, 1, { 0x00, 0x06, 0x0C, 0x18, 0x18, 0x18, 0x18, 0x18, 0x18, 0x18, 0x18, 0x18, 0x18, 0x18, 0x18, 0x18, 0x00, 0x00, 0x00, 0x00, 0x00, 0x00, 0x00, 0x00, 0x00, 0x00, 0x00, 0x00, 0x00, 0x00, 0x00, 0x00 } },
    { 0x23A8, 1, { 0x18, 0x18, 0x18, 0x18, 0x18, 0x18, 0x10, 0x20, 0x40, 0x20, 0x10, 0x18, 0x18, 0x18, 0x18, 0x18, 0x00, 0x00, 0x00, 0x00, 0x00, 0x00, 0x00, 0x00, 0x00, 0x00, 0x00, 0x00, 0x00, 0x00, 0x00, 0x00 } },
    { 0x23A9, 1, { 0x18, 0x18, 0x18, 0x18, 0x18, 0x18, 0x18, 0x18, 0x18, 0x18, 0x18, 0x18, 0x18, 0x18, 0x0C, 0x06, 0x00, 0x00, 0x00, 0x00, 0x00, 0x00, 0x00, 0x00, 0x00, 0x00, 0x00, 0x00, 0x00, 0x00, 0x00, 0x00 } },
    { 0x23AA, 1, { 0x18, 0x18, 0x18, 0x18, 0x18, 0x18, 0x18, 0x18, 0x18, 0x18, 0x18, 0x18, 0x18, 0x18, 0x18, 0x18, 0x00, 0x00, 0x00, 0x00, 0x00, 0x00, 0x00, 0x00, 0x00, 0x00, 0x00, 0x00, 0x00, 0x00, 0x00, 0x00 } },
    { 0x23AB, 1, { 0x00, 0x60, 0x30, 0x18, 0x18, 0x18, 0x18, 0x18, 0x18, 0x18, 0x18, 0x18, 0x18, 0x18, 0x18, 0x18, 0x00, 0x00, 0x00, 0x00, 0x00, 0x00, 0x00, 0x00, 0x00, 0x00, 0x00, 0x00, 0x00, 0x00, 0x00, 0x00 } },
    { 0x23AC, 1, { 0x18, 0x18, 0x18, 0x18, 0x18, 0x18, 0x08, 0x04, 0x02, 0x04, 0x08, 0x18, 0x18, 0x18, 0x18, 0x18, 0x00, 0x00, 0x00, 0x00, 0x00, 0x00, 0x00, 0x00, 0x00, 0x00, 0x00, 0x00, 0x00, 0x00, 0x00, 0x00 } },
    { 0x23AD, 1, { 0x18, 0x18, 0x18, 0x18, 0x18, 0x18, 0x18, 0x18, 0x18, 0x18, 0x18, 0x18, 0x18, 0x18, 0x30, 0x60, 0x00, 0x00, 0x00, 0x00, 0x00, 0x00, 0x00, 0x00, 0x00, 0x00, 0x00, 0x00, 0x00, 0x00, 0x00, 0x00 } },
    { 0x23AE, 1, { 0x08, 0x08, 0x08, 0x08, 0x08, 0x08, 0x08, 0x08, 0x08, 0x08, 0x08, 0x08, 0x08, 0x08, 0x08, 0x08, 0x00, 0x00, 0x00, 0x00, 0x00, 0x00, 0x00, 0x00, 0x00, 0x00, 0x00, 0x00, 0x00, 0x00, 0x00, 0x00 } },
    { 0x23AF, 1, { 0x00, 0x00, 0x00, 0x00, 0x00, 0x00, 0x00, 0x00, 0x00, 0xFF, 0x00, 0x00, 0x00, 0x00, 0x00, 0x00, 0x00, 0x00, 0x00, 0x00, 0x00, 0x00, 0x00, 0x00, 0x00, 0x00, 0x00, 0x00, 0x00, 0x00, 0x00, 0x00 } },
    { 0x23B0, 1, { 0x06, 0x0C, 0x18, 0x18, 0x18, 0x18, 0x18, 0x18, 0x18, 0x18, 0x18, 0x18, 0x18, 0x18, 0x30, 0x60, 0x00, 0x00, 0x00, 0x00, 0x00, 0x00, 0x00, 0x00, 0x00, 0x00, 0x00, 0x00, 0x00, 0x00, 0x00, 0x00 } },
    { 0x23B1, 1, { 0x60, 0x30, 0x18, 0x18, 0x18, 0x18, 0x18, 0x18, 0x18, 0x18, 0x18, 0x18, 0x18, 0x18, 0x0C, 0x06, 0x00, 0x00, 0x00, 0x00, 0x00, 0x00, 0x00, 0x00, 0x00, 0x00, 0x00, 0x00, 0x00, 0x00, 0x00, 0x00 } },
    { 0x23B2, 2, { 0x00, 0x00, 0x00, 0x00, 0x00, 0x00, 0x00, 0x00, 0x7F, 0xFE, 0x30, 0x0E, 0x30, 0x06, 0x18, 0x02, 0x18, 0x00, 0x0C, 0x00, 0x0C, 0x00, 0x06, 0x00, 0x06, 0x00, 0x03, 0x00, 0x03, 0x00, 0x01, 0x80 } },
    { 0x23B3, 2, { 0x01, 0x80, 0x03, 0x00, 0x03, 0x00, 0x06, 0x00, 0x06, 0x00, 0x0C, 0x00, 0x0C, 0x00, 0x18, 0x00, 0x18, 0x02, 0x30, 0x06, 0x30, 0x0E, 0x7F, 0xFE, 0x00, 0x00, 0x00, 0x00, 0x00, 0x00, 0x00, 0x00 } },
    { 0x23B4, 2, { 0x00, 0x00, 0x00, 0x00, 0x00, 0x00, 0x00, 0x00, 0x7F, 0xFE, 0x40, 0x02, 0x40, 0x02, 0x00, 0x00, 0x00, 0x00, 0x00, 0x00, 0x00, 0x00, 0x00, 0x00, 0x00, 0x00, 0x00, 0x00, 0x00, 0x00, 0x00, 0x00 } },
    { 0x23B5, 2, { 0x00, 0x00, 0x00, 0x00, 0x00, 0x00, 0x00, 0x00, 0x00, 0x00, 0x00, 0x00, 0x00, 0x00, 0x00, 0x00, 0x00, 0x00, 0x00, 0x00, 0x00, 0x00, 0x00, 0x00, 0x00, 0x00, 0x40, 0x02, 0x40, 0x02, 0x7F, 0xFE } },
    { 0x23B6, 2, { 0x00, 0x00, 0x00, 0x00, 0x00, 0x00, 0x00, 0x00, 0x00, 0x00, 0x00, 0x00, 0x40, 0x02, 0x40, 0x02, 0x7F, 0xFE, 0x00, 0x00, 0x7F, 0xFE, 0x40, 0x02, 0x40, 0x02, 0x00, 0x00, 0x00, 0x00, 0x00, 0x00 } },
    { 0x23B7, 1, { 0x08, 0x08, 0x08, 0x08, 0x08, 0x08, 0x08, 0x08, 0x68, 0x28, 0x28, 0x18, 0x18, 0x08, 0x08, 0x00, 0x00, 0x00, 0x00, 0x00, 0x00, 0x00, 0x00, 0x00, 0x00, 0x00, 0x00, 0x00, 0x00, 0x00, 0x00, 0x00 } },
    { 0x23B8, 1, { 0x80, 0x80, 0x80, 0x80, 0x80, 0x80, 0x80, 0x80, 0x80, 0x80, 0x80, 0x80, 0x80, 0x80, 0x80, 0x80, 0x00, 0x00, 0x00, 0x00, 0x00, 0x00, 0x00, 0x00, 0x00, 0x00, 0x00, 0x00, 0x00, 0x00, 0x00, 0x00 } },
    { 0x23B9, 1, { 0x01, 0x01, 0x01, 0x01, 0x01, 0x01, 0x01, 0x01, 0x01, 0x01, 0x01, 0x01, 0x01, 0x01, 0x01, 0x01, 0x00, 0x00, 0x00, 0x00, 0x00, 0x00, 0x00, 0x00, 0x00, 0x00, 0x00, 0x00, 0x00, 0x00, 0x00, 0x00 } },
    { 0x23BA, 1, { 0xFF, 0x00, 0x00, 0x00, 0x00, 0x00, 0x00, 0x00, 0x00, 0x00, 0x00, 0x00, 0x00, 0x00, 0x00, 0x00, 0x00, 0x00, 0x00, 0x00, 0x00, 0x00, 0x00, 0x00, 0x00, 0x00, 0x00, 0x00, 0x00, 0x00, 0x00, 0x00 } },
    { 0x23BB, 1, { 0x00, 0x00, 0x00, 0x00, 0xFF, 0x00, 0x00, 0x00, 0x00, 0x00, 0x00, 0x00, 0x00, 0x00, 0x00, 0x00, 0x00, 0x00, 0x00, 0x00, 0x00, 0x00, 0x00, 0x00, 0x00, 0x00, 0x00, 0x00, 0x00, 0x00, 0x00, 0x00 } },
    { 0x23BC, 1, { 0x00, 0x00, 0x00, 0x00, 0x00, 0x00, 0x00, 0x00, 0x00, 0x00, 0x00, 0xFF, 0x00, 0x00, 0x00, 0x00, 0x00, 0x00, 0x00, 0x00, 0x00, 0x00, 0x00, 0x00, 0x00, 0x00, 0x00, 0x00, 0x00, 0x00, 0x00, 0x00 } },
    { 0x23BD, 1, { 0x00, 0x00, 0x00, 0x00, 0x00, 0x00, 0x00, 0x00, 0x00, 0x00, 0x00, 0x00, 0x00, 0x00, 0x00, 0xFF, 0x00, 0x00, 0x00, 0x00, 0x00, 0x00, 0x00, 0x00, 0x00, 0x00, 0x00, 0x00, 0x00, 0x00, 0x00, 0x00 } },
    { 0x23BE, 1, { 0x00, 0x3F, 0x20, 0x20, 0x20, 0x20, 0x20, 0x20, 0x20, 0x20, 0x20, 0x20, 0x20, 0x20, 0x20, 0x00, 0x00, 0x00, 0x00, 0x00, 0x00, 0x00, 0x00, 0x00, 0x00, 0x00, 0x00, 0x00, 0x00, 0x00, 0x00, 0x00 } },
    { 0x23BF, 1, { 0x00, 0x20, 0x20, 0x20, 0x20, 0x20, 0x20, 0x20, 0x20, 0x20, 0x20, 0x20, 0x20, 0x20, 0x3F, 0x00, 0x00, 0x00, 0x00, 0x00, 0x00, 0x00, 0x00, 0x00, 0x00, 0x00, 0x00, 0x00, 0x00, 0x00, 0x00, 0x00 } },
    { 0x23C0, 2, { 0x00, 0x00, 0x01, 0x00, 0x01, 0x00, 0x03, 0x80, 0x0D, 0x60, 0x11, 0x10, 0x11, 0x10, 0x21, 0x08, 0x21, 0x08, 0x11, 0x10, 0x11, 0x10, 0x0D, 0x60, 0x03, 0x80, 0x01, 0x00, 0x01, 0x00, 0x00, 0x00 } },
    { 0x23C1, 2, { 0x00, 0x00, 0xFF, 0xFF, 0x01, 0x00, 0x03, 0x80, 0x0D, 0x60, 0x11, 0x10, 0x11, 0x10, 0x21, 0x08, 0x21, 0x08, 0x11, 0x10, 0x11, 0x10, 0x0D, 0x60, 0x03, 0x80, 0x01, 0x00, 0x01, 0x00, 0x00, 0x00 } },
    { 0x23C2, 2, { 0x00, 0x00, 0x01, 0x00, 0x01, 0x00, 0x03, 0x80, 0x0D, 0x60, 0x11, 0x10, 0x11, 0x10, 0x21, 0x08, 0x21, 0x08, 0x11, 0x10, 0x11, 0x10, 0x0D, 0x60, 0x03, 0x80, 0x01, 0x00, 0xFF, 0xFF, 0x00, 0x00 } },
    { 0x23C3, 2, { 0x00, 0x00, 0x01, 0x00, 0x01, 0x00, 0x03, 0x80, 0x03, 0x80, 0x05, 0x40, 0x05, 0x40, 0x09, 0x20, 0x09, 0x20, 0x11, 0x10, 0x11, 0x10, 0x21, 0x08, 0x3F, 0xF8, 0x01, 0x00, 0x01, 0x00, 0x00, 0x00 } },
    { 0x23C4, 2, { 0x00, 0x00, 0xFF, 0xFF, 0x01, 0x00, 0x03, 0x80, 0x03, 0x80, 0x05, 0x40, 0x05, 0x40, 0x09, 0x20, 0x09, 0x20, 0x11, 0x10, 0x11, 0x10, 0x21, 0x08, 0x3F, 0xF8, 0x01, 0x00, 0x01, 0x00, 0x00, 0x00 } },
    { 0x23C5, 2, { 0x00, 0x00, 0x01, 0x00, 0x01, 0x00, 0x03, 0x80, 0x03, 0x80, 0x05, 0x40, 0x05, 0x40, 0x09, 0x20, 0x09, 0x20, 0x11, 0x10, 0x11, 0x10, 0x21, 0x08, 0x3F, 0xF8, 0x01, 0x00, 0xFF, 0xFF, 0x00, 0x00 } },
    { 0x23C6, 2, { 0x00, 0x00, 0x01, 0x00, 0x01, 0x00, 0x01, 0x00, 0x01, 0x00, 0x01, 0x00, 0x1D, 0x00, 0x23, 0x00, 0x01, 0x88, 0x01, 0x70, 0x01, 0x00, 0x01, 0x00, 0x01, 0x00, 0x01, 0x00, 0x01, 0x00, 0x00, 0x00 } },
    { 0x23C7, 2, { 0x00, 0x00, 0xFF, 0xFF, 0x01, 0x00, 0x01, 0x00, 0x01, 0x00, 0x01, 0x00, 0x1D, 0x00, 0x23, 0x00, 0x01, 0x88, 0x01, 0x70, 0x01, 0x00, 0x01, 0x00, 0x01, 0x00, 0x01, 0x00, 0x01, 0x00, 0x00, 0x00 } },
    { 0x23C8, 2, { 0x00, 0x00, 0x01, 0x00, 0x01, 0x00, 0x01, 0x00, 0x01, 0x00, 0x01, 0x00, 0x1D, 0x00, 0x23, 0x00, 0x01, 0x88, 0x01, 0x70, 0x01, 0x00, 0x01, 0x00, 0x01, 0x00, 0x01, 0x00, 0xFF, 0xFF, 0x00, 0x00 } },
    { 0x23C9, 2, { 0x00, 0x00, 0xFF, 0xFF, 0x01, 0x00, 0x01, 0x00, 0x01, 0x00, 0x01, 0x00, 0x01, 0x00, 0x01, 0x00, 0x01, 0x00, 0x01, 0x00, 0x01, 0x00, 0x01, 0x00, 0x01, 0x00, 0x01, 0x00, 0x01, 0x00, 0x00, 0x00 } },
    { 0x23CA, 2, { 0x00, 0x00, 0x01, 0x00, 0x01, 0x00, 0x01, 0x00, 0x01, 0x00, 0x01, 0x00, 0x01, 0x00, 0x01, 0x00, 0x01, 0x00, 0x01, 0x00, 0x01, 0x00, 0x01, 0x00, 0x01, 0x00, 0x01, 0x00, 0xFF, 0xFF, 0x00, 0x00 } },
    { 0x23CB, 1, { 0x00, 0xFC, 0x04, 0x04, 0x04, 0x04, 0x04, 0x04, 0x04, 0x04, 0x04, 0x04, 0x04, 0x04, 0x04, 0x00, 0x00, 0x00, 0x00, 0x00, 0x00, 0x00, 0x00, 0x00, 0x00, 0x00, 0x00, 0x00, 0x00, 0x00, 0x00, 0x00 } },
    { 0x23CC, 1, { 0x00, 0x04, 0x04, 0x04, 0x04, 0x04, 0x04, 0x04, 0x04, 0x04, 0x04, 0x04, 0x04, 0x04, 0xFC, 0x00, 0x00, 0x00, 0x00, 0x00, 0x00, 0x00, 0x00, 0x00, 0x00, 0x00, 0x00, 0x00, 0x00, 0x00, 0x00, 0x00 } },
    { 0x23CD, 2, { 0x00, 0x00, 0x00, 0x80, 0x79, 0x3C, 0x42, 0x04, 0x44, 0x04, 0x40, 0x04, 0x40, 0x04, 0x40, 0x04, 0x40, 0x04, 0x40, 0x04, 0x40, 0x04, 0x40, 0x04, 0x40, 0x04, 0x7F, 0xFC, 0x00, 0x00, 0x00, 0x00 } },
    { 0x23CE, 2, { 0x00, 0x00, 0x00, 0x00, 0x00, 0x3E, 0x00, 0x22, 0x00, 0x22, 0x00, 0x22, 0x04, 0x22, 0x0C, 0x42, 0x17, 0x82, 0x20, 0x02, 0x40, 0x04, 0x20, 0x08, 0x17, 0xF0, 0x0C, 0x00, 0x04, 0x00, 0x00, 0x00 } },
    { 0x23CF, 1, { 0x00, 0x00, 0x00, 0x00, 0x00, 0x00, 0x10, 0x38, 0x7C, 0xFE, 0x00, 0xFE, 0xFE, 0xFE, 0x00, 0x00, 0x00, 0x00, 0x00, 0x00, 0x00, 0x00, 0x00, 0x00, 0x00, 0x00, 0x00, 0x00, 0x00, 0x00, 0x00, 0x00 } },
    { 0x23D0, 1, { 0x08, 0x08, 0x08, 0x08, 0x08, 0x08, 0x08, 0x08, 0x08, 0x08, 0x08, 0x08, 0x08, 0x08, 0x08, 0x08, 0x00, 0x00, 0x00, 0x00, 0x00, 0x00, 0x00, 0x00, 0x00, 0x00, 0x00, 0x00, 0x00, 0x00, 0x00, 0x00 } },
    { 0x23D1, 1, { 0x00, 0x00, 0x00, 0x00, 0x00, 0x00, 0x00, 0x00, 0x82, 0x44, 0x38, 0x00, 0x00, 0x00, 0x00, 0x00, 0x00, 0x00, 0x00, 0x00, 0x00, 0x00, 0x00, 0x00, 0x00, 0x00, 0x00, 0x00, 0x00, 0x00, 0x00, 0x00 } },
    { 0x23D2, 1, { 0x00, 0x00, 0x00, 0x00, 0x00, 0x00, 0xFE, 0x00, 0x82, 0x44, 0x38, 0x00, 0x00, 0x00, 0x00, 0x00, 0x00, 0x00, 0x00, 0x00, 0x00, 0x00, 0x00, 0x00, 0x00, 0x00, 0x00, 0x00, 0x00, 0x00, 0x00, 0x00 } },
    { 0x23D3, 1, { 0x00, 0x00, 0x00, 0x00, 0x00, 0x00, 0x00, 0x00, 0x82, 0x44, 0x38, 0x00, 0xFE, 0x00, 0x00, 0x00, 0x00, 0x00, 0x00, 0x00, 0x00, 0x00, 0x00, 0x00, 0x00, 0x00, 0x00, 0x00, 0x00, 0x00, 0x00, 0x00 } },
    { 0x23D4, 2, { 0x00, 0x00, 0x00, 0x00, 0x00, 0x00, 0x00, 0x00, 0x00, 0x00, 0x00, 0x00, 0xFF, 0xFE, 0x00, 0x00, 0x82, 0x82, 0x44, 0x44, 0x38, 0x38, 0x00, 0x00, 0x00, 0x00, 0x00, 0x00, 0x00, 0x00, 0x00, 0x00 } },
    { 0x23D5, 2, { 0x00, 0x00, 0x00, 0x00, 0x00, 0x00, 0x00, 0x00, 0x00, 0x00, 0x00, 0x00, 0x00, 0x00, 0x00, 0x00, 0x82, 0x82, 0x44, 0x44, 0x38, 0x38, 0x00, 0x00, 0xFF, 0xFE, 0x00, 0x00, 0x00, 0x00, 0x00, 0x00 } },
    { 0x23D6, 2, { 0x00, 0x00, 0x00, 0x00, 0x00, 0x00, 0x00, 0x00, 0x00, 0x00, 0x00, 0x00, 0x00, 0x00, 0x00, 0x00, 0x41, 0x82, 0x22, 0x44, 0x1C, 0x38, 0x00, 0x00, 0x00, 0x00, 0x00, 0x00, 0x00, 0x00, 0x00, 0x00 } },
    { 0x23D7, 2, { 0x00, 0x00, 0x00, 0x00, 0x00, 0x00, 0x00, 0x00, 0x00, 0x02, 0x00, 0x02, 0x00, 0x02, 0x00, 0x02, 0x00, 0x02, 0x7F, 0xFE, 0x00, 0x00, 0x00, 0x00, 0x00, 0x00, 0x00, 0x00, 0x00, 0x00, 0x00, 0x00 } },
    { 0x23D8, 2, { 0x00, 0x00, 0x00, 0x00, 0x00, 0x00, 0x00, 0x00, 0x40, 0x02, 0x40, 0x02, 0x40, 0x02, 0x40, 0x02, 0x40, 0x02, 0x7F, 0xFE, 0x00, 0x00, 0x00, 0x00, 0x00, 0x00, 0x00, 0x00, 0x00, 0x00, 0x00, 0x00 } },
    { 0x23D9, 2, { 0x00, 0x00, 0x00, 0x00, 0x00, 0x00, 0x00, 0x00, 0x41, 0x02, 0x41, 0x02, 0x41, 0x02, 0x41, 0x02, 0x41, 0x02, 0x7F, 0xFE, 0x00, 0x00, 0x00, 0x00, 0x00, 0x00, 0x00, 0x00, 0x00, 0x00, 0x00, 0x00 } },
    { 0x23DA, 1, { 0x08, 0x08, 0x08, 0x08, 0x08, 0x08, 0x08, 0x08, 0x08, 0x08, 0x08, 0x7F, 0x00, 0x1C, 0x00, 0x08, 0x00, 0x00, 0x00, 0x00, 0x00, 0x00, 0x00, 0x00, 0x00, 0x00, 0x00, 0x00, 0x00, 0x00, 0x00, 0x00 } },
    { 0x23DB, 2, { 0x00, 0x00, 0x00, 0x00, 0x00, 0x00, 0x00, 0x00, 0x00, 0x00, 0x00, 0x00, 0x1F, 0xF8, 0x10, 0x08, 0x10, 0x08, 0xFF, 0xFF, 0x10, 0x08, 0x10, 0x08, 0x1F, 0xF8, 0x00, 0x00, 0x00, 0x00, 0x00, 0x00 } },
    { 0x23DC, 2, { 0x00, 0x00, 0x00, 0x00, 0x00, 0x00, 0x00, 0x00, 0x00, 0x00, 0x00, 0x00, 0x00, 0x00, 0x00, 0x00, 0x00, 0x00, 0x00, 0x00, 0x07, 0xE0, 0x38, 0x1C, 0x40, 0x02, 0x80, 0x01, 0x00, 0x00, 0x00, 0x00 } },
    { 0x23DD, 2, { 0x00, 0x00, 0x00, 0x00, 0x80, 0x01, 0x40, 0x02, 0x38, 0x1C, 0x07, 0xE0, 0x00, 0x00, 0x00, 0x00, 0x00, 0x00, 0x00, 0x00, 0x00, 0x00, 0x00, 0x00, 0x00, 0x00, 0x00, 0x00, 0x00, 0x00, 0x00, 0x00 } },
    { 0x23DE, 2, { 0x00, 0x00, 0x00, 0x00, 0x00, 0x00, 0x00, 0x00, 0x00, 0x00, 0x00, 0x00, 0x00, 0x00, 0x00, 0x00, 0x00, 0x00, 0x01, 0x00, 0x02, 0x80, 0x3C, 0x78, 0x40, 0x04, 0x80, 0x02, 0x00, 0x00, 0x00, 0x00 } },
    { 0x23DF, 2, { 0x00, 0x00, 0x00, 0x00, 0x80, 0x02, 0x40, 0x04, 0x3C, 0x78, 0x02, 0x80, 0x01, 0x00, 0x00, 0x00, 0x00, 0x00, 0x00, 0x00, 0x00, 0x00, 0x00, 0x00, 0x00, 0x00, 0x00, 0x00, 0x00, 0x00, 0x00, 0x00 } },
    { 0x23E0, 2, { 0x00, 0x00, 0x00, 0x00, 0x00, 0x00, 0x00, 0x00, 0x00, 0x00, 0x00, 0x00, 0x00, 0x00, 0x00, 0x00, 0x00, 0x00, 0x00, 0x00, 0x0F, 0xF0, 0x10, 0x08, 0x20, 0x04, 0x40, 0x02, 0x00, 0x00, 0x00, 0x00 } },
    { 0x23E1, 2, { 0x00, 0x00, 0x00, 0x00, 0x40, 0x02, 0x20, 0x04, 0x10, 0x08, 0x0F, 0xF0, 0x00, 0x00, 0x00, 0x00, 0x00, 0x00, 0x00, 0x00, 0x00, 0x00, 0x00, 0x00, 0x00, 0x00, 0x00, 0x00, 0x00, 0x00, 0x00, 0x00 } },
    { 0x23E2, 2, { 0x00, 0x00, 0x00, 0x00, 0x00, 0x00, 0x00, 0x00, 0x00, 0x00, 0x7F, 0xC0, 0x40, 0x20, 0x40, 0x20, 0x40, 0x10, 0x40, 0x10, 0x40, 0x08, 0x40, 0x08, 0x40, 0x04, 0x7F, 0xFC, 0x00, 0x00, 0x00, 0x00 } },
    { 0x23E3, 2, { 0x00, 0x00, 0x00, 0x00, 0x00, 0x80, 0x01, 0x40, 0x02, 0x20, 0x04, 0x10, 0x09, 0xC8, 0x0A, 0x28, 0x0A, 0x28, 0x0A, 0x28, 0x09, 0xC8, 0x04, 0x10, 0x02, 0x20, 0x01, 0x40, 0x00, 0x80, 0x00, 0x00 } },
    { 0x23E4, 2, { 0x00, 0x00, 0x00, 0x00, 0x00, 0x00, 0x00, 0x00, 0x00, 0x00, 0x00, 0x00, 0x00, 0x00, 0x00, 0x00, 0x00, 0x00, 0x7F, 0xFE, 0x00, 0x00, 0x00, 0x00, 0x00, 0x00, 0x00, 0x00, 0x00, 0x00, 0x00, 0x00 } },
    { 0x23E5, 2, { 0x00, 0x00, 0x00, 0x00, 0x00, 0x00, 0x00, 0x00, 0x00, 0x00, 0x00, 0x00, 0x00, 0x00, 0x00, 0x00, 0x0F, 0xFC, 0x10, 0x08, 0x10, 0x08, 0x20, 0x10, 0x20, 0x10, 0x7F, 0xE0, 0x00, 0x00, 0x00, 0x00 } },
    { 0x23E6, 2, { 0x00, 0x00, 0x00, 0x00, 0x00, 0x00, 0x00, 0x00, 0x00, 0x00, 0x00, 0x00, 0x18, 0x00, 0x24, 0x00, 0x42, 0x00, 0x7F, 0xFC, 0x00, 0x84, 0x00, 0x48, 0x00, 0x30, 0x00, 0x00, 0x00, 0x00, 0x00, 0x00 } },
    { 0x23E7, 2, { 0x00, 0x00, 0x00, 0x00, 0x24, 0x00, 0x24, 0x00, 0x22, 0x00, 0x22, 0x06, 0xA9, 0x18, 0x71, 0xA0, 0x21, 0xC0, 0x03, 0xE0, 0x01, 0xC0, 0x02, 0xA0, 0x04, 0x10, 0x08, 0x08, 0x10, 0x04, 0x00, 0x00 } },
    { 0x23E8, 1, { 0x00, 0x00, 0x00, 0x00, 0x00, 0x00, 0x00, 0x00, 0x24, 0x6A, 0x2A, 0x2A, 0x2A, 0x24, 0x00, 0x00, 0x00, 0x00, 0x00, 0x00, 0x00, 0x00, 0x00, 0x00, 0x00, 0x00, 0x00, 0x00, 0x00, 0x00, 0x00, 0x00 } },
    { 0x23E9, 2, { 0x00, 0x00, 0x00, 0x00, 0x00, 0x00, 0x00, 0x00, 0x00, 0x00, 0x20, 0x80, 0x30, 0xC0, 0x38, 0xE0, 0x3C, 0xF0, 0x3E, 0xF8, 0x3C, 0xF0, 0x38, 0xE0, 0x30, 0xC0, 0x20, 0x80, 0x00, 0x00, 0x00, 0x00 } },
    { 0x23EA, 2, { 0x00, 0x00, 0x00, 0x00, 0x00, 0x00, 0x00, 0x00, 0x00, 0x00, 0x02, 0x08, 0x06, 0x18, 0x0E, 0x38, 0x1E, 0x78, 0x3E, 0xF8, 0x1E, 0x78, 0x0E, 0x38, 0x06, 0x18, 0x02, 0x08, 0x00, 0x00, 0x00, 0x00 } },
    { 0x23EB, 2, { 0x00, 0x00, 0x00, 0x00, 0x00, 0x00, 0x00, 0x00, 0x01, 0x00, 0x03, 0x80, 0x07, 0xC0, 0x0F, 0xE0, 0x1F, 0xF0, 0x00, 0x00, 0x01, 0x00, 0x03, 0x80, 0x07, 0xC0, 0x0F, 0xE0, 0x1F, 0xF0, 0x00, 0x00 } },
    { 0x23EC, 2, { 0x00, 0x00, 0x00, 0x00, 0x00, 0x00, 0x00, 0x00, 0x1F, 0xF0, 0x0F, 0xE0, 0x07, 0xC0, 0x03, 0x80, 0x01, 0x00, 0x00, 0x00, 0x1F, 0xF0, 0x0F, 0xE0, 0x07, 0xC0, 0x03, 0x80, 0x01, 0x00, 0x00, 0x00 } },
    { 0x23ED, 2, { 0x00, 0x00, 0x00, 0x00, 0x00, 0x00, 0x00, 0x00, 0x00, 0x00, 0x41, 0x04, 0x61, 0x84, 0x71, 0xC4, 0x79, 0xE4, 0x7D, 0xF4, 0x79, 0xE4, 0x71, 0xC4, 0x61, 0x84, 0x41, 0x04, 0x00, 0x00, 0x00, 0x00 } },
    { 0x23EE, 2, { 0x00, 0x00, 0x00, 0x00, 0x00, 0x00, 0x00, 0x00, 0x00, 0x00, 0x41, 0x04, 0x43, 0x0C, 0x47, 0x1C, 0x4F, 0x3C, 0x5F, 0x7C, 0x4F, 0x3C, 0x47, 0x1C, 0x43, 0x0C, 0x41, 0x04, 0x00, 0x00, 0x00, 0x00 } },
    { 0x23EF, 2, { 0x00, 0x00, 0x00, 0x00, 0x00, 0x00, 0x00, 0x00, 0x00, 0x00, 0x10, 0x48, 0x18, 0x48, 0x1C, 0x48, 0x1E, 0x48, 0x1F, 0x48, 0x1E, 0x48, 0x1C, 0x48, 0x18, 0x48, 0x10, 0x48, 0x00, 0x00, 0x00, 0x00 } },
    { 0x23F0, 2, { 0x00, 0x00, 0x01, 0x00, 0x19, 0x30, 0x37, 0xD8, 0x28, 0x28, 0x11, 0x10, 0x21, 0x08, 0x21, 0x08, 0x21, 0x08, 0x22, 0x08, 0x24, 0x08, 0x10, 0x10, 0x08, 0x20, 0x0F, 0xE0, 0x1C, 0x70, 0x00, 0x00 } },
    { 0x23F1, 2, { 0x00, 0x00, 0x03, 0x00, 0x03, 0x00, 0x07, 0xD8, 0x08, 0x38, 0x11, 0x10, 0x21, 0x08, 0x21, 0x08, 0x21, 0x08, 0x20, 0x08, 0x20, 0x08, 0x10, 0x10, 0x08, 0x20, 0x07, 0xC0, 0x00, 0x00, 0x00, 0x00 } },
    { 0x23F2, 2, { 0x00, 0x00, 0x00, 0x00, 0x00, 0x00, 0x07, 0xC0, 0x08, 0x20, 0x10, 0x10, 0x24, 0x08, 0x22, 0x08, 0x21, 0x08, 0x20, 0x08, 0x20, 0x08, 0x10, 0x10, 0x08, 0x20, 0x07, 0xC0, 0x00, 0x00, 0x00, 0x00 } },
    { 0x23F3, 2, { 0x00, 0x00, 0x00, 0x00, 0x7F, 0xFC, 0x10, 0x10, 0x10, 0x10, 0x12, 0x90, 0x0D, 0x60, 0x06, 0xC0, 0x02, 0x80, 0x06, 0xC0, 0x08, 0x20, 0x11, 0x10, 0x1A, 0xB0, 0x15, 0x50, 0x7F, 0xFC, 0x00, 0x00 } },
    { 0x23F4, 2, { 0x00, 0x00, 0x00, 0x00, 0x00, 0x00, 0x00, 0x00, 0x00, 0x40, 0x00, 0xC0, 0x01, 0xC0, 0x03, 0xC0, 0x07, 0xC0, 0x0F, 0xC0, 0x07, 0xC0, 0x03, 0xC0, 0x01, 0xC0, 0x00, 0xC0, 0x00, 0x40, 0x00, 0x00 } },
    { 0x23F5, 2, { 0x00, 0x00, 0x00, 0x00, 0x00, 0x00, 0x00, 0x00, 0x08, 0x00, 0x0C, 0x00, 0x0E, 0x00, 0x0F, 0x00, 0x0F, 0x80, 0x0F, 0xC0, 0x0F, 0x80, 0x0F, 0x00, 0x0E, 0x00, 0x0C, 0x00, 0x08, 0x00, 0x00, 0x00 } },
    { 0x23F6, 2, { 0x00, 0x00, 0x00, 0x00, 0x00, 0x00, 0x00, 0x00, 0x00, 0x00, 0x00, 0x00, 0x01, 0x00, 0x03, 0x80, 0x07, 0xC0, 0x0F, 0xE0, 0x1F, 0xF0, 0x3F, 0xF8, 0x00, 0x00, 0x00, 0x00, 0x00, 0x00, 0x00, 0x00 } },
    { 0x23F7, 2, { 0x00, 0x00, 0x00, 0x00, 0x00, 0x00, 0x00, 0x00, 0x00, 0x00, 0x00, 0x00, 0x3F, 0xF8, 0x1F, 0xF0, 0x0F, 0xE0, 0x07, 0xC0, 0x03, 0x80, 0x01, 0x00, 0x00, 0x00, 0x00, 0x00, 0x00, 0x00, 0x00, 0x00 } },
    { 0x23F8, 2, { 0x00, 0x00, 0x00, 0x00, 0x00, 0x00, 0x06, 0x60, 0x06, 0x60, 0x06, 0x60, 0x06, 0x60, 0x06, 0x60, 0x06, 0x60, 0x06, 0x60, 0x06, 0x60, 0x06, 0x60, 0x06, 0x60, 0x06, 0x60, 0x00, 0x00, 0x00, 0x00 } },
    { 0x23F9, 2, { 0x00, 0x00, 0x00, 0x00, 0x00, 0x00, 0x00, 0x00, 0x1F, 0xF8, 0x1F, 0xF8, 0x1F, 0xF8, 0x1F, 0xF8, 0x1F, 0xF8, 0x1F, 0xF8, 0x1F, 0xF8, 0x1F, 0xF8, 0x1F, 0xF8, 0x1F, 0xF8, 0x00, 0x00, 0x00, 0x00 } },
    { 0x23FA, 2, { 0x00, 0x00, 0x00, 0x00, 0x00, 0x00, 0x00, 0x00, 0x07, 0xE0, 0x0F, 0xF0, 0x1F, 0xF8, 0x1F, 0xF8, 0x1F, 0xF8, 0x1F, 0xF8, 0x1F, 0xF8, 0x1F, 0xF8, 0x0F, 0xF0, 0x07, 0xE0, 0x00, 0x00, 0x00, 0x00 } },
    { 0x23FB, 2, { 0x01, 0x80, 0x01, 0x80, 0x01, 0x80, 0x01, 0x80, 0x19, 0x98, 0x39, 0x9C, 0x31, 0x8C, 0x71, 0x8E, 0x61, 0x86, 0x61, 0x86, 0x70, 0x0E, 0x30, 0x0C, 0x38, 0x1C, 0x1F, 0xF8, 0x0F, 0xF0, 0x03, 0xC0 } },
    { 0x23FC, 2, { 0x00, 0x00, 0x07, 0xE0, 0x1F, 0xF8, 0x3C, 0x3C, 0x78, 0x1E, 0x71, 0x8E, 0x61, 0x86, 0x61, 0x86, 0x61, 0x86, 0x61, 0x86, 0x61, 0x86, 0x71, 0x8E, 0x38, 0x1C, 0x1F, 0xF8, 0x0F, 0xF0, 0x03, 0xC0 } },
    { 0x23FD, 2, { 0x01, 0x80, 0x03, 0xC0, 0x03, 0xC0, 0x03, 0xC0, 0x03, 0xC0, 0x03, 0xC0, 0x03, 0xC0, 0x03, 0xC0, 0x03, 0xC0, 0x03, 0xC0, 0x03, 0xC0, 0x03, 0xC0, 0x03, 0xC0, 0x03, 0xC0, 0x03, 0xC0, 0x01, 0x80 } },
    { 0x23FE, 2, { 0x04, 0x00, 0x08, 0x00, 0x18, 0x00, 0x38, 0x00, 0x38, 0x00, 0x78, 0x00, 0x78, 0x00, 0x78, 0x00, 0x78, 0x00, 0x7C, 0x00, 0x3C, 0x00, 0x3E, 0x00, 0x1F, 0x00, 0x0F, 0x80, 0x07, 0xE0, 0x01, 0xF0 } },
    { 0x23FF, 2, { 0x00, 0x00, 0x00, 0x00, 0x00, 0x00, 0x00, 0x1C, 0x00, 0x78, 0x01, 0x94, 0x06, 0x24, 0x18, 0x22, 0x60, 0x22, 0x18, 0x22, 0x06, 0x24, 0x01, 0x94, 0x00, 0x78, 0x00, 0x1C, 0x00, 0x00, 0x00, 0x00 } },
    { 0x2500, 1, { 0x00, 0x00, 0x00, 0x00, 0x00, 0x00, 0x00, 0xFF, 0x00, 0x00, 0x00, 0x00, 0x00, 0x00, 0x00, 0x00, 0x00, 0x00, 0x00, 0x00, 0x00, 0x00, 0x00, 0x00, 0x00, 0x00, 0x00, 0x00, 0x00, 0x00, 0x00, 0x00 } },
    { 0x2501, 1, { 0x00, 0x00, 0x00, 0x00, 0x00, 0x00, 0x00, 0xFF, 0xFF, 0x00, 0x00, 0x00, 0x00, 0x00, 0x00, 0x00, 0x00, 0x00, 0x00, 0x00, 0x00, 0x00, 0x00, 0x00, 0x00, 0x00, 0x00, 0x00, 0x00, 0x00, 0x00, 0x00 } },
    { 0x2502, 1, { 0x08, 0x08, 0x08, 0x08, 0x08, 0x08, 0x08, 0x08, 0x08, 0x08, 0x08, 0x08, 0x08, 0x08, 0x08, 0x08, 0x00, 0x00, 0x00, 0x00, 0x00, 0x00, 0x00, 0x00, 0x00, 0x00, 0x00, 0x00, 0x00, 0x00, 0x00, 0x00 } },
    { 0x2503, 1, { 0x18, 0x18, 0x18, 0x18, 0x18, 0x18, 0x18, 0x18, 0x18, 0x18, 0x18, 0x18, 0x18, 0x18, 0x18, 0x18, 0x00, 0x00, 0x00, 0x00, 0x00, 0x00, 0x00, 0x00, 0x00, 0x00, 0x00, 0x00, 0x00, 0x00, 0x00, 0x00 } },
    { 0x2504, 1, { 0x00, 0x00, 0x00, 0x00, 0x00, 0x00, 0x00, 0xDB, 0x00, 0x00, 0x00, 0x00, 0x00, 0x00, 0x00, 0x00, 0x00, 0x00, 0x00, 0x00, 0x00, 0x00, 0x00, 0x00, 0x00, 0x00, 0x00, 0x00, 0x00, 0x00, 0x00, 0x00 } },
    { 0x2505, 1, { 0x00, 0x00, 0x00, 0x00, 0x00, 0x00, 0x00, 0xDB, 0xDB, 0x00, 0x00, 0x00, 0x00, 0x00, 0x00, 0x00, 0x00, 0x00, 0x00, 0x00, 0x00, 0x00, 0x00, 0x00, 0x00, 0x00, 0x00, 0x00, 0x00, 0x00, 0x00, 0x00 } },
    { 0x2506, 1, { 0x08, 0x08, 0x08, 0x08, 0x00, 0x00, 0x08, 0x08, 0x08, 0x08, 0x00, 0x00, 0x08, 0x08, 0x08, 0x08, 0x00, 0x00, 0x00, 0x00, 0x00, 0x00, 0x00, 0x00, 0x00, 0x00, 0x00, 0x00, 0x00, 0x00, 0x00, 0x00 } },
    { 0x2507, 1, { 0x18, 0x18, 0x18, 0x18, 0x00, 0x00, 0x18, 0x18, 0x18, 0x18, 0x00, 0x00, 0x18, 0x18, 0x18, 0x18, 0x00, 0x00, 0x00, 0x00, 0x00, 0x00, 0x00, 0x00, 0x00, 0x00, 0x00, 0x00, 0x00, 0x00, 0x00, 0x00 } },
    { 0x2508, 1, { 0x00, 0x00, 0x00, 0x00, 0x00, 0x00, 0x00, 0xAA, 0x00, 0x00, 0x00, 0x00, 0x00, 0x00, 0x00, 0x00, 0x00, 0x00, 0x00, 0x00, 0x00, 0x00, 0x00, 0x00, 0x00, 0x00, 0x00, 0x00, 0x00, 0x00, 0x00, 0x00 } },
    { 0x2509, 1, { 0x00, 0x00, 0x00, 0x00, 0x00, 0x00, 0x00, 0xAA, 0xAA, 0x00, 0x00, 0x00, 0x00, 0x00, 0x00, 0x00, 0x00, 0x00, 0x00, 0x00, 0x00, 0x00, 0x00, 0x00, 0x00, 0x00, 0x00, 0x00, 0x00, 0x00, 0x00, 0x00 } },
    { 0x250A, 1, { 0x08, 0x08, 0x08, 0x00, 0x08, 0x08, 0x08, 0x00, 0x08, 0x08, 0x08, 0x00, 0x08, 0x08, 0x08, 0x00, 0x00, 0x00, 0x00, 0x00, 0x00, 0x00, 0x00, 0x00, 0x00, 0x00, 0x00, 0x00, 0x00, 0x00, 0x00, 0x00 } },
    { 0x250B, 1, { 0x18, 0x18, 0x18, 0x00, 0x18, 0x18, 0x18, 0x00, 0x18, 0x18, 0x18, 0x00, 0x18, 0x18, 0x18, 0x00, 0x00, 0x00, 0x00, 0x00, 0x00, 0x00, 0x00, 0x00, 0x00, 0x00, 0x00, 0x00, 0x00, 0x00, 0x00, 0x00 } },
    { 0x250C, 1, { 0x00, 0x00, 0x00, 0x00, 0x00, 0x00, 0x00, 0x0F, 0x08, 0x08, 0x08, 0x08, 0x08, 0x08, 0x08, 0x08, 0x00, 0x00, 0x00, 0x00, 0x00, 0x00, 0x00, 0x00, 0x00, 0x00, 0x00, 0x00, 0x00, 0x00, 0x00, 0x00 } },
    { 0x250D, 1, { 0x00, 0x00, 0x00, 0x00, 0x00, 0x00, 0x00, 0x0F, 0x0F, 0x08, 0x08, 0x08, 0x08, 0x08, 0x08, 0x08, 0x00, 0x00, 0x00, 0x00, 0x00, 0x00, 0x00, 0x00, 0x00, 0x00, 0x00, 0x00, 0x00, 0x00, 0x00, 0x00 } },
    { 0x250E, 1, { 0x00, 0x00, 0x00, 0x00, 0x00, 0x00, 0x00, 0x1F, 0x18, 0x18, 0x18, 0x18, 0x18, 0x18, 0x18, 0x18, 0x00, 0x00, 0x00, 0x00, 0x00, 0x00, 0x00, 0x00, 0x00, 0x00, 0x00, 0x00, 0x00, 0x00, 0x00, 0x00 } },
    { 0x250F, 1, { 0x00, 0x00, 0x00, 0x00, 0x00, 0x00, 0x00, 0x1F, 0x1F, 0x18, 0x18, 0x18, 0x18, 0x18, 0x18, 0x18, 0x00, 0x00, 0x00, 0x00, 0x00, 0x00, 0x00, 0x00, 0x00, 0x00, 0x00, 0x00, 0x00, 0x00, 0x00, 0x00 } },
    { 0x2510, 1, { 0x00, 0x00, 0x00, 0x00, 0x00, 0x00, 0x00, 0xF8, 0x08, 0x08, 0x08, 0x08, 0x08, 0x08, 0x08, 0x08, 0x00, 0x00, 0x00, 0x00, 0x00, 0x00, 0x00, 0x00, 0x00, 0x00, 0x00, 0x00, 0x00, 0x00, 0x00, 0x00 } },
    { 0x2511, 1, { 0x00, 0x00, 0x00, 0x00, 0x00, 0x00, 0x00, 0xF8, 0xF8, 0x08, 0x08, 0x08, 0x08, 0x08, 0x08, 0x08, 0x00, 0x00, 0x00, 0x00, 0x00, 0x00, 0x00, 0x00, 0x00, 0x00, 0x00, 0x00, 0x00, 0x00, 0x00, 0x00 } },
    { 0x2512, 1, { 0x00, 0x00, 0x00, 0x00, 0x00, 0x00, 0x00, 0xF8, 0x18, 0x18, 0x18, 0x18, 0x18, 0x18, 0x18, 0x18, 0x00, 0x00, 0x00, 0x00, 0x00, 0x00, 0x00, 0x00, 0x00, 0x00, 0x00, 0x00, 0x00, 0x00, 0x00, 0x00 } },
    { 0x2513, 1, { 0x00, 0x00, 0x00, 0x00, 0x00, 0x00, 0x00, 0xF8, 0xF8, 0x18, 0x18, 0x18, 0x18, 0x18, 0x18, 0x18, 0x00, 0x00, 0x00, 0x00, 0x00, 0x00, 0x00, 0x00, 0x00, 0x00, 0x00, 0x00, 0x00, 0x00, 0x00, 0x00 } },
    { 0x2514, 1, { 0x08, 0x08, 0x08, 0x08, 0x08, 0x08, 0x08, 0x0F, 0x00, 0x00, 0x00, 0x00, 0x00, 0x00, 0x00, 0x00, 0x00, 0x00, 0x00, 0x00, 0x00, 0x00, 0x00, 0x00, 0x00, 0x00, 0x00, 0x00, 0x00, 0x00, 0x00, 0x00 } },
    { 0x2515, 1, { 0x08, 0x08, 0x08, 0x08, 0x08, 0x08, 0x08, 0x0F, 0x0F, 0x00, 0x00, 0x00, 0x00, 0x00, 0x00, 0x00, 0x00, 0x00, 0x00, 0x00, 0x00, 0x00, 0x00, 0x00, 0x00, 0x00, 0x00, 0x00, 0x00, 0x00, 0x00, 0x00 } },
    { 0x2516, 1, { 0x18, 0x18, 0x18, 0x18, 0x18, 0x18, 0x18, 0x1F, 0x00, 0x00, 0x00, 0x00, 0x00, 0x00, 0x00, 0x00, 0x00, 0x00, 0x00, 0x00, 0x00, 0x00, 0x00, 0x00, 0x00, 0x00, 0x00, 0x00, 0x00, 0x00, 0x00, 0x00 } },
    { 0x2517, 1, { 0x18, 0x18, 0x18, 0x18, 0x18, 0x18, 0x18, 0x1F, 0x1F, 0x00, 0x00, 0x00, 0x00, 0x00, 0x00, 0x00, 0x00, 0x00, 0x00, 0x00, 0x00, 0x00, 0x00, 0x00, 0x00, 0x00, 0x00, 0x00, 0x00, 0x00, 0x00, 0x00 } },
    { 0x2518, 1, { 0x08, 0x08, 0x08, 0x08, 0x08, 0x08, 0x08, 0xF8, 0x00, 0x00, 0x00, 0x00, 0x00, 0x00, 0x00, 0x00, 0x00, 0x00, 0x00, 0x00, 0x00, 0x00, 0x00, 0x00, 0x00, 0x00, 0x00, 0x00, 0x00, 0x00, 0x00, 0x00 } },
    { 0x2519, 1, { 0x08, 0x08, 0x08, 0x08, 0x08, 0x08, 0x08, 0xF8, 0xF8, 0x00, 0x00, 0x00, 0x00, 0x00, 0x00, 0x00, 0x00, 0x00, 0x00, 0x00, 0x00, 0x00, 0x00, 0x00, 0x00, 0x00, 0x00, 0x00, 0x00, 0x00, 0x00, 0x00 } },
    { 0x251A, 1, { 0x18, 0x18, 0x18, 0x18, 0x18, 0x18, 0x18, 0xF8, 0x00, 0x00, 0x00, 0x00, 0x00, 0x00, 0x00, 0x00, 0x00, 0x00, 0x00, 0x00, 0x00, 0x00, 0x00, 0x00, 0x00, 0x00, 0x00, 0x00, 0x00, 0x00, 0x00, 0x00 } },
    { 0x251B, 1, { 0x18, 0x18, 0x18, 0x18, 0x18, 0x18, 0x18, 0xF8, 0xF8, 0x00, 0x00, 0x00, 0x00, 0x00, 0x00, 0x00, 0x00, 0x00, 0x00, 0x00, 0x00, 0x00, 0x00, 0x00, 0x00, 0x00, 0x00, 0x00, 0x00, 0x00, 0x00, 0x00 } },
    { 0x251C, 1, { 0x08, 0x08, 0x08, 0x08, 0x08, 0x08, 0x08, 0x0F, 0x08, 0x08, 0x08, 0x08, 0x08, 0x08, 0x08, 0x08, 0x00, 0x00, 0x00, 0x00, 0x00, 0x00, 0x00, 0x00, 0x00, 0x00, 0x00, 0x00, 0x00, 0x00, 0x00, 0x00 } },
    { 0x251D, 1, { 0x08, 0x08, 0x08, 0x08, 0x08, 0x08, 0x08, 0x0F, 0x0F, 0x08, 0x08, 0x08, 0x08, 0x08, 0x08, 0x08, 0x00, 0x00, 0x00, 0x00, 0x00, 0x00, 0x00, 0x00, 0x00, 0x00, 0x00, 0x00, 0x00, 0x00, 0x00, 0x00 } },
    { 0x251E, 1, { 0x18, 0x18, 0x18, 0x18, 0x18, 0x18, 0x18, 0x1F, 0x08, 0x08, 0x08, 0x08, 0x08, 0x08, 0x08, 0x08, 0x00, 0x00, 0x00, 0x00, 0x00, 0x00, 0x00, 0x00, 0x00, 0x00, 0x00, 0x00, 0x00, 0x00, 0x00, 0x00 } },
    { 0x251F, 1, { 0x08, 0x08, 0x08, 0x08, 0x08, 0x08, 0x08, 0x1F, 0x18, 0x18, 0x18, 0x18, 0x18, 0x18, 0x18, 0x18, 0x00, 0x00, 0x00, 0x00, 0x00, 0x00, 0x00, 0x00, 0x00, 0x00, 0x00, 0x00, 0x00, 0x00, 0x00, 0x00 } },
    { 0x2520, 1, { 0x18, 0x18, 0x18, 0x18, 0x18, 0x18, 0x18, 0x1F, 0x18, 0x18, 0x18, 0x18, 0x18, 0x18, 0x18, 0x18, 0x00, 0x00, 0x00, 0x00, 0x00, 0x00, 0x00, 0x00, 0x00, 0x00, 0x00, 0x00, 0x00, 0x00, 0x00, 0x00 } },
    { 0x2521, 1, { 0x18, 0x18, 0x18, 0x18, 0x18, 0x18, 0x18, 0x1F, 0x1F, 0x08, 0x08, 0x08, 0x08, 0x08, 0x08, 0x08, 0x00, 0x00, 0x00, 0x00, 0x00, 0x00, 0x00, 0x00, 0x00, 0x00, 0x00, 0x00, 0x00, 0x00, 0x00, 0x00 } },
    { 0x2522, 1, { 0x08, 0x08, 0x08, 0x08, 0x08, 0x08, 0x08, 0x1F, 0x1F, 0x18, 0x18, 0x18, 0x18, 0x18, 0x18, 0x18, 0x00, 0x00, 0x00, 0x00, 0x00, 0x00, 0x00, 0x00, 0x00, 0x00, 0x00, 0x00, 0x00, 0x00, 0x00, 0x00 } },
    { 0x2523, 1, { 0x18, 0x18, 0x18, 0x18, 0x18, 0x18, 0x18, 0x1F, 0x1F, 0x18, 0x18, 0x18, 0x18, 0x18, 0x18, 0x18, 0x00, 0x00, 0x00, 0x00, 0x00, 0x00, 0x00, 0x00, 0x00, 0x00, 0x00, 0x00, 0x00, 0x00, 0x00, 0x00 } },
    { 0x2524, 1, { 0x08, 0x08, 0x08, 0x08, 0x08, 0x08, 0x08, 0xF8, 0x08, 0x08, 0x08, 0x08, 0x08, 0x08, 0x08, 0x08, 0x00, 0x00, 0x00, 0x00, 0x00, 0x00, 0x00, 0x00, 0x00, 0x00, 0x00, 0x00, 0x00, 0x00, 0x00, 0x00 } },
    { 0x2525, 1, { 0x08, 0x08, 0x08, 0x08, 0x08, 0x08, 0x08, 0xF8, 0xF8, 0x08, 0x08, 0x08, 0x08, 0x08, 0x08, 0x08, 0x00, 0x00, 0x00, 0x00, 0x00, 0x00, 0x00, 0x00, 0x00, 0x00, 0x00, 0x00, 0x00, 0x00, 0x00, 0x00 } },
    { 0x2526, 1, { 0x18, 0x18, 0x18, 0x18, 0x18, 0x18, 0x18, 0xF8, 0x08, 0x08, 0x08, 0x08, 0x08, 0x08, 0x08, 0x08, 0x00, 0x00, 0x00, 0x00, 0x00, 0x00, 0x00, 0x00, 0x00, 0x00, 0x00, 0x00, 0x00, 0x00, 0x00, 0x00 } },
    { 0x2527, 1, { 0x08, 0x08, 0x08, 0x08, 0x08, 0x08, 0x08, 0xF8, 0x18, 0x18, 0x18, 0x18, 0x18, 0x18, 0x18, 0x18, 0x00, 0x00, 0x00, 0x00, 0x00, 0x00, 0x00, 0x00, 0x00, 0x00, 0x00, 0x00, 0x00, 0x00, 0x00, 0x00 } },
    { 0x2528, 1, { 0x18, 0x18, 0x18, 0x18, 0x18, 0x18, 0x18, 0xF8, 0x18, 0x18, 0x18, 0x18, 0x18, 0x18, 0x18, 0x18, 0x00, 0x00, 0x00, 0x00, 0x00, 0x00, 0x00, 0x00, 0x00, 0x00, 0x00, 0x00, 0x00, 0x00, 0x00, 0x00 } },
    { 0x2529, 1, { 0x18, 0x18, 0x18, 0x18, 0x18, 0x18, 0x18, 0xF8, 0xF8, 0x08, 0x08, 0x08, 0x08, 0x08, 0x08, 0x08, 0x00, 0x00, 0x00, 0x00, 0x00, 0x00, 0x00, 0x00, 0x00, 0x00, 0x00, 0x00, 0x00, 0x00, 0x00, 0x00 } },
    { 0x252A, 1, { 0x08, 0x08, 0x08, 0x08, 0x08, 0x08, 0x08, 0xF8, 0xF8, 0x18, 0x18, 0x18, 0x18, 0x18, 0x18, 0x18, 0x00, 0x00, 0x00, 0x00, 0x00, 0x00, 0x00, 0x00, 0x00, 0x00, 0x00, 0x00, 0x00, 0x00, 0x00, 0x00 } },
    { 0x252B, 1, { 0x18, 0x18, 0x18, 0x18, 0x18, 0x18, 0x18, 0xF8, 0xF8, 0x18, 0x18, 0x18, 0x18, 0x18, 0x18, 0x18, 0x00, 0x00, 0x00, 0x00, 0x00, 0x00, 0x00, 0x00, 0x00, 0x00, 0x00, 0x00, 0x00, 0x00, 0x00, 0x00 } },
    { 0x252C, 1, { 0x00, 0x00, 0x00, 0x00, 0x00, 0x00, 0x00, 0xFF, 0x08, 0x08, 0x08, 0x08, 0x08, 0x08, 0x08, 0x08, 0x00, 0x00, 0x00, 0x00, 0x00, 0x00, 0x00, 0x00, 0x00, 0x00, 0x00, 0x00, 0x00, 0x00, 0x00, 0x00 } },
    { 0x252D, 1, { 0x00, 0x00, 0x00, 0x00, 0x00, 0x00, 0x00, 0xFF, 0xF8, 0x08, 0x08, 0x08, 0x08, 0x08, 0x08, 0x08, 0x00, 0x00, 0x00, 0x00, 0x00, 0x00, 0x00, 0x00, 0x00, 0x00, 0x00, 0x00, 0x00, 0x00, 0x00, 0x00 } },
    { 0x252E, 1, { 0x00, 0x00, 0x00, 0x00, 0x00, 0x00, 0x00, 0xFF, 0x0F, 0x08, 0x08, 0x08, 0x08, 0x08, 0x08, 0x08, 0x00, 0x00, 0x00, 0x00, 0x00, 0x00, 0x00, 0x00, 0x00, 0x00, 0x00, 0x00, 0x00, 0x00, 0x00, 0x00 } },
    { 0x252F, 1, { 0x00, 0x00, 0x00, 0x00, 0x00, 0x00, 0x00, 0xFF, 0xFF, 0x08, 0x08, 0x08, 0x08, 0x08, 0x08, 0x08, 0x00, 0x00, 0x00, 0x00, 0x00, 0x00, 0x00, 0x00, 0x00, 0x00, 0x00, 0x00, 0x00, 0x00, 0x00, 0x00 } },
    { 0x2530, 1, { 0x00, 0x00, 0x00, 0x00, 0x00, 0x00, 0x00, 0xFF, 0x18, 0x18, 0x18, 0x18, 0x18, 0x18, 0x18, 0x18, 0x00, 0x00, 0x00, 0x00, 0x00, 0x00, 0x00, 0x00, 0x00, 0x00, 0x00, 0x00, 0x00, 0x00, 0x00, 0x00 } },
    { 0x2531, 1, { 0x00, 0x00, 0x00, 0x00, 0x00, 0x00, 0x00, 0xFF, 0xF8, 0x18, 0x18, 0x18, 0x18, 0x18, 0x18, 0x18, 0x00, 0x00, 0x00, 0x00, 0x00, 0x00, 0x00, 0x00, 0x00, 0x00, 0x00, 0x00, 0x00, 0x00, 0x00, 0x00 } },
    { 0x2532, 1, { 0x00, 0x00, 0x00, 0x00, 0x00, 0x00, 0x00, 0xFF, 0x1F, 0x18, 0x18, 0x18, 0x18, 0x18, 0x18, 0x18, 0x00, 0x00, 0x00, 0x00, 0x00, 0x00, 0x00, 0x00, 0x00, 0x00, 0x00, 0x00, 0x00, 0x00, 0x00, 0x00 } },
    { 0x2533, 1, { 0x00, 0x00, 0x00, 0x00, 0x00, 0x00, 0x00, 0xFF, 0xFF, 0x18, 0x18, 0x18, 0x18, 0x18, 0x18, 0x18, 0x00, 0x00, 0x00, 0x00, 0x00, 0x00, 0x00, 0x00, 0x00, 0x00, 0x00, 0x00, 0x00, 0x00, 0x00, 0x00 } },
    { 0x2534, 1, { 0x08, 0x08, 0x08, 0x08, 0x08, 0x08, 0x08, 0xFF, 0x00, 0x00, 0x00, 0x00, 0x00, 0x00, 0x00, 0x00, 0x00, 0x00, 0x00, 0x00, 0x00, 0x00, 0x00, 0x00, 0x00, 0x00, 0x00, 0x00, 0x00, 0x00, 0x00, 0x00 } },
    { 0x2535, 1, { 0x08, 0x08, 0x08, 0x08, 0x08, 0x08, 0x08, 0xFF, 0xF8, 0x00, 0x00, 0x00, 0x00, 0x00, 0x00, 0x00, 0x00, 0x00, 0x00, 0x00, 0x00, 0x00, 0x00, 0x00, 0x00, 0x00, 0x00, 0x00, 0x00, 0x00, 0x00, 0x00 } },
    { 0x2536, 1, { 0x08, 0x08, 0x08, 0x08, 0x08, 0x08, 0x08, 0xFF, 0x0F, 0x00, 0x00, 0x00, 0x00, 0x00, 0x00, 0x00, 0x00, 0x00, 0x00, 0x00, 0x00, 0x00, 0x00, 0x00, 0x00, 0x00, 0x00, 0x00, 0x00, 0x00, 0x00, 0x00 } },
    { 0x2537, 1, { 0x08, 0x08, 0x08, 0x08, 0x08, 0x08, 0x08, 0xFF, 0xFF, 0x00, 0x00, 0x00, 0x00, 0x00, 0x00, 0x00, 0x00, 0x00, 0x00, 0x00, 0x00, 0x00, 0x00, 0x00, 0x00, 0x00, 0x00, 0x00, 0x00, 0x00, 0x00, 0x00 } },
    { 0x2538, 1, { 0x18, 0x18, 0x18, 0x18, 0x18, 0x18, 0x18, 0xFF, 0x00, 0x00, 0x00, 0x00, 0x00, 0x00, 0x00, 0x00, 0x00, 0x00, 0x00, 0x00, 0x00, 0x00, 0x00, 0x00, 0x00, 0x00, 0x00, 0x00, 0x00, 0x00, 0x00, 0x00 } },
    { 0x2539, 1, { 0x18, 0x18, 0x18, 0x18, 0x18, 0x18, 0x18, 0xFF, 0xF8, 0x00, 0x00, 0x00, 0x00, 0x00, 0x00, 0x00, 0x00, 0x00, 0x00, 0x00, 0x00, 0x00, 0x00, 0x00, 0x00, 0x00, 0x00, 0x00, 0x00, 0x00, 0x00, 0x00 } },
    { 0x253A, 1, { 0x18, 0x18, 0x18, 0x18, 0x18, 0x18, 0x18, 0xFF, 0x1F, 0x00, 0x00, 0x00, 0x00, 0x00, 0x00, 0x00, 0x00, 0x00, 0x00, 0x00, 0x00, 0x00, 0x00, 0x00, 0x00, 0x00, 0x00, 0x00, 0x00, 0x00, 0x00, 0x00 } },
    { 0x253B, 1, { 0x18, 0x18, 0x18, 0x18, 0x18, 0x18, 0x18, 0xFF, 0xFF, 0x00, 0x00, 0x00, 0x00, 0x00, 0x00, 0x00, 0x00, 0x00, 0x00, 0x00, 0x00, 0x00, 0x00, 0x00, 0x00, 0x00, 0x00, 0x00, 0x00, 0x00, 0x00, 0x00 } },
    { 0x253C, 1, { 0x08, 0x08, 0x08, 0x08, 0x08, 0x08, 0x08, 0xFF, 0x08, 0x08, 0x08, 0x08, 0x08, 0x08, 0x08, 0x08, 0x00, 0x00, 0x00, 0x00, 0x00, 0x00, 0x00, 0x00, 0x00, 0x00, 0x00, 0x00, 0x00, 0x00, 0x00, 0x00 } },
    { 0x253D, 1, { 0x08, 0x08, 0x08, 0x08, 0x08, 0x08, 0x08, 0xFF, 0xF8, 0x08, 0x08, 0x08, 0x08, 0x08, 0x08, 0x08, 0x00, 0x00, 0x00, 0x00, 0x00, 0x00, 0x00, 0x00, 0x00, 0x00, 0x00, 0x00, 0x00, 0x00, 0x00, 0x00 } },
    { 0x253E, 1, { 0x08, 0x08, 0x08, 0x08, 0x08, 0x08, 0x08, 0xFF, 0x0F, 0x08, 0x08, 0x08, 0x08, 0x08, 0x08, 0x08, 0x00, 0x00, 0x00, 0x00, 0x00, 0x00, 0x00, 0x00, 0x00, 0x00, 0x00, 0x00, 0x00, 0x00, 0x00, 0x00 } },
    { 0x253F, 1, { 0x08, 0x08, 0x08, 0x08, 0x08, 0x08, 0x08, 0xFF, 0xFF, 0x08, 0x08, 0x08, 0x08, 0x08, 0x08, 0x08, 0x00, 0x00, 0x00, 0x00, 0x00, 0x00, 0x00, 0x00, 0x00, 0x00, 0x00, 0x00, 0x00, 0x00, 0x00, 0x00 } },
    { 0x2540, 1, { 0x18, 0x18, 0x18, 0x18, 0x18, 0x18, 0x18, 0xFF, 0x08, 0x08, 0x08, 0x08, 0x08, 0x08, 0x08, 0x08, 0x00, 0x00, 0x00, 0x00, 0x00, 0x00, 0x00, 0x00, 0x00, 0x00, 0x00, 0x00, 0x00, 0x00, 0x00, 0x00 } },
    { 0x2541, 1, { 0x08, 0x08, 0x08, 0x08, 0x08, 0x08, 0x08, 0xFF, 0x18, 0x18, 0x18, 0x18, 0x18, 0x18, 0x18, 0x18, 0x00, 0x00, 0x00, 0x00, 0x00, 0x00, 0x00, 0x00, 0x00, 0x00, 0x00, 0x00, 0x00, 0x00, 0x00, 0x00 } },
    { 0x2542, 1, { 0x18, 0x18, 0x18, 0x18, 0x18, 0x18, 0x18, 0xFF, 0x18, 0x18, 0x18, 0x18, 0x18, 0x18, 0x18, 0x18, 0x00, 0x00, 0x00, 0x00, 0x00, 0x00, 0x00, 0x00, 0x00, 0x00, 0x00, 0x00, 0x00, 0x00, 0x00, 0x00 } },
    { 0x2543, 1, { 0x18, 0x18, 0x18, 0x18, 0x18, 0x18, 0x18, 0xFF, 0xF8, 0x08, 0x08, 0x08, 0x08, 0x08, 0x08, 0x08, 0x00, 0x00, 0x00, 0x00, 0x00, 0x00, 0x00, 0x00, 0x00, 0x00, 0x00, 0x00, 0x00, 0x00, 0x00, 0x00 } },
    { 0x2544, 1, { 0x18, 0x18, 0x18, 0x18, 0x18, 0x18, 0x18, 0xFF, 0x1F, 0x08, 0x08, 0x08, 0x08, 0x08, 0x08, 0x08, 0x00, 0x00, 0x00, 0x00, 0x00, 0x00, 0x00, 0x00, 0x00, 0x00, 0x00, 0x00, 0x00, 0x00, 0x00, 0x00 } },
    { 0x2545, 1, { 0x08, 0x08, 0x08, 0x08, 0x08, 0x08, 0x08, 0xFF, 0xF8, 0x18, 0x18, 0x18, 0x18, 0x18, 0x18, 0x18, 0x00, 0x00, 0x00, 0x00, 0x00, 0x00, 0x00, 0x00, 0x00, 0x00, 0x00, 0x00, 0x00, 0x00, 0x00, 0x00 } },
    { 0x2546, 1, { 0x08, 0x08, 0x08, 0x08, 0x08, 0x08, 0x08, 0xFF, 0x1F, 0x18, 0x18, 0x18, 0x18, 0x18, 0x18, 0x18, 0x00, 0x00, 0x00, 0x00, 0x00, 0x00, 0x00, 0x00, 0x00, 0x00, 0x00, 0x00, 0x00, 0x00, 0x00, 0x00 } },
    { 0x2547, 1, { 0x18, 0x18, 0x18, 0x18, 0x18, 0x18, 0x18, 0xFF, 0xFF, 0x08, 0x08, 0x08, 0x08, 0x08, 0x08, 0x08, 0x00, 0x00, 0x00, 0x00, 0x00, 0x00, 0x00, 0x00, 0x00, 0x00, 0x00, 0x00, 0x00, 0x00, 0x00, 0x00 } },
    { 0x2548, 1, { 0x08, 0x08, 0x08, 0x08, 0x08, 0x08, 0x08, 0xFF, 0xFF, 0x18, 0x18, 0x18, 0x18, 0x18, 0x18, 0x18, 0x00, 0x00, 0x00, 0x00, 0x00, 0x00, 0x00, 0x00, 0x00, 0x00, 0x00, 0x00, 0x00, 0x00, 0x00, 0x00 } },
    { 0x2549, 1, { 0x18, 0x18, 0x18, 0x18, 0x18, 0x18, 0x18, 0xFF, 0xF8, 0x18, 0x18, 0x18, 0x18, 0x18, 0x18, 0x18, 0x00, 0x00, 0x00, 0x00, 0x00, 0x00, 0x00, 0x00, 0x00, 0x00, 0x00, 0x00, 0x00, 0x00, 0x00, 0x00 } },
    { 0x254A, 1, { 0x18, 0x18, 0x18, 0x18, 0x18, 0x18, 0x18, 0xFF, 0x1F, 0x18, 0x18, 0x18, 0x18, 0x18, 0x18, 0x18, 0x00, 0x00, 0x00, 0x00, 0x00, 0x00, 0x00, 0x00, 0x00, 0x00, 0x00, 0x00, 0x00, 0x00, 0x00, 0x00 } },
    { 0x254B, 1, { 0x18, 0x18, 0x18, 0x18, 0x18, 0x18, 0x18, 0xFF, 0xFF, 0x18, 0x18, 0x18, 0x18, 0x18, 0x18, 0x18, 0x00, 0x00, 0x00, 0x00, 0x00, 0x00, 0x00, 0x00, 0x00, 0x00, 0x00, 0x00, 0x00, 0x00, 0x00, 0x00 } },
    { 0x254C, 1, { 0x00, 0x00, 0x00, 0x00, 0x00, 0x00, 0x00, 0xEE, 0x00, 0x00, 0x00, 0x00, 0x00, 0x00, 0x00, 0x00, 0x00, 0x00, 0x00, 0x00, 0x00, 0x00, 0x00, 0x00, 0x00, 0x00, 0x00, 0x00, 0x00, 0x00, 0x00, 0x00 } },
    { 0x254D, 1, { 0x00, 0x00, 0x00, 0x00, 0x00, 0x00, 0x00, 0xEE, 0xEE, 0x00, 0x00, 0x00, 0x00, 0x00, 0x00, 0x00, 0x00, 0x00, 0x00, 0x00, 0x00, 0x00, 0x00, 0x00, 0x00, 0x00, 0x00, 0x00, 0x00, 0x00, 0x00, 0x00 } },
    { 0x254E, 1, { 0x08, 0x08, 0x08, 0x08, 0x08, 0x08, 0x00, 0x00, 0x08, 0x08, 0x08, 0x08, 0x08, 0x08, 0x00, 0x00, 0x00, 0x00, 0x00, 0x00, 0x00, 0x00, 0x00, 0x00, 0x00, 0x00, 0x00, 0x00, 0x00, 0x00, 0x00, 0x00 } },
    { 0x254F, 1, { 0x18, 0x18, 0x18, 0x18, 0x18, 0x18, 0x00, 0x00, 0x18, 0x18, 0x18, 0x18, 0x18, 0x18, 0x00, 0x00, 0x00, 0x00, 0x00, 0x00, 0x00, 0x00, 0x00, 0x00, 0x00, 0x00, 0x00, 0x00, 0x00, 0x00, 0x00, 0x00 } },
    { 0x2550, 1, { 0x00, 0x00, 0x00, 0x00, 0x00, 0x00, 0xFF, 0x00, 0xFF, 0x00, 0x00, 0x00, 0x00, 0x00, 0x00, 0x00, 0x00, 0x00, 0x00, 0x00, 0x00, 0x00, 0x00, 0x00, 0x00, 0x00, 0x00, 0x00, 0x00, 0x00, 0x00, 0x00 } },
    { 0x2551, 1, { 0x14, 0x14, 0x14, 0x14, 0x14, 0x14, 0x14, 0x14, 0x14, 0x14, 0x14, 0x14, 0x14, 0x14, 0x14, 0x14, 0x00, 0x00, 0x00, 0x00, 0x00, 0x00, 0x00, 0x00, 0x00, 0x00, 0x00, 0x00, 0x00, 0x00, 0x00, 0x00 } },
    { 0x2552, 1, { 0x00, 0x00, 0x00, 0x00, 0x00, 0x00, 0x0F, 0x08, 0x0F, 0x08, 0x08, 0x08, 0x08, 0x08, 0x08, 0x08, 0x00, 0x00, 0x00, 0x00, 0x00, 0x00, 0x00, 0x00, 0x00, 0x00, 0x00, 0x00, 0x00, 0x00, 0x00, 0x00 } },
    { 0x2553, 1, { 0x00, 0x00, 0x00, 0x00, 0x00, 0x00, 0x00, 0x1F, 0x14, 0x14, 0x14, 0x14, 0x14, 0x14, 0x14, 0x14, 0x00, 0x00, 0x00, 0x00, 0x00, 0x00, 0x00, 0x00, 0x00, 0x00, 0x00, 0x00, 0x00, 0x00, 0x00, 0x00 } },
    { 0x2554, 1, { 0x00, 0x00, 0x00, 0x00, 0x00, 0x00, 0x1F, 0x10, 0x17, 0x14, 0x14, 0x14, 0x14, 0x14, 0x14, 0x14, 0x00, 0x00, 0x00, 0x00, 0x00, 0x00, 0x00, 0x00, 0x00, 0x00, 0x00, 0x00, 0x00, 0x00, 0x00, 0x00 } },
    { 0x2555, 1, { 0x00, 0x00, 0x00, 0x00, 0x00, 0x00, 0xF8, 0x08, 0xF8, 0x08, 0x08, 0x08, 0x08, 0x08, 0x08, 0x08, 0x00, 0x00, 0x00, 0x00, 0x00, 0x00, 0x00, 0x00, 0x00, 0x00, 0x00, 0x00, 0x00, 0x00, 0x00, 0x00 } },
    { 0x2556, 1, { 0x00, 0x00, 0x00, 0x00, 0x00, 0x00, 0x00, 0xFC, 0x14, 0x14, 0x14, 0x14, 0x14, 0x14, 0x14, 0x14, 0x00, 0x00, 0x00, 0x00, 0x00, 0x00, 0x00, 0x00, 0x00, 0x00, 0x00, 0x00, 0x00, 0x00, 0x00, 0x00 } },
    { 0x2557, 1, { 0x00, 0x00, 0x00, 0x00, 0x00, 0x00, 0xFC, 0x04, 0xF4, 0x14, 0x14, 0x14, 0x14, 0x14, 0x14, 0x14, 0x00, 0x00, 0x00, 0x00, 0x00, 0x00, 0x00, 0x00, 0x00, 0x00, 0x00, 0x00, 0x00, 0x00, 0x00, 0x00 } },
    { 0x2558, 1, { 0x08, 0x08, 0x08, 0x08, 0x08, 0x08, 0x0F, 0x08, 0x0F, 0x00, 0x00, 0x00, 0x00, 0x00, 0x00, 0x00, 0x00, 0x00, 0x00, 0x00, 0x00, 0x00, 0x00, 0x00, 0x00, 0x00, 0x00, 0x00, 0x00, 0x00, 0x00, 0x00 } },
    { 0x2559, 1, { 0x14, 0x14, 0x14, 0x14, 0x14, 0x14, 0x14, 0x1F, 0x00, 0x00, 0x00, 0x00, 0x00, 0x00, 0x00, 0x00, 0x00, 0x00, 0x00, 0x00, 0x00, 0x00, 0x00, 0x00, 0x00, 0x00, 0x00, 0x00, 0x00, 0x00, 0x00, 0x00 } },
    { 0x255A, 1, { 0x14, 0x14, 0x14, 0x14, 0x14, 0x14, 0x17, 0x10, 0x1F, 0x00, 0x00, 0x00, 0x00, 0x00, 0x00, 0x00, 0x00, 0x00, 0x00, 0x00, 0x00, 0x00, 0x00, 0x00, 0x00, 0x00, 0x00, 0x00, 0x00, 0x00, 0x00, 0x00 } },
    { 0x255B, 1, { 0x08, 0x08, 0x08, 0x08, 0x08, 0x08, 0xF8, 0x08, 0xF8, 0x00, 0x00, 0x00, 0x00, 0x00, 0x00, 0x00, 0x00, 0x00, 0x00, 0x00, 0x00, 0x00, 0x00, 0x00, 0x00, 0x00, 0x00, 0x00, 0x00, 0x00, 0x00, 0x00 } },
    { 0x255C, 1, { 0x14, 0x14, 0x14, 0x14, 0x14, 0x14, 0x14, 0xFC, 0x00, 0x00, 0x00, 0x00, 0x00, 0x00, 0x00, 0x00, 0x00, 0x00, 0x00, 0x00, 0x00, 0x00, 0x00, 0x00, 0x00, 0x00, 0x00, 0x00, 0x00, 0x00, 0x00, 0x00 } },
    { 0x255D, 1, { 0x14, 0x14, 0x14, 0x14, 0x14, 0x14, 0xF4, 0x04, 0xFC, 0x00, 0x00, 0x00, 0x00, 0x00, 0x00, 0x00, 0x00, 0x00, 0x00, 0x00, 0x00, 0x00, 0x00, 0x00, 0x00, 0x00, 0x00, 0x00, 0x00, 0x00, 0x00, 0x00 } },
    { 0x255E, 1, { 0x08, 0x08, 0x08, 0x08, 0x08, 0x08, 0x0F, 0x08, 0x0F, 0x08, 0x08, 0x08, 0x08, 0x08, 0x08, 0x08, 0x00, 0x00, 0x00, 0x00, 0x00, 0x00, 0x00, 0x00, 0x00, 0x00, 0x00, 0x00, 0x00, 0x00, 0x00, 0x00 } },
    { 0x255F, 1, { 0x14, 0x14, 0x14, 0x14, 0x14, 0x14, 0x14, 0x17, 0x14, 0x14, 0x14, 0x14, 0x14, 0x14, 0x14, 0x14, 0x00, 0x00, 0x00, 0x00, 0x00, 0x00, 0x00, 0x00, 0x00, 0x00, 0x00, 0x00, 0x00, 0x00, 0x00, 0x00 } },
    { 0x2560, 1, { 0x14, 0x14, 0x14, 0x14, 0x14, 0x14, 0x17, 0x10, 0x17, 0x14, 0x14, 0x14, 0x14, 0x14, 0x14, 0x14, 0x00, 0x00, 0x00, 0x00, 0x00, 0x00, 0x00, 0x00, 0x00, 0x00, 0x00, 0x00, 0x00, 0x00, 0x00, 0x00 } },
    { 0x2561, 1, { 0x08, 0x08, 0x08, 0x08, 0x08, 0x08, 0xF8, 0x08, 0xF8, 0x08, 0x08, 0x08, 0x08, 0x08, 0x08, 0x08, 0x00, 0x00, 0x00, 0x00, 0x00, 0x00, 0x00, 0x00, 0x00, 0x00, 0x00, 0x00, 0x00, 0x00, 0x00, 0x00 } },
    { 0x2562, 1, { 0x14, 0x14, 0x14, 0x14, 0x14, 0x14, 0x14, 0xF4, 0x14, 0x14, 0x14, 0x14, 0x14, 0x14, 0x14, 0x14, 0x00, 0x00, 0x00, 0x00, 0x00, 0x00, 0x00, 0x00, 0x00, 0x00, 0x00, 0x00, 0x00, 0x00, 0x00, 0x00 } },
    { 0x2563, 1, { 0x14, 0x14, 0x14, 0x14, 0x14, 0x14, 0xF4, 0x04, 0xF4, 0x14, 0x14, 0x14, 0x14, 0x14, 0x14, 0x14, 0x00, 0x00, 0x00, 0x00, 0x00, 0x00, 0x00, 0x00, 0x00, 0x00, 0x00, 0x00, 0x00, 0x00, 0x00, 0x00 } },
    { 0x2564, 1, { 0x00, 0x00, 0x00, 0x00, 0x00, 0x00, 0xFF, 0x00, 0xFF, 0x08, 0x08, 0x08, 0x08, 0x08, 0x08, 0x08, 0x00, 0x00, 0x00, 0x00, 0x00, 0x00, 0x00, 0x00, 0x00, 0x00, 0x00, 0x00, 0x00, 0x00, 0x00, 0x00 } },
    { 0x2565, 1, { 0x00, 0x00, 0x00, 0x00, 0x00, 0x00, 0x00, 0xFF, 0x14, 0x14, 0x14, 0x14, 0x14, 0x14, 0x14, 0x14, 0x00, 0x00, 0x00, 0x00, 0x00, 0x00, 0x00, 0x00, 0x00, 0x00, 0x00, 0x00, 0x00, 0x00, 0x00, 0x00 } },
    { 0x2566, 1, { 0x00, 0x00, 0x00, 0x00, 0x00, 0x00, 0xFF, 0x00, 0xF7, 0x14, 0x14, 0x14, 0x14, 0x14, 0x14, 0x14, 0x00, 0x00, 0x00, 0x00, 0x00, 0x00, 0x00, 0x00, 0x00, 0x00, 0x00, 0x00, 0x00, 0x00, 0x00, 0x00 } },
    { 0x2567, 1, { 0x08, 0x08, 0x08, 0x08, 0x08, 0x08, 0xFF, 0x00, 0xFF, 0x00, 0x00, 0x00, 0x00, 0x00, 0x00, 0x00, 0x00, 0x00, 0x00, 0x00, 0x00, 0x00, 0x00, 0x00, 0x00, 0x00, 0x00, 0x00, 0x00, 0x00, 0x00, 0x00 } },
    { 0x2568, 1, { 0x14, 0x14, 0x14, 0x14, 0x14, 0x14, 0x14, 0xFF, 0x00, 0x00, 0x00, 0x00, 0x00, 0x00, 0x00, 0x00, 0x00, 0x00, 0x00, 0x00, 0x00, 0x00, 0x00, 0x00, 0x00, 0x00, 0x00, 0x00, 0x00, 0x00, 0x00, 0x00 } },
    { 0x2569, 1, { 0x14, 0x14, 0x14, 0x14, 0x14, 0x14, 0xF7, 0x00, 0xFF, 0x00, 0x00, 0x00, 0x00, 0x00, 0x00, 0x00, 0x00, 0x00, 0x00, 0x00, 0x00, 0x00, 0x00, 0x00, 0x00, 0x00, 0x00, 0x00, 0x00, 0x00, 0x00, 0x00 } },
    { 0x256A, 1, { 0x08, 0x08, 0x08, 0x08, 0x08, 0x08, 0xFF, 0x08, 0xFF, 0x08, 0x08, 0x08, 0x08, 0x08, 0x08, 0x08, 0x00, 0x00, 0x00, 0x00, 0x00, 0x00, 0x00, 0x00, 0x00, 0x00, 0x00, 0x00, 0x00, 0x00, 0x00, 0x00 } },
    { 0x256B, 1, { 0x14, 0x14, 0x14, 0x14, 0x14, 0x14, 0x14, 0xFF, 0x14, 0x14, 0x14, 0x14, 0x14, 0x14, 0x14, 0x14, 0x00, 0x00, 0x00, 0x00, 0x00, 0x00, 0x00, 0x00, 0x00, 0x00, 0x00, 0x00, 0x00, 0x00, 0x00, 0x00 } },
    { 0x256C, 1, { 0x14, 0x14, 0x14, 0x14, 0x14, 0x14, 0xF7, 0x00, 0xF7, 0x14, 0x14, 0x14, 0x14, 0x14, 0x14, 0x14, 0x00, 0x00, 0x00, 0x00, 0x00, 0x00, 0x00, 0x00, 0x00, 0x00, 0x00, 0x00, 0x00, 0x00, 0x00, 0x00 } },
    { 0x256D, 1, { 0x00, 0x00, 0x00, 0x00, 0x00, 0x00, 0x00, 0x03, 0x04, 0x08, 0x08, 0x08, 0x08, 0x08, 0x08, 0x08, 0x00, 0x00, 0x00, 0x00, 0x00, 0x00, 0x00, 0x00, 0x00, 0x00, 0x00, 0x00, 0x00, 0x00, 0x00, 0x00 } },
    { 0x256E, 1, { 0x00, 0x00, 0x00, 0x00, 0x00, 0x00, 0x00, 0xE0, 0x10, 0x08, 0x08, 0x08, 0x08, 0x08, 0x08, 0x08, 0x00, 0x00, 0x00, 0x00, 0x00, 0x00, 0x00, 0x00, 0x00, 0x00, 0x00, 0x00, 0x00, 0x00, 0x00, 0x00 } },
    { 0x256F, 1, { 0x08, 0x08, 0x08, 0x08, 0x08, 0x08, 0x10, 0xE0, 0x00, 0x00, 0x00, 0x00, 0x00, 0x00, 0x00, 0x00, 0x00, 0x00, 0x00, 0x00, 0x00, 0x00, 0x00, 0x00, 0x00, 0x00, 0x00, 0x00, 0x00, 0x00, 0x00, 0x00 } },
    { 0x2570, 1, { 0x08, 0x08, 0x08, 0x08, 0x08, 0x08, 0x04, 0x03, 0x00, 0x00, 0x00, 0x00, 0x00, 0x00, 0x00, 0x00, 0x00, 0x00, 0x00, 0x00, 0x00, 0x00, 0x00, 0x00, 0x00, 0x00, 0x00, 0x00, 0x00, 0x00, 0x00, 0x00 } },
    { 0x2571, 1, { 0x01, 0x01, 0x02, 0x02, 0x04, 0x04, 0x08, 0x08, 0x10, 0x10, 0x20, 0x20, 0x40, 0x40, 0x80, 0x80, 0x00, 0x00, 0x00, 0x00, 0x00, 0x00, 0x00, 0x00, 0x00, 0x00, 0x00, 0x00, 0x00, 0x00, 0x00, 0x00 } },
    { 0x2572, 1, { 0x80, 0x80, 0x40, 0x40, 0x20, 0x20, 0x10, 0x10, 0x08, 0x08, 0x04, 0x04, 0x02, 0x02, 0x01, 0x01, 0x00, 0x00, 0x00, 0x00, 0x00, 0x00, 0x00, 0x00, 0x00, 0x00, 0x00, 0x00, 0x00, 0x00, 0x00, 0x00 } },
    { 0x2573, 1, { 0x81, 0x81, 0x42, 0x42, 0x24, 0x24, 0x18, 0x18, 0x18, 0x18, 0x24, 0x24, 0x42, 0x42, 0x81, 0x81, 0x00, 0x00, 0x00, 0x00, 0x00, 0x00, 0x00, 0x00, 0x00, 0x00, 0x00, 0x00, 0x00, 0x00, 0x00, 0x00 } },
    { 0x2574, 1, { 0x00, 0x00, 0x00, 0x00, 0x00, 0x00, 0x00, 0xF0, 0x00, 0x00, 0x00, 0x00, 0x00, 0x00, 0x00, 0x00, 0x00, 0x00, 0x00, 0x00, 0x00, 0x00, 0x00, 0x00, 0x00, 0x00, 0x00, 0x00, 0x00, 0x00, 0x00, 0x00 } },
    { 0x2575, 1, { 0x08, 0x08, 0x08, 0x08, 0x08, 0x08, 0x08, 0x08, 0x00, 0x00, 0x00, 0x00, 0x00, 0x00, 0x00, 0x00, 0x00, 0x00, 0x00, 0x00, 0x00, 0x00, 0x00, 0x00, 0x00, 0x00, 0x00, 0x00, 0x00, 0x00, 0x00, 0x00 } },
    { 0x2576, 1, { 0x00, 0x00, 0x00, 0x00, 0x00, 0x00, 0x00, 0x0F, 0x00, 0x00, 0x00, 0x00, 0x00, 0x00, 0x00, 0x00, 0x00, 0x00, 0x00, 0x00, 0x00, 0x00, 0x00, 0x00, 0x00, 0x00, 0x00, 0x00, 0x00, 0x00, 0x00, 0x00 } },
    { 0x2577, 1, { 0x00, 0x00, 0x00, 0x00, 0x00, 0x00, 0x00, 0x00, 0x08, 0x08, 0x08, 0x08, 0x08, 0x08, 0x08, 0x08, 0x00, 0x00, 0x00, 0x00, 0x00, 0x00, 0x00, 0x00, 0x00, 0x00, 0x00, 0x00, 0x00, 0x00, 0x00, 0x00 } },
    { 0x2578, 1, { 0x00, 0x00, 0x00, 0x00, 0x00, 0x00, 0x00, 0xF0, 0xF0, 0x00, 0x00, 0x00, 0x00, 0x00, 0x00, 0x00, 0x00, 0x00, 0x00, 0x00, 0x00, 0x00, 0x00, 0x00, 0x00, 0x00, 0x00, 0x00, 0x00, 0x00, 0x00, 0x00 } },
    { 0x2579, 1, { 0x18, 0x18, 0x18, 0x18, 0x18, 0x18, 0x18, 0x18, 0x00, 0x00, 0x00, 0x00, 0x00, 0x00, 0x00, 0x00, 0x00, 0x00, 0x00, 0x00, 0x00, 0x00, 0x00, 0x00, 0x00, 0x00, 0x00, 0x00, 0x00, 0x00, 0x00, 0x00 } },
    { 0x257A, 1, { 0x00, 0x00, 0x00, 0x00, 0x00, 0x00, 0x00, 0x0F, 0x0F, 0x00, 0x00, 0x00, 0x00, 0x00, 0x00, 0x00, 0x00, 0x00, 0x00, 0x00, 0x00, 0x00, 0x00, 0x00, 0x00, 0x00, 0x00, 0x00, 0x00, 0x00, 0x00, 0x00 } },
    { 0x257B, 1, { 0x00, 0x00, 0x00, 0x00, 0x00, 0x00, 0x00, 0x00, 0x18, 0x18, 0x18, 0x18, 0x18, 0x18, 0x18, 0x18, 0x00, 0x00, 0x00, 0x00, 0x00, 0x00, 0x00, 0x00, 0x00, 0x00, 0x00, 0x00, 0x00, 0x00, 0x00, 0x00 } },
    { 0x257C, 1, { 0x00, 0x00, 0x00, 0x00, 0x00, 0x00, 0x00, 0xFF, 0x0F, 0x00, 0x00, 0x00, 0x00, 0x00, 0x00, 0x00, 0x00, 0x00, 0x00, 0x00, 0x00, 0x00, 0x00, 0x00, 0x00, 0x00, 0x00, 0x00, 0x00, 0x00, 0x00, 0x00 } },
    { 0x257D, 1, { 0x08, 0x08, 0x08, 0x08, 0x08, 0x08, 0x08, 0x08, 0x18, 0x18, 0x18, 0x18, 0x18, 0x18, 0x18, 0x18, 0x00, 0x00, 0x00, 0x00, 0x00, 0x00, 0x00, 0x00, 0x00, 0x00, 0x00, 0x00, 0x00, 0x00, 0x00, 0x00 } },
    { 0x257E, 1, { 0x00, 0x00, 0x00, 0x00, 0x00, 0x00, 0x00, 0xFF, 0xF0, 0x00, 0x00, 0x00, 0x00, 0x00, 0x00, 0x00, 0x00, 0x00, 0x00, 0x00, 0x00, 0x00, 0x00, 0x00, 0x00, 0x00, 0x00, 0x00, 0x00, 0x00, 0x00, 0x00 } },
    { 0x257F, 1, { 0x18, 0x18, 0x18, 0x18, 0x18, 0x18, 0x18, 0x18, 0x08, 0x08, 0x08, 0x08, 0x08, 0x08, 0x08, 0x08, 0x00, 0x00, 0x00, 0x00, 0x00, 0x00, 0x00, 0x00, 0x00, 0x00, 0x00, 0x00, 0x00, 0x00, 0x00, 0x00 } },
    { 0x2580, 1, { 0xFF, 0xFF, 0xFF, 0xFF, 0xFF, 0xFF, 0xFF, 0xFF, 0x00, 0x00, 0x00, 0x00, 0x00, 0x00, 0x00, 0x00, 0x00, 0x00, 0x00, 0x00, 0x00, 0x00, 0x00, 0x00, 0x00, 0x00, 0x00, 0x00, 0x00, 0x00, 0x00, 0x00 } },
    { 0x2581, 1, { 0x00, 0x00, 0x00, 0x00, 0x00, 0x00, 0x00, 0x00, 0x00, 0x00, 0x00, 0x00, 0x00, 0x00, 0xFF, 0xFF, 0x00, 0x00, 0x00, 0x00, 0x00, 0x00, 0x00, 0x00, 0x00, 0x00, 0x00, 0x00, 0x00, 0x00, 0x00, 0x00 } },
    { 0x2582, 1, { 0x00, 0x00, 0x00, 0x00, 0x00, 0x00, 0x00, 0x00, 0x00, 0x00, 0x00, 0x00, 0xFF, 0xFF, 0xFF, 0xFF, 0x00, 0x00, 0x00, 0x00, 0x00, 0x00, 0x00, 0x00, 0x00, 0x00, 0x00, 0x00, 0x00, 0x00, 0x00, 0x00 } },
    { 0x2583, 1, { 0x00, 0x00, 0x00, 0x00, 0x00, 0x00, 0x00, 0x00, 0x00, 0x00, 0xFF, 0xFF, 0xFF, 0xFF, 0xFF, 0xFF, 0x00, 0x00, 0x00, 0x00, 0x00, 0x00, 0x00, 0x00, 0x00, 0x00, 0x00, 0x00, 0x00, 0x00, 0x00, 0x00 } },
    { 0x2584, 1, { 0x00, 0x00, 0x00, 0x00, 0x00, 0x00, 0x00, 0x00, 0xFF, 0xFF, 0xFF, 0xFF, 0xFF, 0xFF, 0xFF, 0xFF, 0x00, 0x00, 0x00, 0x00, 0x00, 0x00, 0x00, 0x00, 0x00, 0x00, 0x00, 0x00, 0x00, 0x00, 0x00, 0x00 } },
    { 0x2585, 1, { 0x00, 0x00, 0x00, 0x00, 0x00, 0x00, 0xFF, 0xFF, 0xFF, 0xFF, 0xFF, 0xFF, 0xFF, 0xFF, 0xFF, 0xFF, 0x00, 0x00, 0x00, 0x00, 0x00, 0x00, 0x00, 0x00, 0x00, 0x00, 0x00, 0x00, 0x00, 0x00, 0x00, 0x00 } },
    { 0x2586, 1, { 0x00, 0x00, 0x00, 0x00, 0xFF, 0xFF, 0xFF, 0xFF, 0xFF, 0xFF, 0xFF, 0xFF, 0xFF, 0xFF, 0xFF, 0xFF, 0x00, 0x00, 0x00, 0x00, 0x00, 0x00, 0x00, 0x00, 0x00, 0x00, 0x00, 0x00, 0x00, 0x00, 0x00, 0x00 } },
    { 0x2587, 1, { 0x00, 0x00, 0xFF, 0xFF, 0xFF, 0xFF, 0xFF, 0xFF, 0xFF, 0xFF, 0xFF, 0xFF, 0xFF, 0xFF, 0xFF, 0xFF, 0x00, 0x00, 0x00, 0x00, 0x00, 0x00, 0x00, 0x00, 0x00, 0x00, 0x00, 0x00, 0x00, 0x00, 0x00, 0x00 } },
    { 0x2588, 1, { 0xFF, 0xFF, 0xFF, 0xFF, 0xFF, 0xFF, 0xFF, 0xFF, 0xFF, 0xFF, 0xFF, 0xFF, 0xFF, 0xFF, 0xFF, 0xFF, 0x00, 0x00, 0x00, 0x00, 0x00, 0x00, 0x00, 0x00, 0x00, 0x00, 0x00, 0x00, 0x00, 0x00, 0x00, 0x00 } },
    { 0x2589, 1, { 0xFE, 0xFE, 0xFE, 0xFE, 0xFE, 0xFE, 0xFE, 0xFE, 0xFE, 0xFE, 0xFE, 0xFE, 0xFE, 0xFE, 0xFE, 0xFE, 0x00, 0x00, 0x00, 0x00, 0x00, 0x00, 0x00, 0x00, 0x00, 0x00, 0x00, 0x00, 0x00, 0x00, 0x00, 0x00 } },
    { 0x258A, 1, { 0xFC, 0xFC, 0xFC, 0xFC, 0xFC, 0xFC, 0xFC, 0xFC, 0xFC, 0xFC, 0xFC, 0xFC, 0xFC, 0xFC, 0xFC, 0xFC, 0x00, 0x00, 0x00, 0x00, 0x00, 0x00, 0x00, 0x00, 0x00, 0x00, 0x00, 0x00, 0x00, 0x00, 0x00, 0x00 } },
    { 0x258B, 1, { 0xF8, 0xF8, 0xF8, 0xF8, 0xF8, 0xF8, 0xF8, 0xF8, 0xF8, 0xF8, 0xF8, 0xF8, 0xF8, 0xF8, 0xF8, 0xF8, 0x00, 0x00, 0x00, 0x00, 0x00, 0x00, 0x00, 0x00, 0x00, 0x00, 0x00, 0x00, 0x00, 0x00, 0x00, 0x00 } },
    { 0x258C, 1, { 0xF0, 0xF0, 0xF0, 0xF0, 0xF0, 0xF0, 0xF0, 0xF0, 0xF0, 0xF0, 0xF0, 0xF0, 0xF0, 0xF0, 0xF0, 0xF0, 0x00, 0x00, 0x00, 0x00, 0x00, 0x00, 0x00, 0x00, 0x00, 0x00, 0x00, 0x00, 0x00, 0x00, 0x00, 0x00 } },
    { 0x258D, 1, { 0xE0, 0xE0, 0xE0, 0xE0, 0xE0, 0xE0, 0xE0, 0xE0, 0xE0, 0xE0, 0xE0, 0xE0, 0xE0, 0xE0, 0xE0, 0xE0, 0x00, 0x00, 0x00, 0x00, 0x00, 0x00, 0x00, 0x00, 0x00, 0x00, 0x00, 0x00, 0x00, 0x00, 0x00, 0x00 } },
    { 0x258E, 1, { 0xC0, 0xC0, 0xC0, 0xC0, 0xC0, 0xC0, 0xC0, 0xC0, 0xC0, 0xC0, 0xC0, 0xC0, 0xC0, 0xC0, 0xC0, 0xC0, 0x00, 0x00, 0x00, 0x00, 0x00, 0x00, 0x00, 0x00, 0x00, 0x00, 0x00, 0x00, 0x00, 0x00, 0x00, 0x00 } },
    { 0x258F, 1, { 0x80, 0x80, 0x80, 0x80, 0x80, 0x80, 0x80, 0x80, 0x80, 0x80, 0x80, 0x80, 0x80, 0x80, 0x80, 0x80, 0x00, 0x00, 0x00, 0x00, 0x00, 0x00, 0x00, 0x00, 0x00, 0x00, 0x00, 0x00, 0x00, 0x00, 0x00, 0x00 } },
    { 0x2590, 1, { 0x0F, 0x0F, 0x0F, 0x0F, 0x0F, 0x0F, 0x0F, 0x0F, 0x0F, 0x0F, 0x0F, 0x0F, 0x0F, 0x0F, 0x0F, 0x0F, 0x00, 0x00, 0x00, 0x00, 0x00, 0x00, 0x00, 0x00, 0x00, 0x00, 0x00, 0x00, 0x00, 0x00, 0x00, 0x00 } },
    { 0x2591, 1, { 0x88, 0x22, 0x88, 0x22, 0x88, 0x22, 0x88, 0x22, 0x88, 0x22, 0x88, 0x22, 0x88, 0x22, 0x88, 0x22, 0x00, 0x00, 0x00, 0x00, 0x00, 0x00, 0x00, 0x00, 0x00, 0x00, 0x00, 0x00, 0x00, 0x00, 0x00, 0x00 } },
    { 0x2592, 1, { 0xAA, 0x55, 0xAA, 0x55, 0xAA, 0x55, 0xAA, 0x55, 0xAA, 0x55, 0xAA, 0x55, 0xAA, 0x55, 0xAA, 0x55, 0x00, 0x00, 0x00, 0x00, 0x00, 0x00, 0x00, 0x00, 0x00, 0x00, 0x00, 0x00, 0x00, 0x00, 0x00, 0x00 } },
    { 0x2593, 1, { 0xEE, 0xBB, 0xEE, 0xBB, 0xEE, 0xBB, 0xEE, 0xBB, 0xEE, 0xBB, 0xEE, 0xBB, 0xEE, 0xBB, 0xEE, 0xBB, 0x00, 0x00, 0x00, 0x00, 0x00, 0x00, 0x00, 0x00, 0x00, 0x00, 0x00, 0x00, 0x00, 0x00, 0x00, 0x00 } },
    { 0x2594, 1, { 0xFF, 0xFF, 0x00, 0x00, 0x00, 0x00, 0x00, 0x00, 0x00, 0x00, 0x00, 0x00, 0x00, 0x00, 0x00, 0x00, 0x00, 0x00, 0x00, 0x00, 0x00, 0x00, 0x00, 0x00, 0x00, 0x00, 0x00, 0x00, 0x00, 0x00, 0x00, 0x00 } },
    { 0x2595, 1, { 0x01, 0x01, 0x01, 0x01, 0x01, 0x01, 0x01, 0x01, 0x01, 0x01, 0x01, 0x01, 0x01, 0x01, 0x01, 0x01, 0x00, 0x00, 0x00, 0x00, 0x00, 0x00, 0x00, 0x00, 0x00, 0x00, 0x00, 0x00, 0x00, 0x00, 0x00, 0x00 } },
    { 0x2596, 1, { 0x00, 0x00, 0x00, 0x00, 0x00, 0x00, 0x00, 0x00, 0xF0, 0xF0, 0xF0, 0xF0, 0xF0, 0xF0, 0xF0, 0xF0, 0x00, 0x00, 0x00, 0x00, 0x00, 0x00, 0x00, 0x00, 0x00, 0x00, 0x00, 0x00, 0x00, 0x00, 0x00, 0x00 } },
    { 0x2597, 1, { 0x00, 0x00, 0x00, 0x00, 0x00, 0x00, 0x00, 0x00, 0x0F, 0x0F, 0x0F, 0x0F, 0x0F, 0x0F, 0x0F, 0x0F, 0x00, 0x00, 0x00, 0x00, 0x00, 0x00, 0x00, 0x00, 0x00, 0x00, 0x00, 0x00, 0x00, 0x00, 0x00, 0x00 } },
    { 0x2598, 1, { 0xF0, 0xF0, 0xF0, 0xF0, 0xF0, 0xF0, 0xF0, 0xF0, 0x00, 0x00, 0x00, 0x00, 0x00, 0x00, 0x00, 0x00, 0x00, 0x00, 0x00, 0x00, 0x00, 0x00, 0x00, 0x00, 0x00, 0x00, 0x00, 0x00, 0x00, 0x00, 0x00, 0x00 } },
    { 0x2599, 1, { 0xF0, 0xF0, 0xF0, 0xF0, 0xF0, 0xF0, 0xF0, 0xF0, 0xFF, 0xFF, 0xFF, 0xFF, 0xFF, 0xFF, 0xFF, 0xFF, 0x00, 0x00, 0x00, 0x00, 0x00, 0x00, 0x00, 0x00, 0x00, 0x00, 0x00, 0x00, 0x00, 0x00, 0x00, 0x00 } },
    { 0x259A, 1, { 0xF0, 0xF0, 0xF0, 0xF0, 0xF0, 0xF0, 0xF0, 0xF0, 0x0F, 0x0F, 0x0F, 0x0F, 0x0F, 0x0F, 0x0F, 0x0F, 0x00, 0x00, 0x00, 0x00, 0x00, 0x00, 0x00, 0x00, 0x00, 0x00, 0x00, 0x00, 0x00, 0x00, 0x00, 0x00 } },
    { 0x259B, 1, { 0xFF, 0xFF, 0xFF, 0xFF, 0xFF, 0xFF, 0xFF, 0xFF, 0xF0, 0xF0, 0xF0, 0xF0, 0xF0, 0xF0, 0xF0, 0xF0, 0x00, 0x00, 0x00, 0x00, 0x00, 0x00, 0x00, 0x00, 0x00, 0x00, 0x00, 0x00, 0x00, 0x00, 0x00, 0x00 } },
    { 0x259C, 1, { 0xFF, 0xFF, 0xFF, 0xFF, 0xFF, 0xFF, 0xFF, 0xFF, 0x0F, 0x0F, 0x0F, 0x0F, 0x0F, 0x0F, 0x0F, 0x0F, 0x00, 0x00, 0x00, 0x00, 0x00, 0x00, 0x00, 0x00, 0x00, 0x00, 0x00, 0x00, 0x00, 0x00, 0x00, 0x00 } },
    { 0x259D, 1, { 0x0F, 0x0F, 0x0F, 0x0F, 0x0F, 0x0F, 0x0F, 0x0F, 0x00, 0x00, 0x00, 0x00, 0x00, 0x00, 0x00, 0x00, 0x00, 0x00, 0x00, 0x00, 0x00, 0x00, 0x00, 0x00, 0x00, 0x00, 0x00, 0x00, 0x00, 0x00, 0x00, 0x00 } },
    { 0x259E, 1, { 0x0F, 0x0F, 0x0F, 0x0F, 0x0F, 0x0F, 0x0F, 0x0F, 0xF0, 0xF0, 0xF0, 0xF0, 0xF0, 0xF0, 0xF0, 0xF0, 0x00, 0x00, 0x00, 0x00, 0x00, 0x00, 0x00, 0x00, 0x00, 0x00, 0x00, 0x00, 0x00, 0x00, 0x00, 0x00 } },
    { 0x259F, 1, { 0x0F, 0x0F, 0x0F, 0x0F, 0x0F, 0x0F, 0x0F, 0x0F, 0xFF, 0xFF, 0xFF, 0xFF, 0xFF, 0xFF, 0xFF, 0xFF, 0x00, 0x00, 0x00, 0x00, 0x00, 0x00, 0x00, 0x00, 0x00, 0x00, 0x00, 0x00, 0x00, 0x00, 0x00, 0x00 } },
    { 0x25A0, 1, { 0x00, 0x00, 0x00, 0x00, 0x00, 0x00, 0x00, 0x7F, 0x7F, 0x7F, 0x7F, 0x7F, 0x7F, 0x7F, 0x00, 0x00, 0x00, 0x00, 0x00, 0x00, 0x00, 0x00, 0x00, 0x00, 0x00, 0x00, 0x00, 0x00, 0x00, 0x00, 0x00, 0x00 } },
    { 0x25A1, 1, { 0x00, 0x00, 0x00, 0x00, 0x00, 0x00, 0x7F, 0x41, 0x41, 0x41, 0x41, 0x41, 0x7F, 0x00, 0x00, 0x00, 0x00, 0x00, 0x00, 0x00, 0x00, 0x00, 0x00, 0x00, 0x00, 0x00, 0x00, 0x00, 0x00, 0x00, 0x00, 0x00 } },
    { 0x25A2, 1, { 0x00, 0x00, 0x00, 0x00, 0x00, 0x00, 0x3E, 0x41, 0x41, 0x41, 0x41, 0x41, 0x3E, 0x00, 0x00, 0x00, 0x00, 0x00, 0x00, 0x00, 0x00, 0x00, 0x00, 0x00, 0x00, 0x00, 0x00, 0x00, 0x00, 0x00, 0x00, 0x00 } },
    { 0x25A3, 1, { 0x00, 0x00, 0x00, 0x00, 0x00, 0x00, 0x7F, 0x41, 0x5D, 0x5D, 0x5D, 0x41, 0x7F, 0x00, 0x00, 0x00, 0x00, 0x00, 0x00, 0x00, 0x00, 0x00, 0x00, 0x00, 0x00, 0x00, 0x00, 0x00, 0x00, 0x00, 0x00, 0x00 } },
    { 0x25A4, 1, { 0x00, 0x00, 0x00, 0x00, 0x00, 0x00, 0x7F, 0x41, 0x7F, 0x41, 0x7F, 0x41, 0x7F, 0x00, 0x00, 0x00, 0x00, 0x00, 0x00, 0x00, 0x00, 0x00, 0x00, 0x00, 0x00, 0x00, 0x00, 0x00, 0x00, 0x00, 0x00, 0x00 } },
    { 0x25A5, 1, { 0x00, 0x00, 0x00, 0x00, 0x00, 0x00, 0x7F, 0x55, 0x55, 0x55, 0x55, 0x55, 0x7F, 0x00, 0x00, 0x00, 0x00, 0x00, 0x00, 0x00, 0x00, 0x00, 0x00, 0x00, 0x00, 0x00, 0x00, 0x00, 0x00, 0x00, 0x00, 0x00 } },
    { 0x25A6, 1, { 0x00, 0x00, 0x00, 0x00, 0x00, 0x00, 0x7F, 0x55, 0x7F, 0x55, 0x7F, 0x55, 0x7F, 0x00, 0x00, 0x00, 0x00, 0x00, 0x00, 0x00, 0x00, 0x00, 0x00, 0x00, 0x00, 0x00, 0x00, 0x00, 0x00, 0x00, 0x00, 0x00 } },
    { 0x25A7, 1, { 0x00, 0x00, 0x00, 0x00, 0x00, 0x00, 0x7F, 0x53, 0x49, 0x65, 0x53, 0x49, 0x7F, 0x00, 0x00, 0x00, 0x00, 0x00, 0x00, 0x00, 0x00, 0x00, 0x00, 0x00, 0x00, 0x00, 0x00, 0x00, 0x00, 0x00, 0x00, 0x00 } },
    { 0x25A8, 1, { 0x00, 0x00, 0x00, 0x00, 0x00, 0x00, 0x7F, 0x65, 0x49, 0x53, 0x65, 0x49, 0x7F, 0x00, 0x00, 0x00, 0x00, 0x00, 0x00, 0x00, 0x00, 0x00, 0x00, 0x00, 0x00, 0x00, 0x00, 0x00, 0x00, 0x00, 0x00, 0x00 } },
    { 0x25A9, 1, { 0x00, 0x00, 0x00, 0x00, 0x00, 0x00, 0x7F, 0x55, 0x6B, 0x55, 0x6B, 0x55, 0x7F, 0x00, 0x00, 0x00, 0x00, 0x00, 0x00, 0x00, 0x00, 0x00, 0x00, 0x00, 0x00, 0x00, 0x00, 0x00, 0x00, 0x00, 0x00, 0x00 } },
    { 0x25AA, 1, { 0x00, 0x00, 0x00, 0x00, 0x00, 0x00, 0x00, 0x00, 0x3C, 0x3C, 0x3C, 0x3C, 0x00, 0x00, 0x00, 0x00, 0x00, 0x00, 0x00, 0x00, 0x00, 0x00, 0x00, 0x00, 0x00, 0x00, 0x00, 0x00, 0x00, 0x00, 0x00, 0x00 } },
    { 0x25AB, 1, { 0x00, 0x00, 0x00, 0x00, 0x00, 0x00, 0x3C, 0x24, 0x24, 0x3C, 0x00, 0x00, 0x00, 0x00, 0x00, 0x00, 0x00, 0x00, 0x00, 0x00, 0x00, 0x00, 0x00, 0x00, 0x00, 0x00, 0x00, 0x00, 0x00, 0x00, 0x00, 0x00 } },
    { 0x25AC, 1, { 0x00, 0x00, 0x00, 0x00, 0x00, 0x00, 0x7F, 0x7F, 0x7F, 0x7F, 0x00, 0x00, 0x00, 0x00, 0x00, 0x00, 0x00, 0x00, 0x00, 0x00, 0x00, 0x00, 0x00, 0x00, 0x00, 0x00, 0x00, 0x00, 0x00, 0x00, 0x00, 0x00 } },
    { 0x25AD, 1, { 0x00, 0x00, 0x00, 0x00, 0x00, 0x00, 0x7F, 0x41, 0x41, 0x7F, 0x00, 0x00, 0x00, 0x00, 0x00, 0x00, 0x00, 0x00, 0x00, 0x00, 0x00, 0x00, 0x00, 0x00, 0x00, 0x00, 0x00, 0x00, 0x00, 0x00, 0x00, 0x00 } },
    { 0x25AE, 1, { 0x00, 0x00, 0x00, 0x00, 0x00, 0x3C, 0x3C, 0x3C, 0x3C, 0x3C, 0x3C, 0x3C, 0x00, 0x00, 0x00, 0x00, 0x00, 0x00, 0x00, 0x00, 0x00, 0x00, 0x00, 0x00, 0x00, 0x00, 0x00, 0x00, 0x00, 0x00, 0x00, 0x00 } },
    { 0x25AF, 1, { 0x00, 0x00, 0x00, 0x00, 0x00, 0x3C, 0x24, 0x24, 0x24, 0x24, 0x24, 0x3C, 0x00, 0x00, 0x00, 0x00, 0x00, 0x00, 0x00, 0x00, 0x00, 0x00, 0x00, 0x00, 0x00, 0x00, 0x00, 0x00, 0x00, 0x00, 0x00, 0x00 } },
    { 0x25B0, 1, { 0x00, 0x00, 0x00, 0x00, 0x00, 0x00, 0x00, 0x3F, 0x7E, 0xFC, 0x00, 0x00, 0x00, 0x00, 0x00, 0x00, 0x00, 0x00, 0x00, 0x00, 0x00, 0x00, 0x00, 0x00, 0x00, 0x00, 0x00, 0x00, 0x00, 0x00, 0x00, 0x00 } },
    { 0x25B1, 1, { 0x00, 0x00, 0x00, 0x00, 0x00, 0x00, 0x00, 0x3F, 0x42, 0xFC, 0x00, 0x00, 0x00, 0x00, 0x00, 0x00, 0x00, 0x00, 0x00, 0x00, 0x00, 0x00, 0x00, 0x00, 0x00, 0x00, 0x00, 0x00, 0x00, 0x00, 0x00, 0x00 } },
    { 0x25B2, 1, { 0x00, 0x00, 0x00, 0x00, 0x00, 0x18, 0x18, 0x3C, 0x3C, 0x7E, 0x7E, 0x00, 0x00, 0x00, 0x00, 0x00, 0x00, 0x00, 0x00, 0x00, 0x00, 0x00, 0x00, 0x00, 0x00, 0x00, 0x00, 0x00, 0x00, 0x00, 0x00, 0x00 } },
    { 0x25B3, 1, { 0x00, 0x00, 0x00, 0x00, 0x00, 0x18, 0x18, 0x24, 0x24, 0x42, 0x7E, 0x00, 0x00, 0x00, 0x00, 0x00, 0x00, 0x00, 0x00, 0x00, 0x00, 0x00, 0x00, 0x00, 0x00, 0x00, 0x00, 0x00, 0x00, 0x00, 0x00, 0x00 } },
    { 0x25B4, 1, { 0x00, 0x00, 0x00, 0x00, 0x00, 0x00, 0x00, 0x00, 0x18, 0x3C, 0x7E, 0x00, 0x00, 0x00, 0x00, 0x00, 0x00, 0x00, 0x00, 0x00, 0x00, 0x00, 0x00, 0x00, 0x00, 0x00, 0x00, 0x00, 0x00, 0x00, 0x00, 0x00 } },
    { 0x25B5, 1, { 0x00, 0x00, 0x00, 0x00, 0x00, 0x00, 0x00, 0x00, 0x18, 0x24, 0x7E, 0x00, 0x00, 0x00, 0x00, 0x00, 0x00, 0x00, 0x00, 0x00, 0x00, 0x00, 0x00, 0x00, 0x00, 0x00, 0x00, 0x00, 0x00, 0x00, 0x00, 0x00 } },
    { 0x25B6, 1, { 0x00, 0x00, 0x00, 0x00, 0x00, 0x00, 0x60, 0x78, 0x7E, 0x7E, 0x78, 0x60, 0x00, 0x00, 0x00, 0x00, 0x00, 0x00, 0x00, 0x00, 0x00, 0x00, 0x00, 0x00, 0x00, 0x00, 0x00, 0x00, 0x00, 0x00, 0x00, 0x00 } },
    { 0x25B7, 1, { 0x00, 0x00, 0x00, 0x00, 0x00, 0x00, 0x60, 0x58, 0x46, 0x46, 0x58, 0x60, 0x00, 0x00, 0x00, 0x00, 0x00, 0x00, 0x00, 0x00, 0x00, 0x00, 0x00, 0x00, 0x00, 0x00, 0x00, 0x00, 0x00, 0x00, 0x00, 0x00 } },
    { 0x25B8, 1, { 0x00, 0x00, 0x00, 0x00, 0x00, 0x00, 0x00, 0x30, 0x3C, 0x3C, 0x30, 0x00, 0x00, 0x00, 0x00, 0x00, 0x00, 0x00, 0x00, 0x00, 0x00, 0x00, 0x00, 0x00, 0x00, 0x00, 0x00, 0x00, 0x00, 0x00, 0x00, 0x00 } },
    { 0x25B9, 1, { 0x00, 0x00, 0x00, 0x00, 0x00, 0x00, 0x00, 0x30, 0x2C, 0x2C, 0x30, 0x00, 0x00, 0x00, 0x00, 0x00, 0x00, 0x00, 0x00, 0x00, 0x00, 0x00, 0x00, 0x00, 0x00, 0x00, 0x00, 0x00, 0x00, 0x00, 0x00, 0x00 } },
    { 0x25BA, 1, { 0x00, 0x00, 0x00, 0x00, 0x00, 0x00, 0x00, 0x60, 0x78, 0x7E, 0x78, 0x60, 0x00, 0x00, 0x00, 0x00, 0x00, 0x00, 0x00, 0x00, 0x00, 0x00, 0x00, 0x00, 0x00, 0x00, 0x00, 0x00, 0x00, 0x00, 0x00, 0x00 } },
    { 0x25BB, 1, { 0x00, 0x00, 0x00, 0x00, 0x00, 0x00, 0x00, 0x60, 0x58, 0x46, 0x58, 0x60, 0x00, 0x00, 0x00, 0x00, 0x00, 0x00, 0x00, 0x00, 0x00, 0x00, 0x00, 0x00, 0x00, 0x00, 0x00, 0x00, 0x00, 0x00, 0x00, 0x00 } },
    { 0x25BC, 1, { 0x00, 0x00, 0x00, 0x00, 0x00, 0x7E, 0x7E, 0x3C, 0x3C, 0x18, 0x18, 0x00, 0x00, 0x00, 0x00, 0x00, 0x00, 0x00, 0x00, 0x00, 0x00, 0x00, 0x00, 0x00, 0x00, 0x00, 0x00, 0x00, 0x00, 0x00, 0x00, 0x00 } },
    { 0x25BD, 1, { 0x00, 0x00, 0x00, 0x00, 0x00, 0x7E, 0x42, 0x24, 0x24, 0x18, 0x18, 0x00, 0x00, 0x00, 0x00, 0x00, 0x00, 0x00, 0x00, 0x00, 0x00, 0x00, 0x00, 0x00, 0x00, 0x00, 0x00, 0x00, 0x00, 0x00, 0x00, 0x00 } },
    { 0x25BE, 1, { 0x00, 0x00, 0x00, 0x00, 0x00, 0x00, 0x00, 0x00, 0x7E, 0x3C, 0x18, 0x00, 0x00, 0x00, 0x00, 0x00, 0x00, 0x00, 0x00, 0x00, 0x00, 0x00, 0x00, 0x00, 0x00, 0x00, 0x00, 0x00, 0x00, 0x00, 0x00, 0x00 } },
    { 0x25BF, 1, { 0x00, 0x00, 0x00, 0x00, 0x00, 0x00, 0x00, 0x00, 0x7E, 0x24, 0x18, 0x00, 0x00, 0x00, 0x00, 0x00, 0x00, 0x00, 0x00, 0x00, 0x00, 0x00, 0x00, 0x00, 0x00, 0x00, 0x00, 0x00, 0x00, 0x00, 0x00, 0x00 } },
    { 0x25C0, 1, { 0x00, 0x00, 0x00, 0x00, 0x00, 0x00, 0x06, 0x1E, 0x7E, 0x7E, 0x1E, 0x06, 0x00, 0x00, 0x00, 0x00, 0x00, 0x00, 0x00, 0x00, 0x00, 0x00, 0x00, 0x00, 0x00, 0x00, 0x00, 0x00, 0x00, 0x00, 0x00, 0x00 } },
    { 0x25C1, 1, { 0x00, 0x00, 0x00, 0x00, 0x00, 0x00, 0x06, 0x1A, 0x62, 0x62, 0x1A, 0x06, 0x00, 0x00, 0x00, 0x00, 0x00, 0x00, 0x00, 0x00, 0x00, 0x00, 0x00, 0x00, 0x00, 0x00, 0x00, 0x00, 0x00, 0x00, 0x00, 0x00 } },
    { 0x25C2, 1, { 0x00, 0x00, 0x00, 0x00, 0x00, 0x00, 0x00, 0x0C, 0x3C, 0x3C, 0x0C, 0x00, 0x00, 0x00, 0x00, 0x00, 0x00, 0x00, 0x00, 0x00, 0x00, 0x00, 0x00, 0x00, 0x00, 0x00, 0x00, 0x00, 0x00, 0x00, 0x00, 0x00 } },
    { 0x25C3, 1, { 0x00, 0x00, 0x00, 0x00, 0x00, 0x00, 0x00, 0x0C, 0x34, 0x34, 0x0C, 0x00, 0x00, 0x00, 0x00, 0x00, 0x00, 0x00, 0x00, 0x00, 0x00, 0x00, 0x00, 0x00, 0x00, 0x00, 0x00, 0x00, 0x00, 0x00, 0x00, 0x00 } },
    { 0x25C4, 1, { 0x00, 0x00, 0x00, 0x00, 0x00, 0x00, 0x00, 0x06, 0x1E, 0x7E, 0x1E, 0x06, 0x00, 0x00, 0x00, 0x00, 0x00, 0x00, 0x00, 0x00, 0x00, 0x00, 0x00, 0x00, 0x00, 0x00, 0x00, 0x00, 0x00, 0x00, 0x00, 0x00 } },
    { 0x25C5, 1, { 0x00, 0x00, 0x00, 0x00, 0x00, 0x00, 0x00, 0x06, 0x1A, 0x62, 0x1A, 0x06, 0x00, 0x00, 0x00, 0x00, 0x00, 0x00, 0x00, 0x00, 0x00, 0x00, 0x00, 0x00, 0x00, 0x00, 0x00, 0x00, 0x00, 0x00, 0x00, 0x00 } },
    { 0x25C6, 1, { 0x00, 0x00, 0x00, 0x00, 0x00, 0x08, 0x1C, 0x3E, 0x7F, 0x3E, 0x1C, 0x08, 0x00, 0x00, 0x00, 0x00, 0x00, 0x00, 0x00, 0x00, 0x00, 0x00, 0x00, 0x00, 0x00, 0x00, 0x00, 0x00, 0x00, 0x00, 0x00, 0x00 } },
    { 0x25C7, 1, { 0x00, 0x00, 0x00, 0x00, 0x00, 0x08, 0x14, 0x22, 0x41, 0x22, 0x14, 0x08, 0x00, 0x00, 0x00, 0x00, 0x00, 0x00, 0x00, 0x00, 0x00, 0x00, 0x00, 0x00, 0x00, 0x00, 0x00, 0x00, 0x00, 0x00, 0x00, 0x00 } },
    { 0x25C8, 1, { 0x00, 0x00, 0x00, 0x00, 0x00, 0x08, 0x14, 0x2A, 0x5D, 0x2A, 0x14, 0x08, 0x00, 0x00, 0x00, 0x00, 0x00, 0x00, 0x00, 0x00, 0x00, 0x00, 0x00, 0x00, 0x00, 0x00, 0x00, 0x00, 0x00, 0x00, 0x00, 0x00 } },
    { 0x25C9, 1, { 0x00, 0x00, 0x00, 0x00, 0x00, 0x1C, 0x22, 0x59, 0x5D, 0x4D, 0x22, 0x1C, 0x00, 0x00, 0x00, 0x00, 0x00, 0x00, 0x00, 0x00, 0x00, 0x00, 0x00, 0x00, 0x00, 0x00, 0x00, 0x00, 0x00, 0x00, 0x00, 0x00 } },
    { 0x25CA, 1, { 0x00, 0x00, 0x00, 0x18, 0x18, 0x24, 0x24, 0x42, 0x42, 0x24, 0x24, 0x18, 0x18, 0x00, 0x00, 0x00, 0x00, 0x00, 0x00, 0x00, 0x00, 0x00, 0x00, 0x00, 0x00, 0x00, 0x00, 0x00, 0x00, 0x00, 0x00, 0x00 } },
    { 0x25CB, 1, { 0x00, 0x00, 0x00, 0x00, 0x00, 0x1C, 0x22, 0x41, 0x41, 0x41, 0x22, 0x1C, 0x00, 0x00, 0x00, 0x00, 0x00, 0x00, 0x00, 0x00, 0x00, 0x00, 0x00, 0x00, 0x00, 0x00, 0x00, 0x00, 0x00, 0x00, 0x00, 0x00 } },
    { 0x25CC, 1, { 0x00, 0x00, 0x00, 0x00, 0x00, 0x14, 0x00, 0x41, 0x00, 0x41, 0x00, 0x14, 0x00, 0x00, 0x00, 0x00, 0x00, 0x00, 0x00, 0x00, 0x00, 0x00, 0x00, 0x00, 0x00, 0x00, 0x00, 0x00, 0x00, 0x00, 0x00, 0x00 } },
    { 0x25CD, 1, { 0x00, 0x00, 0x00, 0x00, 0x00, 0x1C, 0x36, 0x55, 0x55, 0x55, 0x36, 0x1C, 0x00, 0x00, 0x00, 0x00, 0x00, 0x00, 0x00, 0x00, 0x00, 0x00, 0x00, 0x00, 0x00, 0x00, 0x00, 0x00, 0x00, 0x00, 0x00, 0x00 } },
    { 0x25CE, 1, { 0x00, 0x00, 0x00, 0x00, 0x00, 0x1C, 0x22, 0x49, 0x55, 0x49, 0x22, 0x1C, 0x00, 0x00, 0x00, 0x00, 0x00, 0x00, 0x00, 0x00, 0x00, 0x00, 0x00, 0x00, 0x00, 0x00, 0x00, 0x00, 0x00, 0x00, 0x00, 0x00 } },
    { 0x25CF, 1, { 0x00, 0x00, 0x00, 0x00, 0x00, 0x1C, 0x3E, 0x7F, 0x7F, 0x7F, 0x3E, 0x1C, 0x00, 0x00, 0x00, 0x00, 0x00, 0x00, 0x00, 0x00, 0x00, 0x00, 0x00, 0x00, 0x00, 0x00, 0x00, 0x00, 0x00, 0x00, 0x00, 0x00 } },
    { 0x25D0, 1, { 0x00, 0x00, 0x00, 0x00, 0x00, 0x1C, 0x32, 0x71, 0x71, 0x71, 0x32, 0x1C, 0x00, 0x00, 0x00, 0x00, 0x00, 0x00, 0x00, 0x00, 0x00, 0x00, 0x00, 0x00, 0x00, 0x00, 0x00, 0x00, 0x00, 0x00, 0x00, 0x00 } },
    { 0x25D1, 1, { 0x00, 0x00, 0x00, 0x00, 0x00, 0x1C, 0x26, 0x47, 0x47, 0x47, 0x26, 0x1C, 0x00, 0x00, 0x00, 0x00, 0x00, 0x00, 0x00, 0x00, 0x00, 0x00, 0x00, 0x00, 0x00, 0x00, 0x00, 0x00, 0x00, 0x00, 0x00, 0x00 } },
    { 0x25D2, 1, { 0x00, 0x00, 0x00, 0x00, 0x00, 0x1C, 0x22, 0x41, 0x41, 0x7F, 0x3E, 0x1C, 0x00, 0x00, 0x00, 0x00, 0x00, 0x00, 0x00, 0x00, 0x00, 0x00, 0x00, 0x00, 0x00, 0x00, 0x00, 0x00, 0x00, 0x00, 0x00, 0x00 } },
    { 0x25D3, 1, { 0x00, 0x00, 0x00, 0x00, 0x00, 0x1C, 0x3E, 0x7F, 0x41, 0x41, 0x22, 0x1C, 0x00, 0x00, 0x00, 0x00, 0x00, 0x00, 0x00, 0x00, 0x00, 0x00, 0x00, 0x00, 0x00, 0x00, 0x00, 0x00, 0x00, 0x00, 0x00, 0x00 } },
    { 0x25D4, 1, { 0x00, 0x00, 0x00, 0x00, 0x00, 0x1C, 0x2E, 0x4F, 0x4F, 0x41, 0x22, 0x1C, 0x00, 0x00, 0x00, 0x00, 0x00, 0x00, 0x00, 0x00, 0x00, 0x00, 0x00, 0x00, 0x00, 0x00, 0x00, 0x00, 0x00, 0x00, 0x00, 0x00 } },
    { 0x25D5, 1, { 0x00, 0x00, 0x00, 0x00, 0x00, 0x1C, 0x26, 0x47, 0x47, 0x7F, 0x3E, 0x1C, 0x00, 0x00, 0x00, 0x00, 0x00, 0x00, 0x00, 0x00, 0x00, 0x00, 0x00, 0x00, 0x00, 0x00, 0x00, 0x00, 0x00, 0x00, 0x00, 0x00 } },
    { 0x25D6, 1, { 0x00, 0x00, 0x00, 0x00, 0x00, 0x18, 0x38, 0x78, 0x78, 0x78, 0x38, 0x18, 0x00, 0x00, 0x00, 0x00, 0x00, 0x00, 0x00, 0x00, 0x00, 0x00, 0x00, 0x00, 0x00, 0x00, 0x00, 0x00, 0x00, 0x00, 0x00, 0x00 } },
    { 0x25D7, 1, { 0x00, 0x00, 0x00, 0x00, 0x00, 0x0C, 0x0E, 0x0F, 0x0F, 0x0F, 0x0E, 0x0C, 0x00, 0x00, 0x00, 0x00, 0x00, 0x00, 0x00, 0x00, 0x00, 0x00, 0x00, 0x00, 0x00, 0x00, 0x00, 0x00, 0x00, 0x00, 0x00, 0x00 } },
    { 0x25D8, 1, { 0xFF, 0xFF, 0xFF, 0xFF, 0xFF, 0xFF, 0xE7, 0xC3, 0xC3, 0xE7, 0xFF, 0xFF, 0xFF, 0xFF, 0xFF, 0xFF, 0x00, 0x00, 0x00, 0x00, 0x00, 0x00, 0x00, 0x00, 0x00, 0x00, 0x00, 0x00, 0x00, 0x00, 0x00, 0x00 } },
    { 0x25D9, 1, { 0xFF, 0xFF, 0xFF, 0xFF, 0xFF, 0xE7, 0xDB, 0xBD, 0xBD, 0xDB, 0xE7, 0xFF, 0xFF, 0xFF, 0xFF, 0xFF, 0x00, 0x00, 0x00, 0x00, 0x00, 0x00, 0x00, 0x00, 0x00, 0x00, 0x00, 0x00, 0x00, 0x00, 0x00, 0x00 } },
    { 0x25DA, 1, { 0xFF, 0xFF, 0xFF, 0xFF, 0xFF, 0xE7, 0xDB, 0xBD, 0x00, 0x00, 0x00, 0x00, 0x00, 0x00, 0x00, 0x00, 0x00, 0x00, 0x00, 0x00, 0x00, 0x00, 0x00, 0x00, 0x00, 0x00, 0x00, 0x00, 0x00, 0x00, 0x00, 0x00 } },
    { 0x25DB, 1, { 0x00, 0x00, 0x00, 0x00, 0x00, 0x00, 0x00, 0x00, 0xBD, 0xDB, 0xE7, 0xFF, 0xFF, 0xFF, 0xFF, 0xFF, 0x00, 0x00, 0x00, 0x00, 0x00, 0x00, 0x00, 0x00, 0x00, 0x00, 0x00, 0x00, 0x00, 0x00, 0x00, 0x00 } },
    { 0x25DC, 1, { 0x00, 0x00, 0x00, 0x00, 0x00, 0x18, 0x20, 0x40, 0x40, 0x00, 0x00, 0x00, 0x00, 0x00, 0x00, 0x00, 0x00, 0x00, 0x00, 0x00, 0x00, 0x00, 0x00, 0x00, 0x00, 0x00, 0x00, 0x00, 0x00, 0x00, 0x00, 0x00 } },
    { 0x25DD, 1, { 0x00, 0x00, 0x00, 0x00, 0x00, 0x0C, 0x02, 0x01, 0x01, 0x00, 0x00, 0x00, 0x00, 0x00, 0x00, 0x00, 0x00, 0x00, 0x00, 0x00, 0x00, 0x00, 0x00, 0x00, 0x00, 0x00, 0x00, 0x00, 0x00, 0x00, 0x00, 0x00 } },
    { 0x25DE, 1, { 0x00, 0x00, 0x00, 0x00, 0x00, 0x00, 0x00, 0x00, 0x01, 0x01, 0x02, 0x0C, 0x00, 0x00, 0x00, 0x00, 0x00, 0x00, 0x00, 0x00, 0x00, 0x00, 0x00, 0x00, 0x00, 0x00, 0x00, 0x00, 0x00, 0x00, 0x00, 0x00 } },
    { 0x25DF, 1, { 0x00, 0x00, 0x00, 0x00, 0x00, 0x00, 0x00, 0x00, 0x40, 0x40, 0x20, 0x18, 0x00, 0x00, 0x00, 0x00, 0x00, 0x00, 0x00, 0x00, 0x00, 0x00, 0x00, 0x00, 0x00, 0x00, 0x00, 0x00, 0x00, 0x00, 0x00, 0x00 } },
    { 0x25E0, 1, { 0x00, 0x00, 0x00, 0x00, 0x00, 0x1C, 0x22, 0x41, 0x41, 0x00, 0x00, 0x00, 0x00, 0x00, 0x00, 0x00, 0x00, 0x00, 0x00, 0x00, 0x00, 0x00, 0x00, 0x00, 0x00, 0x00, 0x00, 0x00, 0x00, 0x00, 0x00, 0x00 } },
    { 0x25E1, 1, { 0x00, 0x00, 0x00, 0x00, 0x00, 0x00, 0x00, 0x00, 0x41, 0x41, 0x22, 0x1C, 0x00, 0x00, 0x00, 0x00, 0x00, 0x00, 0x00, 0x00, 0x00, 0x00, 0x00, 0x00, 0x00, 0x00, 0x00, 0x00, 0x00, 0x00, 0x00, 0x00 } },
    { 0x25E2, 1, { 0x01, 0x01, 0x03, 0x03, 0x07, 0x07, 0x0F, 0x0F, 0x1F, 0x1F, 0x3F, 0x3F, 0x7F, 0x7F, 0xFF, 0xFF, 0x00, 0x00, 0x00, 0x00, 0x00, 0x00, 0x00, 0x00, 0x00, 0x00, 0x00, 0x00, 0x00, 0x00, 0x00, 0x00 } },
    { 0x25E3, 1, { 0x80, 0x80, 0xC0, 0xC0, 0xE0, 0xE0, 0xF0, 0xF0, 0xF8, 0xF8, 0xFC, 0xFC, 0xFE, 0xFE, 0xFF, 0xFF, 0x00, 0x00, 0x00, 0x00, 0x00, 0x00, 0x00, 0x00, 0x00, 0x00, 0x00, 0x00, 0x00, 0x00, 0x00, 0x00 } },
    { 0x25E4, 1, { 0xFF, 0xFF, 0xFE, 0xFE, 0xFC, 0xFC, 0xF8, 0xF8, 0xF0, 0xF0, 0xE0, 0xE0, 0xC0, 0xC0, 0x80, 0x80, 0x00, 0x00, 0x00, 0x00, 0x00, 0x00, 0x00, 0x00, 0x00, 0x00, 0x00, 0x00, 0x00, 0x00, 0x00, 0x00 } },
    { 0x25E5, 1, { 0xFF, 0xFF, 0x7F, 0x7F, 0x3F, 0x3F, 0x1F, 0x1F, 0x0F, 0x0F, 0x07, 0x07, 0x03, 0x03, 0x01, 0x01, 0x00, 0x00, 0x00, 0x00, 0x00, 0x00, 0x00, 0x00, 0x00, 0x00, 0x00, 0x00, 0x00, 0x00, 0x00, 0x00 } },
    { 0x25E6, 1, { 0x00, 0x00, 0x00, 0x00, 0x00, 0x00, 0x00, 0x38, 0x44, 0x44, 0x44, 0x38, 0x00, 0x00, 0x00, 0x00, 0x00, 0x00, 0x00, 0x00, 0x00, 0x00, 0x00, 0x00, 0x00, 0x00, 0x00, 0x00, 0x00, 0x00, 0x00, 0x00 } },
    { 0x25E7, 1, { 0x00, 0x00, 0x00, 0x00, 0x00, 0x7E, 0x72, 0x72, 0x72, 0x72, 0x7E, 0x00, 0x00, 0x00, 0x00, 0x00, 0x00, 0x00, 0x00, 0x00, 0x00, 0x00, 0x00, 0x00, 0x00, 0x00, 0x00, 0x00, 0x00, 0x00, 0x00, 0x00 } },
    { 0x25E8, 1, { 0x00, 0x00, 0x00, 0x00, 0x00, 0x7E, 0x4E, 0x4E, 0x4E, 0x4E, 0x7E, 0x00, 0x00, 0x00, 0x00, 0x00, 0x00, 0x00, 0x00, 0x00, 0x00, 0x00, 0x00, 0x00, 0x00, 0x00, 0x00, 0x00, 0x00, 0x00, 0x00, 0x00 } },
    { 0x25E9, 1, { 0x00, 0x00, 0x00, 0x00, 0x00, 0x7E, 0x7A, 0x72, 0x62, 0x42, 0x7E, 0x00, 0x00, 0x00, 0x00, 0x00, 0x00, 0x00, 0x00, 0x00, 0x00, 0x00, 0x00, 0x00, 0x00, 0x00, 0x00, 0x00, 0x00, 0x00, 0x00, 0x00 } },
    { 0x25EA, 1, { 0x00, 0x00, 0x00, 0x00, 0x00, 0x7E, 0x42, 0x46, 0x4E, 0x5E, 0x7E, 0x00, 0x00, 0x00, 0x00, 0x00, 0x00, 0x00, 0x00, 0x00, 0x00, 0x00, 0x00, 0x00, 0x00, 0x00, 0x00, 0x00, 0x00, 0x00, 0x00, 0x00 } },
    { 0x25EB, 1, { 0x00, 0x00, 0x00, 0x00, 0x00, 0x7F, 0x49, 0x49, 0x49, 0x49, 0x7F, 0x00, 0x00, 0x00, 0x00, 0x00, 0x00, 0x00, 0x00, 0x00, 0x00, 0x00, 0x00, 0x00, 0x00, 0x00, 0x00, 0x00, 0x00, 0x00, 0x00, 0x00 } },
    { 0x25EC, 1, { 0x00, 0x00, 0x00, 0x00, 0x00, 0x08, 0x14, 0x14, 0x22, 0x2A, 0x41, 0x7F, 0x00, 0x00, 0x00, 0x00, 0x00, 0x00, 0x00, 0x00, 0x00, 0x00, 0x00, 0x00, 0x00, 0x00, 0x00, 0x00, 0x00, 0x00, 0x00, 0x00 } },
    { 0x25ED, 1, { 0x00, 0x00, 0x00, 0x00, 0x00, 0x00, 0x18, 0x18, 0x34, 0x34, 0x72, 0x7E, 0x00, 0x00, 0x00, 0x00, 0x00, 0x00, 0x00, 0x00, 0x00, 0x00, 0x00, 0x00, 0x00, 0x00, 0x00, 0x00, 0x00, 0x00, 0x00, 0x00 } },
    { 0x25EE, 1, { 0x00, 0x00, 0x00, 0x00, 0x00, 0x18, 0x18, 0x2C, 0x2C, 0x4E, 0x4E, 0x7E, 0x00, 0x00, 0x00, 0x00, 0x00, 0x00, 0x00, 0x00, 0x00, 0x00, 0x00, 0x00, 0x00, 0x00, 0x00, 0x00, 0x00, 0x00, 0x00, 0x00 } },
    { 0x25EF, 2, { 0x00, 0x00, 0x00, 0x00, 0x01, 0xC0, 0x06, 0x30, 0x08, 0x08, 0x10, 0x04, 0x10, 0x04, 0x20, 0x02, 0x20, 0x02, 0x20, 0x02, 0x10, 0x04, 0x10, 0x04, 0x08, 0x08, 0x06, 0x30, 0x01, 0xC0, 0x00, 0x00 } },
    { 0x25F0, 1, { 0x00, 0x00, 0x00, 0x00, 0x00, 0x00, 0x00, 0x00, 0x7E, 0x52, 0x72, 0x42, 0x42, 0x7E, 0x00, 0x00, 0x00, 0x00, 0x00, 0x00, 0x00, 0x00, 0x00, 0x00, 0x00, 0x00, 0x00, 0x00, 0x00, 0x00, 0x00, 0x00 } },
    { 0x25F1, 1, { 0x00, 0x00, 0x00, 0x00, 0x00, 0x00, 0x00, 0x00, 0x7E, 0x42, 0x42, 0x72, 0x52, 0x7E, 0x00, 0x00, 0x00, 0x00, 0x00, 0x00, 0x00, 0x00, 0x00, 0x00, 0x00, 0x00, 0x00, 0x00, 0x00, 0x00, 0x00, 0x00 } },
    { 0x25F2, 1, { 0x00, 0x00, 0x00, 0x00, 0x00, 0x00, 0x00, 0x00, 0x7E, 0x42, 0x42, 0x4E, 0x4A, 0x7E, 0x00, 0x00, 0x00, 0x00, 0x00, 0x00, 0x00, 0x00, 0x00, 0x00, 0x00, 0x00, 0x00, 0x00, 0x00, 0x00, 0x00, 0x00 } },
    { 0x25F3, 1, { 0x00, 0x00, 0x00, 0x00, 0x00, 0x00, 0x00, 0x00, 0x7E, 0x4A, 0x4E, 0x42, 0x42, 0x7E, 0x00, 0x00, 0x00, 0x00, 0x00, 0x00, 0x00, 0x00, 0x00, 0x00, 0x00, 0x00, 0x00, 0x00, 0x00, 0x00, 0x00, 0x00 } },
    { 0x25F4, 1, { 0x00, 0x00, 0x00, 0x00, 0x00, 0x00, 0x3C, 0x52, 0x91, 0xF1, 0x81, 0x81, 0x42, 0x3C, 0x00, 0x00, 0x00, 0x00, 0x00, 0x00, 0x00, 0x00, 0x00, 0x00, 0x00, 0x00, 0x00, 0x00, 0x00, 0x00, 0x00, 0x00 } },
    { 0x25F5, 1, { 0x00, 0x00, 0x00, 0x00, 0x00, 0x00, 0x3C, 0x42, 0x81, 0x81, 0xF1, 0x91, 0x52, 0x3C, 0x00, 0x00, 0x00, 0x00, 0x00, 0x00, 0x00, 0x00, 0x00, 0x00, 0x00, 0x00, 0x00, 0x00, 0x00, 0x00, 0x00, 0x00 } },
    { 0x25F6, 1, { 0x00, 0x00, 0x00, 0x00, 0x00, 0x00, 0x3C, 0x42, 0x81, 0x81, 0x8F, 0x89, 0x4A, 0x3C, 0x00, 0x00, 0x00, 0x00, 0x00, 0x00, 0x00, 0x00, 0x00, 0x00, 0x00, 0x00, 0x00, 0x00, 0x00, 0x00, 0x00, 0x00 } },
    { 0x25F7, 1, { 0x00, 0x00, 0x00, 0x00, 0x00, 0x00, 0x3C, 0x4A, 0x89, 0x8F, 0x81, 0x81, 0x42, 0x3C, 0x00, 0x00, 0x00, 0x00, 0x00, 0x00, 0x00, 0x00, 0x00, 0x00, 0x00, 0x00, 0x00, 0x00, 0x00, 0x00, 0x00, 0x00 } },
    { 0x25F8, 1, { 0x00, 0x00, 0x7E, 0x44, 0x48, 0x50, 0x60, 0x40, 0x00, 0x00, 0x00, 0x00, 0x00, 0x00, 0x00, 0x00, 0x00, 0x00, 0x00, 0x00, 0x00, 0x00, 0x00, 0x00, 0x00, 0x00, 0x00, 0x00, 0x00, 0x00, 0x00, 0x00 } },
    { 0x25F9, 1, { 0x00, 0x00, 0x7E, 0x22, 0x12, 0x0A, 0x06, 0x02, 0x00, 0x00, 0x00, 0x00, 0x00, 0x00, 0x00, 0x00, 0x00, 0x00, 0x00, 0x00, 0x00, 0x00, 0x00, 0x00, 0x00, 0x00, 0x00, 0x00, 0x00, 0x00, 0x00, 0x00 } },
    { 0x25FA, 1, { 0x00, 0x00, 0x00, 0x00, 0x00, 0x00, 0x00, 0x00, 0x00, 0x40, 0x60, 0x50, 0x48, 0x44, 0x7E, 0x00, 0x00, 0x00, 0x00, 0x00, 0x00, 0x00, 0x00, 0x00, 0x00, 0x00, 0x00, 0x00, 0x00, 0x00, 0x00, 0x00 } },
    { 0x25FB, 1, { 0x00, 0x00, 0x00, 0x00, 0x00, 0x00, 0x00, 0x00, 0x00, 0x7E, 0x42, 0x42, 0x42, 0x42, 0x7E, 0x00, 0x00, 0x00, 0x00, 0x00, 0x00, 0x00, 0x00, 0x00, 0x00, 0x00, 0x00, 0x00, 0x00, 0x00, 0x00, 0x00 } },
    { 0x25FC, 1, { 0x00, 0x00, 0x00, 0x00, 0x00, 0x00, 0x00, 0x00, 0x7E, 0x7E, 0x7E, 0x7E, 0x7E, 0x7E, 0x00, 0x00, 0x00, 0x00, 0x00, 0x00, 0x00, 0x00, 0x00, 0x00, 0x00, 0x00, 0x00, 0x00, 0x00, 0x00, 0x00, 0x00 } },
    { 0x25FD, 1, { 0x00, 0x00, 0x00, 0x00, 0x00, 0x00, 0x00, 0x00, 0x00, 0x00, 0x3C, 0x24, 0x24, 0x3C, 0x00, 0x00, 0x00, 0x00, 0x00, 0x00, 0x00, 0x00, 0x00, 0x00, 0x00, 0x00, 0x00, 0x00, 0x00, 0x00, 0x00, 0x00 } },
    { 0x25FE, 1, { 0x00, 0x00, 0x00, 0x00, 0x00, 0x00, 0x00, 0x00, 0x7C, 0x7C, 0x7C, 0x7C, 0x7C, 0x00, 0x00, 0x00, 0x00, 0x00, 0x00, 0x00, 0x00, 0x00, 0x00, 0x00, 0x00, 0x00, 0x00, 0x00, 0x00, 0x00, 0x00, 0x00 } },
    { 0x25FF, 1, { 0x00, 0x00, 0x00, 0x00, 0x00, 0x00, 0x00, 0x00, 0x00, 0x02, 0x06, 0x0A, 0x12, 0x22, 0x7E, 0x00, 0x00, 0x00, 0x00, 0x00, 0x00, 0x00, 0x00, 0x00, 0x00, 0x00, 0x00, 0x00, 0x00, 0x00, 0x00, 0x00 } },
    { 0x2600, 1, { 0x00, 0x00, 0x08, 0x49, 0x22, 0x00, 0x1C, 0x3E, 0x3E, 0x1C, 0x00, 0x22, 0x49, 0x08, 0x00, 0x00, 0x00, 0x00, 0x00, 0x00, 0x00, 0x00, 0x00, 0x00, 0x00, 0x00, 0x00, 0x00, 0x00, 0x00, 0x00, 0x00 } },
    { 0x2601, 1, { 0x00, 0x00, 0x00, 0x00, 0x20, 0x76, 0xFF, 0x7E, 0x00, 0x00, 0x00, 0x00, 0x00, 0x00, 0x00, 0x00, 0x00, 0x00, 0x00, 0x00, 0x00, 0x00, 0x00, 0x00, 0x00, 0x00, 0x00, 0x00, 0x00, 0x00, 0x00, 0x00 } },
    { 0x2602, 1, { 0x00, 0x00, 0x00, 0x00, 0x1C, 0x3E, 0x7F, 0x08, 0x08, 0x08, 0x08, 0x10, 0x00, 0x00, 0x00, 0x00, 0x00, 0x00, 0x00, 0x00, 0x00, 0x00, 0x00, 0x00, 0x00, 0x00, 0x00, 0x00, 0x00, 0x00, 0x00, 0x00 } },
    { 0x2603, 2, { 0x8B, 0xC8, 0x03, 0xC0, 0x2F, 0xF1, 0x04, 0x24, 0x8A, 0x50, 0x28, 0x12, 0x0A, 0x50, 0x49, 0x94, 0x04, 0x21, 0x47, 0xE0, 0x08, 0x10, 0x10, 0x88, 0x78, 0x1E, 0x10, 0x88, 0x08, 0x10, 0x07, 0xE0 } },
    { 0x2605, 1, { 0x00, 0x00, 0x00, 0x00, 0x00, 0x08, 0x08, 0x7F, 0x1C, 0x36, 0x22, 0x00, 0x00, 0x00, 0x00, 0x00, 0x00, 0x00, 0x00, 0x00, 0x00, 0x00, 0x00, 0x00, 0x00, 0x00, 0x00, 0x00, 0x00, 0x00, 0x00, 0x00 } },
    { 0x2606, 1, { 0x00, 0x00, 0x00, 0x00, 0x08, 0x08, 0x77, 0x22, 0x2A, 0x36, 0x22, 0x00, 0x00, 0x00, 0x00, 0x00, 0x00, 0x00, 0x00, 0x00, 0x00, 0x00, 0x00, 0x00, 0x00, 0x00, 0x00, 0x00, 0x00, 0x00, 0x00, 0x00 } },
    { 0x260E, 1, { 0x00, 0x00, 0x00, 0x00, 0x00, 0x00, 0x00, 0x3E, 0x63, 0x00, 0x2A, 0x63, 0x7F, 0x00, 0x00, 0x00, 0x00, 0x00, 0x00, 0x00, 0x00, 0x00, 0x00, 0x00, 0x00, 0x00, 0x00, 0x00, 0x00, 0x00, 0x00, 0x00 } },
    { 0x2610, 2, { 0x00, 0x00, 0x00, 0x00, 0x3F, 0xF8, 0x20, 0x08, 0x20, 0x08, 0x20, 0x08, 0x20, 0x08, 0x20, 0x08, 0x20, 0x08, 0x20, 0x08, 0x20, 0x08, 0x20, 0x08, 0x20, 0x08, 0x3F, 0xF8, 0x00, 0x00, 0x00, 0x00 } },
    { 0x2611, 2, { 0x00, 0x00, 0x00, 0x00, 0x3F, 0xF8, 0x20, 0x08, 0x20, 0x08, 0x20, 0x38, 0x28, 0x68, 0x28, 0xC8, 0x29, 0x88, 0x2B, 0x08, 0x2E, 0x08, 0x2C, 0x08, 0x20, 0x08, 0x3F, 0xF8, 0x00, 0x00, 0x00, 0x00 } },
    { 0x2612, 2, { 0x00, 0x00, 0x00, 0x00, 0x3F, 0xFC, 0x20, 0x04, 0x20, 0x04, 0x2C, 0x34, 0x26, 0x64, 0x23, 0xC4, 0x21, 0x84, 0x23, 0xC4, 0x26, 0x64, 0x2C, 0x34, 0x20, 0x04, 0x3F, 0xFC, 0x00, 0x00, 0x00, 0x00 } },
    { 0x2613, 1, { 0x00, 0x00, 0x00, 0x00, 0x22, 0x22, 0x14, 0x14, 0x08, 0x08, 0x14, 0x14, 0x22, 0x22, 0x00, 0x00, 0x00, 0x00, 0x00, 0x00, 0x00, 0x00, 0x00, 0x00, 0x00, 0x00, 0x00, 0x00, 0x00, 0x00, 0x00, 0x00 } },
    { 0x2615, 2, { 0x00, 0x00, 0x09, 0x20, 0x12, 0x40, 0x12, 0x40, 0x09, 0x20, 0x09, 0x20, 0x12, 0x40, 0x00, 0x00, 0x1F, 0xC8, 0x3F, 0xF4, 0x2F, 0xD4, 0x20, 0x14, 0x20, 0x38, 0x1F, 0xC0, 0x00, 0x00, 0x00, 0x00 } },
    { 0x261D, 1, { 0x00, 0x00, 0x00, 0x00, 0x00, 0x04, 0x04, 0x1C, 0x34, 0x24, 0x24, 0x18, 0x00, 0x00, 0x00, 0x00, 0x00, 0x00, 0x00, 0x00, 0x00, 0x00, 0x00, 0x00, 0x00, 0x00, 0x00, 0x00, 0x00, 0x00, 0x00, 0x00 } },
    { 0x2620, 1, { 0x00, 0x00, 0xE7, 0xA5, 0x7E, 0x81, 0xA5, 0xA5, 0x81, 0x5A, 0x5A, 0x42, 0xBD, 0xE7, 0x00, 0x00, 0x00, 0x00, 0x00, 0x00, 0x00, 0x00, 0x00, 0x00, 0x00, 0x00, 0x00, 0x00, 0x00, 0x00, 0x00, 0x00 } },
    { 0x2622, 2, { 0x07, 0xE0, 0x18, 0x18, 0x24, 0x24, 0x5C, 0x3A, 0x5C, 0x3A, 0xBE, 0x7D, 0xBE, 0x7D, 0xBE, 0x7D, 0x81, 0x81, 0x81, 0x81, 0x83, 0xC1, 0x43, 0xC2, 0x47, 0xE2, 0x23, 0xC4, 0x18, 0x18, 0x07, 0xE0 } },
    { 0x2623, 2, { 0x00, 0x00, 0x00, 0x00, 0x04, 0x40, 0x08, 0x20, 0x10, 0x10, 0x10, 0x10, 0x13, 0x90, 0x0C, 0x60, 0x3E, 0xF8, 0x44, 0x44, 0x85, 0x42, 0x83, 0x82, 0x02, 0x80, 0x04, 0x40, 0x18, 0x30, 0x00, 0x00 } },
    { 0x262E, 1, { 0x00, 0x00, 0x00, 0x00, 0x00, 0x00, 0x3E, 0x49, 0x49, 0x49, 0x5D, 0x6B, 0x49, 0x3E, 0x00, 0x00, 0x00, 0x00, 0x00, 0x00, 0x00, 0x00, 0x00, 0x00, 0x00, 0x00, 0x00, 0x00, 0x00, 0x00, 0x00, 0x00 } },
    { 0x262F, 2, { 0x07, 0xE0, 0x18, 0x18, 0x20, 0x04, 0x40, 0x02, 0x40, 0x02, 0x9C, 0x31, 0xBE, 0x31, 0xFF, 0x03, 0xE7, 0x83, 0xE7, 0xC7, 0xFF, 0xFF, 0x7F, 0xFE, 0x7F, 0xFE, 0x3F, 0xFC, 0x1F, 0xF8, 0x07, 0xE0 } },
    { 0x2638, 1, { 0x00, 0x00, 0x00, 0x00, 0x00, 0x00, 0x00, 0x49, 0x3E, 0x3E, 0x77, 0x3E, 0x3E, 0x49, 0x00, 0x00, 0x00, 0x00, 0x00, 0x00, 0x00, 0x00, 0x00, 0x00, 0x00, 0x00, 0x00, 0x00, 0x00, 0x00, 0x00, 0x00 } },
    { 0x2639, 1, { 0x00, 0x00, 0x00, 0x3C, 0x42, 0x81, 0xA5, 0x81, 0x99, 0xA5, 0x81, 0x42, 0x3C, 0x00, 0x00, 0x00, 0x00, 0x00, 0x00, 0x00, 0x00, 0x00, 0x00, 0x00, 0x00, 0x00, 0x00, 0x00, 0x00, 0x00, 0x00, 0x00 } },
    { 0x263A, 1, { 0x00, 0x00, 0x00, 0x00, 0x3C, 0x42, 0x81, 0xA5, 0x81, 0xA5, 0x99, 0x42, 0x3C, 0x00, 0x00, 0x00, 0x00, 0x00, 0x00, 0x00, 0x00, 0x00, 0x00, 0x00, 0x00, 0x00, 0x00, 0x00, 0x00, 0x00, 0x00, 0x00 } },
    { 0x263B, 1, { 0x00, 0x00, 0x00, 0x00, 0x3C, 0x7E, 0xFF, 0xDB, 0xFF, 0xDB, 0xE7, 0x7E, 0x3C, 0x00, 0x00, 0x00, 0x00, 0x00, 0x00, 0x00, 0x00, 0x00, 0x00, 0x00, 0x00, 0x00, 0x00, 0x00, 0x00, 0x00, 0x00, 0x00 } },
    { 0x263C, 1, { 0x00, 0x00, 0x00, 0x00, 0x00, 0x49, 0x2A, 0x1C, 0x77, 0x1C, 0x2A, 0x49, 0x00, 0x00, 0x00, 0x00, 0x00, 0x00, 0x00, 0x00, 0x00, 0x00, 0x00, 0x00, 0x00, 0x00, 0x00, 0x00, 0x00, 0x00, 0x00, 0x00 } },
    { 0x263D, 1, { 0x00, 0x00, 0x00, 0x00, 0x38, 0x0C, 0x06, 0x05, 0x05, 0x05, 0x05, 0x06, 0x0C, 0x38, 0x00, 0x00, 0x00, 0x00, 0x00, 0x00, 0x00, 0x00, 0x00, 0x00, 0x00, 0x00, 0x00, 0x00, 0x00, 0x00, 0x00, 0x00 } },
    { 0x263E, 1, { 0x00, 0x00, 0x00, 0x00, 0x0E, 0x18, 0x30, 0x50, 0x50, 0x50, 0x50, 0x30, 0x18, 0x0E, 0x00, 0x00, 0x00, 0x00, 0x00, 0x00, 0x00, 0x00, 0x00, 0x00, 0x00, 0x00, 0x00, 0x00, 0x00, 0x00, 0x00, 0x00 } },
    { 0x263F, 1, { 0x00, 0x00, 0x00, 0x22, 0x22, 0x1C, 0x22, 0x22, 0x22, 0x1C, 0x08, 0x3E, 0x08, 0x08, 0x00, 0x00, 0x00, 0x00, 0x00, 0x00, 0x00, 0x00, 0x00, 0x00, 0x00, 0x00, 0x00, 0x00, 0x00, 0x00, 0x00, 0x00 } },
    { 0x2640, 1, { 0x00, 0x00, 0x00, 0x00, 0x00, 0x1C, 0x22, 0x22, 0x22, 0x1C, 0x08, 0x3E, 0x08, 0x08, 0x00, 0x00, 0x00, 0x00, 0x00, 0x00, 0x00, 0x00, 0x00, 0x00, 0x00, 0x00, 0x00, 0x00, 0x00, 0x00, 0x00, 0x00 } },
    { 0x2642, 1, { 0x00, 0x00, 0x00, 0x00, 0x00, 0x07, 0x03, 0x05, 0x38, 0x44, 0x44, 0x44, 0x38, 0x00, 0x00, 0x00, 0x00, 0x00, 0x00, 0x00, 0x00, 0x00, 0x00, 0x00, 0x00, 0x00, 0x00, 0x00, 0x00, 0x00, 0x00, 0x00 } },
    { 0x2643, 1, { 0x00, 0x00, 0x00, 0x00, 0x02, 0x02, 0x02, 0x3A, 0x46, 0x06, 0x0A, 0x7E, 0x02, 0x02, 0x00, 0x00, 0x00, 0x00, 0x00, 0x00, 0x00, 0x00, 0x00, 0x00, 0x00, 0x00, 0x00, 0x00, 0x00, 0x00, 0x00, 0x00 } },
    { 0x2644, 1, { 0x00, 0x00, 0x00, 0x00, 0x20, 0x20, 0x70, 0x20, 0x2C, 0x32, 0x22, 0x24, 0x24, 0x24, 0x00, 0x00, 0x00, 0x00, 0x00, 0x00, 0x00, 0x00, 0x00, 0x00, 0x00, 0x00, 0x00, 0x00, 0x00, 0x00, 0x00, 0x00 } },
    { 0x2645, 1, { 0x00, 0x00, 0x00, 0x00, 0x00, 0x6B, 0x2A, 0x3E, 0x2A, 0x6B, 0x08, 0x1C, 0x14, 0x1C, 0x00, 0x00, 0x00, 0x00, 0x00, 0x00, 0x00, 0x00, 0x00, 0x00, 0x00, 0x00, 0x00, 0x00, 0x00, 0x00, 0x00, 0x00 } },
    { 0x2646, 1, { 0x00, 0x00, 0x00, 0x00, 0x08, 0x59, 0xCB, 0x49, 0x49, 0x49, 0x3E, 0x08, 0x3E, 0x08, 0x08, 0x00, 0x00, 0x00, 0x00, 0x00, 0x00, 0x00, 0x00, 0x00, 0x00, 0x00, 0x00, 0x00, 0x00, 0x00, 0x00, 0x00 } },
    { 0x2647, 1, { 0x00, 0x00, 0x00, 0x00, 0x7C, 0x42, 0x42, 0x42, 0x7C, 0x40, 0x40, 0x40, 0x40, 0x7E, 0x00, 0x00, 0x00, 0x00, 0x00, 0x00, 0x00, 0x00, 0x00, 0x00, 0x00, 0x00, 0x00, 0x00, 0x00, 0x00, 0x00, 0x00 } },
    { 0x2648, 1, { 0x00, 0x00, 0x00, 0x00, 0x22, 0x55, 0x14, 0x14, 0x08, 0x08, 0x08, 0x08, 0x08, 0x08, 0x00, 0x00, 0x00, 0x00, 0x00, 0x00, 0x00, 0x00, 0x00, 0x00, 0x00, 0x00, 0x00, 0x00, 0x00, 0x00, 0x00, 0x00 } },
    { 0x2649, 1, { 0x00, 0x00, 0x00, 0x00, 0x00, 0x00, 0x00, 0x41, 0x22, 0x1C, 0x22, 0x22, 0x22, 0x1C, 0x00, 0x00, 0x00, 0x00, 0x00, 0x00, 0x00, 0x00, 0x00, 0x00, 0x00, 0x00, 0x00, 0x00, 0x00, 0x00, 0x00, 0x00 } },
    { 0x264A, 1, { 0x00, 0x00, 0x00, 0x00, 0x41, 0x3E, 0x14, 0x14, 0x14, 0x14, 0x14, 0x14, 0x3E, 0x41, 0x00, 0x00, 0x00, 0x00, 0x00, 0x00, 0x00, 0x00, 0x00, 0x00, 0x00, 0x00, 0x00, 0x00, 0x00, 0x00, 0x00, 0x00 } },
    { 0x264B, 1, { 0x00, 0x00, 0x00, 0x00, 0x00, 0x00, 0x3E, 0x49, 0x48, 0x30, 0x06, 0x09, 0x49, 0x3E, 0x00, 0x00, 0x00, 0x00, 0x00, 0x00, 0x00, 0x00, 0x00, 0x00, 0x00, 0x00, 0x00, 0x00, 0x00, 0x00, 0x00, 0x00 } },
    { 0x264C, 1, { 0x00, 0x00, 0x00, 0x00, 0x00, 0x1C, 0x22, 0x22, 0x12, 0x74, 0x94, 0x94, 0x65, 0x02, 0x00, 0x00, 0x00, 0x00, 0x00, 0x00, 0x00, 0x00, 0x00, 0x00, 0x00, 0x00, 0x00, 0x00, 0x00, 0x00, 0x00, 0x00 } },
    { 0x264D, 1, { 0x00, 0x00, 0x00, 0x00, 0x54, 0x7C, 0x55, 0x57, 0x55, 0x55, 0x55, 0x55, 0x06, 0x7C, 0x00, 0x00, 0x00, 0x00, 0x00, 0x00, 0x00, 0x00, 0x00, 0x00, 0x00, 0x00, 0x00, 0x00, 0x00, 0x00, 0x00, 0x00 } },
    { 0x264E, 1, { 0x00, 0x00, 0x00, 0x00, 0x00, 0x00, 0x00, 0x1C, 0x22, 0x22, 0x77, 0x00, 0x7F, 0x00, 0x00, 0x00, 0x00, 0x00, 0x00, 0x00, 0x00, 0x00, 0x00, 0x00, 0x00, 0x00, 0x00, 0x00, 0x00, 0x00, 0x00, 0x00 } },
    { 0x264F, 1, { 0x00, 0x00, 0x00, 0x00, 0x54, 0x7C, 0x54, 0x54, 0x54, 0x54, 0x54, 0x54, 0x55, 0x03, 0x00, 0x00, 0x00, 0x00, 0x00, 0x00, 0x00, 0x00, 0x00, 0x00, 0x00, 0x00, 0x00, 0x00, 0x00, 0x00, 0x00, 0x00 } },
    { 0x2650, 1, { 0x00, 0x00, 0x00, 0x00, 0x00, 0x00, 0x00, 0x0F, 0x03, 0x45, 0x29, 0x10, 0x28, 0x44, 0x00, 0x00, 0x00, 0x00, 0x00, 0x00, 0x00, 0x00, 0x00, 0x00, 0x00, 0x00, 0x00, 0x00, 0x00, 0x00, 0x00, 0x00 } },
    { 0x2651, 1, { 0x00, 0x00, 0x00, 0x00, 0x31, 0x4E, 0x84, 0x08, 0x10, 0x3C, 0x62, 0xA2, 0xA2, 0x1C, 0x00, 0x00, 0x00, 0x00, 0x00, 0x00, 0x00, 0x00, 0x00, 0x00, 0x00, 0x00, 0x00, 0x00, 0x00, 0x00, 0x00, 0x00 } },
    { 0x2652, 1, { 0x00, 0x00, 0x00, 0x00, 0x00, 0x00, 0x2A, 0x54, 0x00, 0x00, 0x2A, 0x54, 0x00, 0x00, 0x00, 0x00, 0x00, 0x00, 0x00, 0x00, 0x00, 0x00, 0x00, 0x00, 0x00, 0x00, 0x00, 0x00, 0x00, 0x00, 0x00, 0x00 } },
    { 0x2653, 1, { 0x00, 0x00, 0x00, 0x00, 0x00, 0x42, 0x42, 0x24, 0x24, 0x7E, 0x24, 0x24, 0x42, 0x42, 0x00, 0x00, 0x00, 0x00, 0x00, 0x00, 0x00, 0x00, 0x00, 0x00, 0x00, 0x00, 0x00, 0x00, 0x00, 0x00, 0x00, 0x00 } },
    { 0x2654, 1, { 0x00, 0x00, 0x00, 0x08, 0x1C, 0x08, 0x77, 0x5D, 0x49, 0x49, 0x2A, 0x7F, 0x41, 0x7F, 0x00, 0x00, 0x00, 0x00, 0x00, 0x00, 0x00, 0x00, 0x00, 0x00, 0x00, 0x00, 0x00, 0x00, 0x00, 0x00, 0x00, 0x00 } },
    { 0x2655, 1, { 0x00, 0x00, 0x00, 0x00, 0x08, 0x08, 0x49, 0x2A, 0x2A, 0x5D, 0x2A, 0x3E, 0x22, 0x3E, 0x00, 0x00, 0x00, 0x00, 0x00, 0x00, 0x00, 0x00, 0x00, 0x00, 0x00, 0x00, 0x00, 0x00, 0x00, 0x00, 0x00, 0x00 } },
    { 0x2656, 1, { 0x00, 0x00, 0x00, 0x00, 0x00, 0x55, 0x7F, 0x41, 0x41, 0x22, 0x22, 0x41, 0x41, 0x7F, 0x00, 0x00, 0x00, 0x00, 0x00, 0x00, 0x00, 0x00, 0x00, 0x00, 0x00, 0x00, 0x00, 0x00, 0x00, 0x00, 0x00, 0x00 } },
    { 0x2657, 1, { 0x00, 0x00, 0x00, 0x00, 0x08, 0x14, 0x22, 0x22, 0x22, 0x22, 0x14, 0x77, 0x41, 0x7F, 0x00, 0x00, 0x00, 0x00, 0x00, 0x00, 0x00, 0x00, 0x00, 0x00, 0x00, 0x00, 0x00, 0x00, 0x00, 0x00, 0x00, 0x00 } },
    { 0x2658, 1, { 0x00, 0x00, 0x00, 0x02, 0x1E, 0x22, 0x42, 0x42, 0x3A, 0x12, 0x22, 0x42, 0x42, 0x7E, 0x00, 0x00, 0x00, 0x00, 0x00, 0x00, 0x00, 0x00, 0x00, 0x00, 0x00, 0x00, 0x00, 0x00, 0x00, 0x00, 0x00, 0x00 } },
    { 0x2659, 1, { 0x00, 0x00, 0x00, 0x00, 0x00, 0x00, 0x18, 0x24, 0x24, 0x18, 0x24, 0x24, 0x42, 0x7E, 0x00, 0x00, 0x00, 0x00, 0x00, 0x00, 0x00, 0x00, 0x00, 0x00, 0x00, 0x00, 0x00, 0x00, 0x00, 0x00, 0x00, 0x00 } },
    { 0x265A, 1, { 0x00, 0x00, 0x00, 0x08, 0x1C, 0x08, 0x77, 0x5D, 0x49, 0x49, 0x2A, 0x7F, 0x7F, 0x7F, 0x00, 0x00, 0x00, 0x00, 0x00, 0x00, 0x00, 0x00, 0x00, 0x00, 0x00, 0x00, 0x00, 0x00, 0x00, 0x00, 0x00, 0x00 } },
    { 0x265B, 1, { 0x00, 0x00, 0x00, 0x00, 0x08, 0x08, 0x49, 0x2A, 0x2A, 0x5D, 0x2A, 0x3E, 0x3E, 0x3E, 0x00, 0x00, 0x00, 0x00, 0x00, 0x00, 0x00, 0x00, 0x00, 0x00, 0x00, 0x00, 0x00, 0x00, 0x00, 0x00, 0x00, 0x00 } },
    { 0x265C, 1, { 0x00, 0x00, 0x00, 0x00, 0x00, 0x55, 0x7F, 0x7F, 0x7F, 0x3E, 0x3E, 0x7F, 0x7F, 0x7F, 0x00, 0x00, 0x00, 0x00, 0x00, 0x00, 0x00, 0x00, 0x00, 0x00, 0x00, 0x00, 0x00, 0x00, 0x00, 0x00, 0x00, 0x00 } },
    { 0x265D, 1, { 0x00, 0x00, 0x00, 0x00, 0x08, 0x1C, 0x36, 0x22, 0x36, 0x3E, 0x1C, 0x7F, 0x7F, 0x7F, 0x00, 0x00, 0x00, 0x00, 0x00, 0x00, 0x00, 0x00, 0x00, 0x00, 0x00, 0x00, 0x00, 0x00, 0x00, 0x00, 0x00, 0x00 } },
    { 0x265E, 1, { 0x00, 0x00, 0x00, 0x02, 0x1E, 0x36, 0x7E, 0x7E, 0x3E, 0x1E, 0x3E, 0x7E, 0x7E, 0x7E, 0x00, 0x00, 0x00, 0x00, 0x00, 0x00, 0x00, 0x00, 0x00, 0x00, 0x00, 0x00, 0x00, 0x00, 0x00, 0x00, 0x00, 0x00 } },
    { 0x265F, 1, { 0x00, 0x00, 0x00, 0x00, 0x00, 0x00, 0x18, 0x3C, 0x3C, 0x18, 0x3C, 0x3C, 0x7E, 0x7E, 0x00, 0x00, 0x00, 0x00, 0x00, 0x00, 0x00, 0x00, 0x00, 0x00, 0x00, 0x00, 0x00, 0x00, 0x00, 0x00, 0x00, 0x00 } },
    { 0x2660, 1, { 0x00, 0x00, 0x00, 0x00, 0x08, 0x08, 0x1C, 0x3E, 0x7F, 0x7F, 0x7F, 0x3E, 0x08, 0x1C, 0x00, 0x00, 0x00, 0x00, 0x00, 0x00, 0x00, 0x00, 0x00, 0x00, 0x00, 0x00, 0x00, 0x00, 0x00, 0x00, 0x00, 0x00 } },
    { 0x2661, 1, { 0x00, 0x00, 0x00, 0x00, 0x00, 0x36, 0x49, 0x41, 0x41, 0x41, 0x22, 0x14, 0x08, 0x08, 0x00, 0x00, 0x00, 0x00, 0x00, 0x00, 0x00, 0x00, 0x00, 0x00, 0x00, 0x00, 0x00, 0x00, 0x00, 0x00, 0x00, 0x00 } },
    { 0x2662, 1, { 0x00, 0x00, 0x00, 0x00, 0x08, 0x08, 0x14, 0x14, 0x22, 0x22, 0x14, 0x14, 0x08, 0x08, 0x00, 0x00, 0x00, 0x00, 0x00, 0x00, 0x00, 0x00, 0x00, 0x00, 0x00, 0x00, 0x00, 0x00, 0x00, 0x00, 0x00, 0x00 } },
    { 0x2663, 1, { 0x00, 0x00, 0x00, 0x00, 0x1C, 0x1C, 0x1C, 0x08, 0x7F, 0x7F, 0x6B, 0x08, 0x08, 0x1C, 0x00, 0x00, 0x00, 0x00, 0x00, 0x00, 0x00, 0x00, 0x00, 0x00, 0x00, 0x00, 0x00, 0x00, 0x00, 0x00, 0x00, 0x00 } },
    { 0x2664, 1, { 0x00, 0x00, 0x00, 0x00, 0x08, 0x08, 0x14, 0x22, 0x41, 0x41, 0x41, 0x3E, 0x08, 0x1C, 0x00, 0x00, 0x00, 0x00, 0x00, 0x00, 0x00, 0x00, 0x00, 0x00, 0x00, 0x00, 0x00, 0x00, 0x00, 0x00, 0x00, 0x00 } },
    { 0x2665, 1, { 0x00, 0x00, 0x00, 0x00, 0x00, 0x36, 0x7F, 0x7F, 0x7F, 0x7F, 0x3E, 0x1C, 0x08, 0x08, 0x00, 0x00, 0x00, 0x00, 0x00, 0x00, 0x00, 0x00, 0x00, 0x00, 0x00, 0x00, 0x00, 0x00, 0x00, 0x00, 0x00, 0x00 } },
    { 0x2666, 1, { 0x00, 0x00, 0x00, 0x00, 0x08, 0x08, 0x1C, 0x1C, 0x3E, 0x3E, 0x1C, 0x1C, 0x08, 0x08, 0x00, 0x00, 0x00, 0x00, 0x00, 0x00, 0x00, 0x00, 0x00, 0x00, 0x00, 0x00, 0x00, 0x00, 0x00, 0x00, 0x00, 0x00 } },
    { 0x2667, 1, { 0x00, 0x00, 0x00, 0x00, 0x1C, 0x14, 0x1C, 0x08, 0x77, 0x5D, 0x6B, 0x08, 0x08, 0x1C, 0x00, 0x00, 0x00, 0x00, 0x00, 0x00, 0x00, 0x00, 0x00, 0x00, 0x00, 0x00, 0x00, 0x00, 0x00, 0x00, 0x00, 0x00 } },
    { 0x2668, 1, { 0x00, 0x00, 0x00, 0x08, 0x51, 0x92, 0x92, 0x92, 0x49, 0x49, 0x49, 0x52, 0x81, 0x7E, 0x00, 0x00, 0x00, 0x00, 0x00, 0x00, 0x00, 0x00, 0x00, 0x00, 0x00, 0x00, 0x00, 0x00, 0x00, 0x00, 0x00, 0x00 } },
    { 0x266A, 1, { 0x00, 0x00, 0x00, 0x00, 0x08, 0x0C, 0x0A, 0x0A, 0x08, 0x08, 0x08, 0x38, 0x78, 0x70, 0x00, 0x00, 0x00, 0x00, 0x00, 0x00, 0x00, 0x00, 0x00, 0x00, 0x00, 0x00, 0x00, 0x00, 0x00, 0x00, 0x00, 0x00 } },
    { 0x266B, 1, { 0x00, 0x00, 0x00, 0x1C, 0x17, 0x11, 0x11, 0x11, 0x11, 0x71, 0xF1, 0xE7, 0x0F, 0x0E, 0x00, 0x00, 0x00, 0x00, 0x00, 0x00, 0x00, 0x00, 0x00, 0x00, 0x00, 0x00, 0x00, 0x00, 0x00, 0x00, 0x00, 0x00 } },
    { 0x266C, 1, { 0x00, 0x00, 0x00, 0x1C, 0x17, 0x11, 0x1D, 0x17, 0x11, 0x71, 0xF1, 0xE7, 0x0F, 0x0E, 0x00, 0x00, 0x00, 0x00, 0x00, 0x00, 0x00, 0x00, 0x00, 0x00, 0x00, 0x00, 0x00, 0x00, 0x00, 0x00, 0x00, 0x00 } },
    { 0x266D, 1, { 0x00, 0x00, 0x40, 0x40, 0x40, 0x40, 0x40, 0x5C, 0x66, 0x46, 0x44, 0x48, 0x50, 0x60, 0x00, 0x00, 0x00, 0x00, 0x00, 0x00, 0x00, 0x00, 0x00, 0x00, 0x00, 0x00, 0x00, 0x00, 0x00, 0x00, 0x00, 0x00 } },
    { 0x266E, 1, { 0x00, 0x00, 0x00, 0x40, 0x40, 0x4E, 0x7E, 0x72, 0x42, 0x4E, 0x7E, 0x72, 0x02, 0x02, 0x00, 0x00, 0x00, 0x00, 0x00, 0x00, 0x00, 0x00, 0x00, 0x00, 0x00, 0x00, 0x00, 0x00, 0x00, 0x00, 0x00, 0x00 } },
    { 0x266F, 1, { 0x00, 0x00, 0x04, 0x24, 0x26, 0x3E, 0x7C, 0x64, 0x24, 0x26, 0x3E, 0x7C, 0x64, 0x24, 0x20, 0x00, 0x00, 0x00, 0x00, 0x00, 0x00, 0x00, 0x00, 0x00, 0x00, 0x00, 0x00, 0x00, 0x00, 0x00, 0x00, 0x00 } },
    { 0x2670, 1, { 0x00, 0x00, 0x00, 0x00, 0x14, 0x08, 0x08, 0x49, 0x3E, 0x49, 0x08, 0x08, 0x08, 0x14, 0x00, 0x00, 0x00, 0x00, 0x00, 0x00, 0x00, 0x00, 0x00, 0x00, 0x00, 0x00, 0x00, 0x00, 0x00, 0x00, 0x00, 0x00 } },
    { 0x2671, 1, { 0x00, 0x00, 0x00, 0x00, 0x1C, 0x14, 0x08, 0x6B, 0x5D, 0x6B, 0x08, 0x08, 0x14, 0x08, 0x00, 0x00, 0x00, 0x00, 0x00, 0x00, 0x00, 0x00, 0x00, 0x00, 0x00, 0x00, 0x00, 0x00, 0x00, 0x00, 0x00, 0x00 } },
    { 0x2672, 2, { 0x03, 0xC0, 0x05, 0x20, 0x0A, 0x98, 0x12, 0x48, 0x0A, 0xD0, 0x04, 0x30, 0x30, 0x04, 0x48, 0x0A, 0x8C, 0x11, 0x50, 0x09, 0xA0, 0x05, 0xAE, 0x26, 0x52, 0x58, 0x52, 0x86, 0x1E, 0x5C, 0x00, 0x20 } },
    { 0x2673, 2, { 0x03, 0x80, 0x04, 0x40, 0x04, 0x40, 0x08, 0x20, 0x00, 0x28, 0x39, 0x18, 0x1B, 0x38, 0x29, 0x00, 0x21, 0x08, 0x43, 0x84, 0x40, 0x04, 0x80, 0x22, 0x80, 0x42, 0x7E, 0xFC, 0x00, 0x40, 0x00, 0x20 } },
    { 0x2674, 2, { 0x03, 0x80, 0x04, 0x40, 0x04, 0x40, 0x08, 0x20, 0x00, 0x28, 0x3B, 0x18, 0x18, 0xB8, 0x29, 0x00, 0x22, 0x08, 0x43, 0x84, 0x40, 0x04, 0x80, 0x22, 0x80, 0x42, 0x7E, 0xFC, 0x00, 0x40, 0x00, 0x20 } },
    { 0x2675, 2, { 0x03, 0x80, 0x04, 0x40, 0x04, 0x40, 0x08, 0x20, 0x00, 0x28, 0x3B, 0x18, 0x18, 0xB8, 0x2B, 0x00, 0x20, 0x88, 0x43, 0x04, 0x40, 0x04, 0x80, 0x22, 0x80, 0x42, 0x7E, 0xFC, 0x00, 0x40, 0x00, 0x20 } },
    { 0x2676, 2, { 0x03, 0x80, 0x04, 0x40, 0x04, 0x40, 0x08, 0x20, 0x00, 0x28, 0x3A, 0x98, 0x1A, 0xB8, 0x2B, 0x80, 0x20, 0x88, 0x40, 0x84, 0x40, 0x04, 0x80, 0x22, 0x80, 0x42, 0x7E, 0xFC, 0x00, 0x40, 0x00, 0x20 } },
    { 0x2677, 2, { 0x03, 0x80, 0x04, 0x40, 0x04, 0x40, 0x08, 0x20, 0x00, 0x28, 0x3B, 0x98, 0x1A, 0x38, 0x2B, 0x00, 0x20, 0x88, 0x43, 0x04, 0x40, 0x04, 0x80, 0x22, 0x80, 0x42, 0x7E, 0xFC, 0x00, 0x40, 0x00, 0x20 } },
    { 0x2678, 2, { 0x03, 0x80, 0x04, 0x40, 0x04, 0x40, 0x08, 0x20, 0x00, 0x28, 0x39, 0x98, 0x1A, 0x38, 0x2B, 0x80, 0x22, 0x48, 0x41, 0x84, 0x40, 0x04, 0x80, 0x22, 0x80, 0x42, 0x7E, 0xFC, 0x00, 0x40, 0x00, 0x20 } },
    { 0x2679, 2, { 0x03, 0x80, 0x04, 0x40, 0x04, 0x40, 0x08, 0x20, 0x00, 0x28, 0x3B, 0x98, 0x18, 0xB8, 0x29, 0x00, 0x21, 0x08, 0x41, 0x04, 0x40, 0x04, 0x80, 0x22, 0x80, 0x42, 0x7E, 0xFC, 0x00, 0x40, 0x00, 0x20 } },
    { 0x267A, 2, { 0x03, 0x80, 0x04, 0x40, 0x04, 0x40, 0x08, 0x20, 0x00, 0x28, 0x38, 0x18, 0x18, 0x38, 0x28, 0x00, 0x20, 0x08, 0x40, 0x04, 0x40, 0x04, 0x80, 0x22, 0x80, 0x42, 0x7E, 0xFC, 0x00, 0x40, 0x00, 0x20 } },
    { 0x267B, 2, { 0x03, 0xC0, 0x05, 0xE0, 0x0E, 0xF8, 0x1E, 0x78, 0x0E, 0xF0, 0x04, 0x30, 0x30, 0x04, 0x78, 0x0E, 0xFC, 0x1F, 0x70, 0x0F, 0xE0, 0x07, 0xEE, 0x26, 0x5E, 0x78, 0x5E, 0xFE, 0x1E, 0x7C, 0x00, 0x20 } },
    { 0x267C, 2, { 0x07, 0xE0, 0x1F, 0xF8, 0x3E, 0x7C, 0x7D, 0xBE, 0x7B, 0xDE, 0xFF, 0x8F, 0xF7, 0xDF, 0xE7, 0xFF, 0xF3, 0xEF, 0xF7, 0xEF, 0xEF, 0xF7, 0x6F, 0xB6, 0x71, 0x0E, 0x3F, 0xBC, 0x1F, 0xF8, 0x07, 0xE0 } },
    { 0x267D, 2, { 0x07, 0xE0, 0x18, 0x18, 0x21, 0x84, 0x42, 0x42, 0x44, 0x22, 0x80, 0x71, 0x88, 0x21, 0x98, 0x01, 0x8C, 0x11, 0x88, 0x11, 0x90, 0x09, 0x50, 0x4A, 0x4E, 0xF2, 0x20, 0x44, 0x18, 0x18, 0x07, 0xE0 } },
    { 0x267E, 2, { 0x00, 0x00, 0x00, 0x00, 0x00, 0x00, 0x03, 0x80, 0x0C, 0x60, 0x10, 0x10, 0x20, 0x08, 0x26, 0xC8, 0x49, 0x24, 0x49, 0x24, 0x26, 0xC8, 0x20, 0x08, 0x10, 0x10, 0x0C, 0x60, 0x03, 0x80, 0x00, 0x00 } },
    { 0x267F, 2, { 0x00, 0x00, 0x00, 0x00, 0x00, 0x00, 0x06, 0x00, 0x06, 0x00, 0x04, 0x00, 0x07, 0x80, 0x04, 0x00, 0x17, 0xE0, 0x20, 0x20, 0x20, 0x10, 0x20, 0x50, 0x10, 0x8C, 0x0F, 0x00, 0x00, 0x00, 0x00, 0x00 } },
    { 0x2680, 2, { 0x00, 0x00, 0x00, 0x00, 0x00, 0x00, 0x00, 0x00, 0x1F, 0xF0, 0x10, 0x10, 0x10, 0x10, 0x10, 0x10, 0x11, 0x10, 0x10, 0x10, 0x10, 0x10, 0x10, 0x10, 0x1F, 0xF0, 0x00, 0x00, 0x00, 0x00, 0x00, 0x00 } },
    { 0x2681, 2, { 0x00, 0x00, 0x00, 0x00, 0x00, 0x00, 0x00, 0x00, 0x1F, 0xF0, 0x10, 0x10, 0x10, 0x10, 0x14, 0x10, 0x10, 0x10, 0x10, 0x50, 0x10, 0x10, 0x10, 0x10, 0x1F, 0xF0, 0x00, 0x00, 0x00, 0x00, 0x00, 0x00 } },
    { 0x2682, 2, { 0x00, 0x00, 0x00, 0x00, 0x00, 0x00, 0x00, 0x00, 0x1F, 0xF0, 0x10, 0x10, 0x14, 0x10, 0x10, 0x10, 0x11, 0x10, 0x10, 0x10, 0x10, 0x50, 0x10, 0x10, 0x1F, 0xF0, 0x00, 0x00, 0x00, 0x00, 0x00, 0x00 } },
    { 0x2683, 2, { 0x00, 0x00, 0x00, 0x00, 0x00, 0x00, 0x00, 0x00, 0x1F, 0xF0, 0x10, 0x10, 0x14, 0x50, 0x10, 0x10, 0x10, 0x10, 0x10, 0x10, 0x14, 0x50, 0x10, 0x10, 0x1F, 0xF0, 0x00, 0x00, 0x00, 0x00, 0x00, 0x00 } },
    { 0x2684, 2, { 0x00, 0x00, 0x00, 0x00, 0x00, 0x00, 0x00, 0x00, 0x1F, 0xF0, 0x10, 0x10, 0x14, 0x50, 0x10, 0x10, 0x11, 0x10, 0x10, 0x10, 0x14, 0x50, 0x10, 0x10, 0x1F, 0xF0, 0x00, 0x00, 0x00, 0x00, 0x00, 0x00 } },
    { 0x2685, 2, { 0x00, 0x00, 0x00, 0x00, 0x00, 0x00, 0x00, 0x00, 0x1F, 0xF0, 0x10, 0x10, 0x14, 0x50, 0x10, 0x10, 0x14, 0x50, 0x10, 0x10, 0x14, 0x50, 0x10, 0x10, 0x1F, 0xF0, 0x00, 0x00, 0x00, 0x00, 0x00, 0x00 } },
    { 0x2690, 1, { 0x00, 0x00, 0x00, 0x70, 0x4E, 0x42, 0x42, 0x72, 0x4E, 0x40, 0x40, 0x40, 0x40, 0x40, 0x00, 0x00, 0x00, 0x00, 0x00, 0x00, 0x00, 0x00, 0x00, 0x00, 0x00, 0x00, 0x00, 0x00, 0x00, 0x00, 0x00, 0x00 } },
    { 0x2691, 1, { 0x00, 0x00, 0x00, 0x70, 0x7E, 0x7E, 0x7E, 0x7E, 0x4E, 0x40, 0x40, 0x40, 0x40, 0x40, 0x00, 0x00, 0x00, 0x00, 0x00, 0x00, 0x00, 0x00, 0x00, 0x00, 0x00, 0x00, 0x00, 0x00, 0x00, 0x00, 0x00, 0x00 } },
    { 0x2692, 2, { 0x00, 0x00, 0x08, 0x32, 0x5C, 0x7C, 0x3E, 0x7E, 0x7C, 0x1F, 0xF8, 0x27, 0x74, 0x43, 0x22, 0x81, 0x01, 0x00, 0x02, 0x80, 0x04, 0x40, 0x08, 0x20, 0x10, 0x10, 0x20, 0x08, 0x40, 0x04, 0x00, 0x00 } },
    { 0x2693, 2, { 0x00, 0x00, 0x00, 0x00, 0x03, 0x80, 0x04, 0x40, 0x04, 0x40, 0x03, 0x80, 0x01, 0x00, 0x07, 0xC0, 0x01, 0x00, 0x21, 0x08, 0x71, 0x1C, 0x21, 0x08, 0x11, 0x10, 0x0F, 0xE0, 0x00, 0x00, 0x00, 0x00 } },
    { 0x2694, 2, { 0x00, 0x00, 0x40, 0x04, 0x20, 0x08, 0x10, 0x10, 0x08, 0x20, 0x04, 0x40, 0x02, 0x80, 0x01, 0x00, 0x02, 0x80, 0x04, 0x40, 0x28, 0x28, 0x10, 0x10, 0x28, 0x28, 0x40, 0x04, 0x00, 0x00, 0x00, 0x00 } },
    { 0x2695, 2, { 0x00, 0x00, 0x01, 0x00, 0x01, 0x00, 0x0F, 0xF0, 0x11, 0x30, 0x11, 0x00, 0x0F, 0xC0, 0x01, 0x20, 0x01, 0x20, 0x07, 0xC0, 0x09, 0x00, 0x07, 0x80, 0x01, 0x40, 0x03, 0x80, 0x01, 0x00, 0x00, 0x00 } },
    { 0x2696, 2, { 0x00, 0x00, 0x00, 0x00, 0x00, 0x00, 0x01, 0x00, 0x11, 0x10, 0x7F, 0xFC, 0x39, 0x38, 0x54, 0x54, 0x54, 0x54, 0x92, 0x92, 0x92, 0x92, 0xFE, 0xFE, 0x7C, 0x7C, 0x38, 0x38, 0x00, 0x00, 0x00, 0x00 } },
    { 0x2697, 2, { 0x00, 0x00, 0x00, 0x00, 0x00, 0x00, 0x00, 0x00, 0x03, 0xE0, 0x07, 0xF0, 0x0B, 0xF8, 0x0B, 0xF8, 0x11, 0xF0, 0x10, 0xE0, 0x10, 0x00, 0x01, 0xF0, 0x02, 0x48, 0x04, 0x44, 0x00, 0x00, 0x00, 0x00 } },
    { 0x2698, 2, { 0x00, 0x00, 0x00, 0x00, 0x03, 0x80, 0x04, 0x40, 0x04, 0x40, 0x04, 0x40, 0x03, 0x80, 0x01, 0x00, 0x39, 0x38, 0x3D, 0x78, 0x1D, 0x70, 0x0D, 0x60, 0x03, 0x80, 0x01, 0x00, 0x01, 0x00, 0x00, 0x00 } },
    { 0x2699, 2, { 0x00, 0x00, 0x00, 0x00, 0x01, 0x00, 0x21, 0x08, 0x17, 0xD0, 0x08, 0x20, 0x10, 0x10, 0x10, 0x10, 0x71, 0x1C, 0x10, 0x10, 0x10, 0x10, 0x08, 0x20, 0x17, 0xD0, 0x21, 0x08, 0x01, 0x00, 0x00, 0x00 } },
    { 0x269A, 2, { 0x00, 0x00, 0x01, 0x00, 0x02, 0x80, 0x39, 0x38, 0x7F, 0xFC, 0xFD, 0x7E, 0x05, 0x40, 0x03, 0x80, 0x01, 0x00, 0x01, 0x00, 0x01, 0x00, 0x01, 0x00, 0x01, 0x00, 0x01, 0x00, 0x00, 0x00, 0x00, 0x00 } },
    { 0x269B, 2, { 0x01, 0x80, 0x02, 0x40, 0x02, 0x40, 0x74, 0x2E, 0x8E, 0x71, 0x85, 0xA1, 0x4E, 0x72, 0x35, 0xAC, 0x35, 0xAC, 0x4E, 0x72, 0x85, 0xA1, 0x8E, 0x71, 0x74, 0x2E, 0x02, 0x40, 0x02, 0x40, 0x01, 0x80 } },
    { 0x269C, 2, { 0x01, 0x00, 0x02, 0x80, 0x04, 0x40, 0x34, 0x58, 0x4C, 0x64, 0x84, 0x42, 0xB2, 0x9A, 0xCA, 0xA6, 0x1A, 0xB0, 0x10, 0x10, 0x1B, 0xB0, 0x0A, 0xA0, 0x3A, 0xB8, 0x26, 0xC8, 0x19, 0x30, 0x01, 0x00 } },
    { 0x26A0, 2, { 0x00, 0x00, 0x01, 0x00, 0x02, 0x80, 0x02, 0x80, 0x04, 0x40, 0x04, 0x40, 0x09, 0x20, 0x09, 0x20, 0x11, 0x10, 0x11, 0x10, 0x21, 0x08, 0x20, 0x08, 0x41, 0x04, 0x40, 0x04, 0x7F, 0xFC, 0x00, 0x00 } },
    { 0x26A1, 1, { 0x00, 0x00, 0x00, 0x00, 0x02, 0x04, 0x08, 0x10, 0x20, 0x7E, 0x04, 0x08, 0x10, 0x20, 0x40, 0x00, 0x00, 0x00, 0x00, 0x00, 0x00, 0x00, 0x00, 0x00, 0x00, 0x00, 0x00, 0x00, 0x00, 0x00, 0x00, 0x00 } },
    { 0x26A2, 2, { 0x00, 0x00, 0x00, 0x00, 0x00, 0x00, 0x00, 0x00, 0x00, 0x00, 0x0E, 0xE0, 0x11, 0x10, 0x22, 0x88, 0x22, 0x88, 0x11, 0x10, 0x0E, 0xE0, 0x04, 0x40, 0x0E, 0xE0, 0x04, 0x40, 0x00, 0x00, 0x00, 0x00 } },
    { 0x26A3, 2, { 0x00, 0x00, 0x00, 0x00, 0x00, 0x00, 0x01, 0xC0, 0x00, 0xC0, 0x01, 0x40, 0x0E, 0x38, 0x11, 0x18, 0x23, 0xA8, 0x25, 0x40, 0x1A, 0x20, 0x0C, 0x20, 0x04, 0x40, 0x03, 0x80, 0x00, 0x00, 0x00, 0x00 } },
    { 0x26A4, 2, { 0x00, 0x00, 0x00, 0x38, 0x00, 0x18, 0x00, 0x28, 0x01, 0xC0, 0x02, 0x20, 0x07, 0x10, 0x0A, 0x90, 0x11, 0x60, 0x10, 0xC0, 0x08, 0x80, 0x07, 0x00, 0x02, 0x00, 0x07, 0x00, 0x02, 0x00, 0x00, 0x00 } },
    { 0x26A5, 2, { 0x00, 0x00, 0x00, 0x00, 0x00, 0x00, 0x00, 0x00, 0x00, 0x70, 0x00, 0x30, 0x00, 0x50, 0x03, 0x80, 0x04, 0x40, 0x08, 0x20, 0x08, 0x20, 0x04, 0x40, 0x03, 0x80, 0x01, 0x00, 0x03, 0x80, 0x01, 0x00 } },
    { 0x26A6, 2, { 0x00, 0x00, 0x00, 0x00, 0x00, 0x00, 0x00, 0x00, 0x00, 0x38, 0x00, 0x18, 0x00, 0xA8, 0x00, 0x40, 0x0E, 0xA0, 0x11, 0x00, 0x20, 0x80, 0x20, 0x80, 0x11, 0x00, 0x0E, 0x00, 0x00, 0x00, 0x00, 0x00 } },
    { 0x26A7, 2, { 0x00, 0x00, 0x00, 0x00, 0x00, 0x00, 0xE0, 0x0E, 0xC0, 0x06, 0xA8, 0x0A, 0x10, 0x10, 0x2B, 0xA0, 0x04, 0x40, 0x08, 0x20, 0x08, 0x20, 0x04, 0x40, 0x03, 0x80, 0x01, 0x00, 0x03, 0x80, 0x01, 0x00 } },
    { 0x26A8, 1, { 0x00, 0x00, 0x10, 0x38, 0x54, 0x10, 0x38, 0x10, 0x38, 0x44, 0x82, 0x82, 0x44, 0x38, 0x00, 0x00, 0x00, 0x00, 0x00, 0x00, 0x00, 0x00, 0x00, 0x00, 0x00, 0x00, 0x00, 0x00, 0x00, 0x00, 0x00, 0x00 } },
    { 0x26A9, 2, { 0x00, 0x00, 0x00, 0x00, 0x00, 0x00, 0x00, 0x00, 0x00, 0x00, 0x00, 0x00, 0x00, 0x00, 0x00, 0x00, 0x1C, 0x00, 0x22, 0x08, 0x41, 0x44, 0x41, 0xFE, 0x41, 0x44, 0x22, 0x08, 0x1C, 0x00, 0x00, 0x00 } },
    { 0x26AA, 1, { 0x00, 0x00, 0x00, 0x00, 0x00, 0x00, 0x00, 0x00, 0x38, 0x44, 0x82, 0x82, 0x82, 0x44, 0x38, 0x00, 0x00, 0x00, 0x00, 0x00, 0x00, 0x00, 0x00, 0x00, 0x00, 0x00, 0x00, 0x00, 0x00, 0x00, 0x00, 0x00 } },
    { 0x26AB, 1, { 0x00, 0x00, 0x00, 0x00, 0x00, 0x00, 0x00, 0x00, 0x38, 0x7C, 0xFE, 0xFE, 0xFE, 0x7C, 0x38, 0x00, 0x00, 0x00, 0x00, 0x00, 0x00, 0x00, 0x00, 0x00, 0x00, 0x00, 0x00, 0x00, 0x00, 0x00, 0x00, 0x00 } },
    { 0x26AC, 1, { 0x00, 0x00, 0x00, 0x00, 0x00, 0x00, 0x00, 0x00, 0x00, 0x1C, 0x22, 0x22, 0x22, 0x1C, 0x00, 0x00, 0x00, 0x00, 0x00, 0x00, 0x00, 0x00, 0x00, 0x00, 0x00, 0x00, 0x00, 0x00, 0x00, 0x00, 0x00, 0x00 } },
    { 0x26AD, 2, { 0x00, 0x00, 0x00, 0x00, 0x00, 0x00, 0x00, 0x00, 0x00, 0x00, 0x00, 0x00, 0x00, 0x00, 0x00, 0x00, 0x0E, 0xE0, 0x11, 0x10, 0x22, 0x88, 0x22, 0x88, 0x11, 0x10, 0x0E, 0xE0, 0x00, 0x00, 0x00, 0x00 } },
    { 0x26AE, 2, { 0x00, 0x00, 0x00, 0x00, 0x00, 0x00, 0x00, 0x00, 0x00, 0x00, 0x00, 0x00, 0x00, 0x00, 0x00, 0x00, 0x00, 0x80, 0x0E, 0xB8, 0x11, 0xC4, 0x11, 0xC4, 0x11, 0xC4, 0x0E, 0xB8, 0x00, 0x80, 0x00, 0x00 } },
    { 0x26AF, 2, { 0x00, 0x00, 0x00, 0x00, 0x00, 0x00, 0x00, 0x00, 0x00, 0x00, 0x00, 0x00, 0x00, 0x00, 0x00, 0x00, 0x00, 0x00, 0x38, 0x38, 0x44, 0x44, 0x47, 0xC4, 0x44, 0x44, 0x38, 0x38, 0x00, 0x00, 0x00, 0x00 } },
    { 0x26B0, 2, { 0x00, 0x00, 0x00, 0x00, 0x0C, 0x00, 0x13, 0xC0, 0x20, 0x3E, 0x40, 0x02, 0x40, 0x02, 0x40, 0x02, 0x40, 0x02, 0x60, 0x3E, 0x53, 0xC2, 0x2E, 0x3E, 0x1B, 0xC0, 0x0C, 0x00, 0x00, 0x00, 0x00, 0x00 } },
    { 0x26B1, 2, { 0x00, 0x00, 0x07, 0xC0, 0x02, 0x80, 0x0F, 0xE0, 0x10, 0x10, 0x20, 0x08, 0x20, 0x08, 0x10, 0x10, 0x10, 0x10, 0x10, 0x10, 0x08, 0x20, 0x08, 0x20, 0x08, 0x20, 0x07, 0xC0, 0x00, 0x00, 0x00, 0x00 } },
    { 0x26B2, 1, { 0x00, 0x00, 0x00, 0x00, 0x00, 0x1C, 0x22, 0x22, 0x22, 0x1C, 0x08, 0x08, 0x08, 0x08, 0x00, 0x00, 0x00, 0x00, 0x00, 0x00, 0x00, 0x00, 0x00, 0x00, 0x00, 0x00, 0x00, 0x00, 0x00, 0x00, 0x00, 0x00 } },
    { 0x26B3, 1, { 0x00, 0x00, 0x00, 0x00, 0x00, 0x38, 0x44, 0x02, 0x02, 0x04, 0x18, 0x10, 0x7C, 0x10, 0x00, 0x00, 0x00, 0x00, 0x00, 0x00, 0x00, 0x00, 0x00, 0x00, 0x00, 0x00, 0x00, 0x00, 0x00, 0x00, 0x00, 0x00 } },
    { 0x26B4, 1, { 0x00, 0x00, 0x00, 0x00, 0x10, 0x28, 0x44, 0x82, 0x44, 0x28, 0x10, 0x10, 0x7C, 0x10, 0x00, 0x00, 0x00, 0x00, 0x00, 0x00, 0x00, 0x00, 0x00, 0x00, 0x00, 0x00, 0x00, 0x00, 0x00, 0x00, 0x00, 0x00 } },
    { 0x26B5, 1, { 0x00, 0x00, 0x00, 0x00, 0x92, 0x54, 0x38, 0xFE, 0x38, 0x54, 0x92, 0x10, 0x7C, 0x10, 0x00, 0x00, 0x00, 0x00, 0x00, 0x00, 0x00, 0x00, 0x00, 0x00, 0x00, 0x00, 0x00, 0x00, 0x00, 0x00, 0x00, 0x00 } },
    { 0x26B6, 2, { 0x00, 0x00, 0x00, 0x00, 0x00, 0x00, 0x01, 0x00, 0x01, 0x00, 0x01, 0x00, 0x01, 0x00, 0x39, 0x38, 0x04, 0x40, 0x02, 0x80, 0x79, 0x3C, 0x04, 0x40, 0x02, 0x80, 0x01, 0x00, 0x00, 0x00, 0x00, 0x00 } },
    { 0x26B7, 1, { 0x00, 0x00, 0x00, 0x12, 0x14, 0x18, 0x14, 0x12, 0x10, 0x38, 0x44, 0x44, 0x44, 0x38, 0x00, 0x00, 0x00, 0x00, 0x00, 0x00, 0x00, 0x00, 0x00, 0x00, 0x00, 0x00, 0x00, 0x00, 0x00, 0x00, 0x00, 0x00 } },
    { 0x26B8, 1, { 0x00, 0x00, 0x00, 0x00, 0x1C, 0x38, 0x70, 0x70, 0x70, 0x38, 0x1C, 0x08, 0x3E, 0x08, 0x00, 0x00, 0x00, 0x00, 0x00, 0x00, 0x00, 0x00, 0x00, 0x00, 0x00, 0x00, 0x00, 0x00, 0x00, 0x00, 0x00, 0x00 } },
    { 0x26B9, 1, { 0x00, 0x00, 0x00, 0x00, 0x00, 0x00, 0x42, 0x24, 0x18, 0xFF, 0x18, 0x24, 0x42, 0x00, 0x00, 0x00, 0x00, 0x00, 0x00, 0x00, 0x00, 0x00, 0x00, 0x00, 0x00, 0x00, 0x00, 0x00, 0x00, 0x00, 0x00, 0x00 } },
    { 0x26BA, 1, { 0x00, 0x00, 0x00, 0x00, 0x00, 0x00, 0x44, 0x44, 0x44, 0x28, 0x28, 0x28, 0x10, 0xFE, 0x00, 0x00, 0x00, 0x00, 0x00, 0x00, 0x00, 0x00, 0x00, 0x00, 0x00, 0x00, 0x00, 0x00, 0x00, 0x00, 0x00, 0x00 } },
    { 0x26BB, 1, { 0x00, 0x00, 0x00, 0x00, 0x00, 0x00, 0xFE, 0x10, 0x28, 0x28, 0x28, 0x44, 0x44, 0x44, 0x00, 0x00, 0x00, 0x00, 0x00, 0x00, 0x00, 0x00, 0x00, 0x00, 0x00, 0x00, 0x00, 0x00, 0x00, 0x00, 0x00, 0x00 } },
    { 0x26BC, 1, { 0x00, 0x00, 0x00, 0x00, 0x00, 0x00, 0x7E, 0x42, 0x42, 0x42, 0x4A, 0x7E, 0x20, 0x7E, 0x00, 0x00, 0x00, 0x00, 0x00, 0x00, 0x00, 0x00, 0x00, 0x00, 0x00, 0x00, 0x00, 0x00, 0x00, 0x00, 0x00, 0x00 } },
    { 0x26BD, 2, { 0x00, 0x00, 0x00, 0x00, 0x01, 0xC0, 0x07, 0x30, 0x0F, 0x38, 0x17, 0x3C, 0x10, 0x04, 0x21, 0xC2, 0x23, 0xE2, 0x39, 0xCE, 0x1C, 0x1C, 0x18, 0x0C, 0x09, 0xC8, 0x07, 0xF0, 0x01, 0xC0, 0x00, 0x00 } },
    { 0x26BE, 2, { 0x00, 0x00, 0x00, 0x00, 0x01, 0xC0, 0x06, 0x30, 0x0C, 0x18, 0x12, 0x24, 0x10, 0x04, 0x21, 0x42, 0x20, 0x02, 0x21, 0x42, 0x10, 0x04, 0x12, 0x24, 0x0C, 0x18, 0x06, 0x30, 0x01, 0xC0, 0x00, 0x00 } },
    { 0x26BF, 2, { 0x00, 0x00, 0x00, 0x00, 0x7F, 0xFC, 0x40, 0x04, 0x43, 0x84, 0x44, 0x44, 0x44, 0x44, 0x43, 0x84, 0x41, 0x04, 0x41, 0x04, 0x41, 0x04, 0x41, 0xC4, 0x41, 0x04, 0x40, 0x04, 0x7F, 0xFC, 0x00, 0x00 } },
    { 0x2700, 2, { 0x00, 0x00, 0x00, 0x00, 0x38, 0x04, 0x7C, 0x1E, 0x6C, 0x3C, 0x7F, 0x78, 0x3F, 0xF0, 0x03, 0xE0, 0x3F, 0xF0, 0x7F, 0x78, 0x6C, 0x3C, 0x7C, 0x1E, 0x38, 0x04, 0x00, 0x00, 0x00, 0x00, 0x00, 0x00 } },
    { 0x2701, 2, { 0x00, 0x00, 0x38, 0x00, 0x7C, 0x00, 0x6C, 0x00, 0x7C, 0x00, 0x3C, 0x00, 0x0E, 0x00, 0x7F, 0xFC, 0xFF, 0xFE, 0xD9, 0xC0, 0xF8, 0xE0, 0x70, 0x00, 0x00, 0x00, 0x00, 0x00, 0x00, 0x00, 0x00, 0x00 } },
    { 0x2702, 2, { 0x00, 0x00, 0x00, 0x00, 0x38, 0x06, 0x7C, 0x1C, 0x6C, 0x38, 0x7F, 0x70, 0x3F, 0xE0, 0x03, 0xC0, 0x3F, 0xE0, 0x7F, 0x70, 0x6C, 0x38, 0x7C, 0x1C, 0x38, 0x06, 0x00, 0x00, 0x00, 0x00, 0x00, 0x00 } },
    { 0x2703, 2, { 0x00, 0x00, 0x00, 0x00, 0x00, 0x00, 0x00, 0x00, 0x70, 0x00, 0xF8, 0xE0, 0xD9, 0xC0, 0xFF, 0xFE, 0x7F, 0xFC, 0x0E, 0x00, 0x3C, 0x00, 0x7C, 0x00, 0x6C, 0x00, 0x7C, 0x00, 0x38, 0x00, 0x00, 0x00 } },
    { 0x2704, 2, { 0x00, 0x00, 0x00, 0x00, 0x70, 0x0C, 0x88, 0x32, 0xAE, 0x44, 0x81, 0x88, 0x79, 0x10, 0x06, 0x20, 0x78, 0x50, 0x81, 0x88, 0xAE, 0x44, 0x88, 0x32, 0x70, 0x0C, 0x00, 0x00, 0x00, 0x00, 0x00, 0x00 } },
    { 0x2705, 2, { 0x00, 0x00, 0x00, 0x00, 0x00, 0x00, 0x00, 0x00, 0x00, 0x04, 0x00, 0x0A, 0x00, 0x12, 0x00, 0x24, 0x20, 0x48, 0x50, 0x90, 0x51, 0x20, 0x2A, 0x40, 0x24, 0x80, 0x11, 0x00, 0x0E, 0x00, 0x00, 0x00 } },
    { 0x2706, 2, { 0x07, 0xC0, 0x18, 0x30, 0x20, 0x08, 0x41, 0xC4, 0x47, 0xE4, 0x8F, 0xF2, 0x8F, 0x72, 0x9E, 0x62, 0x9C, 0x02, 0x9F, 0x02, 0x4F, 0x04, 0x46, 0x04, 0x20, 0x08, 0x18, 0x30, 0x07, 0xC0, 0x00, 0x00 } },
    { 0x2707, 2, { 0x07, 0xC0, 0x19, 0x30, 0x23, 0x88, 0x43, 0x84, 0x41, 0x04, 0x83, 0x82, 0x87, 0xC2, 0x87, 0xC2, 0x87, 0xC2, 0x8B, 0xA2, 0x5C, 0x74, 0x58, 0x34, 0x20, 0x08, 0x18, 0x30, 0x07, 0xC0, 0x00, 0x00 } },
    { 0x2708, 2, { 0x00, 0x00, 0x08, 0x00, 0x0F, 0x00, 0x06, 0x00, 0x07, 0xC0, 0xC3, 0x80, 0xE3, 0xC0, 0x7F, 0xFE, 0x7F, 0xFE, 0xE3, 0xC0, 0xC3, 0x80, 0x07, 0xC0, 0x06, 0x00, 0x0F, 0x00, 0x08, 0x00, 0x00, 0x00 } },
    { 0x2709, 2, { 0x00, 0x00, 0x00, 0x00, 0x00, 0x00, 0x00, 0x00, 0x7F, 0xFE, 0x60, 0x06, 0x50, 0x0A, 0x49, 0x92, 0x47, 0xE2, 0x47, 0xE2, 0x49, 0x92, 0x50, 0x0A, 0x60, 0x06, 0x7F, 0xFE, 0x00, 0x00, 0x00, 0x00 } },
    { 0x270A, 2, { 0x00, 0x00, 0x00, 0x00, 0x00, 0x00, 0x00, 0x00, 0x03, 0x60, 0x0C, 0x90, 0x14, 0x90, 0x35, 0xF8, 0x55, 0x04, 0x54, 0xE4, 0x54, 0xC4, 0x37, 0x04, 0x28, 0x08, 0x10, 0x10, 0x0F, 0xE0, 0x00, 0x00 } },
    { 0x270B, 2, { 0x00, 0x00, 0x0A, 0x80, 0x15, 0x40, 0x15, 0x40, 0x35, 0x40, 0x55, 0x40, 0x55, 0x4C, 0x55, 0x52, 0x40, 0x22, 0x40, 0x04, 0x40, 0x08, 0x20, 0x10, 0x10, 0x10, 0x0F, 0xE0, 0x00, 0x00, 0x00, 0x00 } },
    { 0x270C, 2, { 0x18, 0x30, 0x24, 0x48, 0x22, 0x88, 0x12, 0x90, 0x11, 0x10, 0x09, 0x20, 0x08, 0x20, 0x7C, 0xFC, 0x92, 0x82, 0x92, 0x72, 0x92, 0x22, 0x92, 0x42, 0x7C, 0x04, 0x20, 0x08, 0x1F, 0xF0, 0x00, 0x00 } },
    { 0x270D, 2, { 0x00, 0x00, 0x00, 0x08, 0x00, 0x1C, 0x00, 0x38, 0x03, 0xF7, 0x0C, 0xF5, 0x11, 0xCD, 0x23, 0x85, 0x47, 0x05, 0x6F, 0xE5, 0x12, 0x05, 0x2F, 0xFD, 0x70, 0x05, 0x60, 0x07, 0x00, 0x00, 0x00, 0x00 } },
    { 0x270E, 2, { 0x00, 0x00, 0x00, 0x00, 0x18, 0x00, 0x26, 0x00, 0x55, 0x00, 0x4A, 0x80, 0x71, 0x40, 0x28, 0xA0, 0x14, 0x50, 0x0A, 0x28, 0x05, 0x28, 0x02, 0xC8, 0x01, 0x18, 0x00, 0xF8, 0x00, 0x00, 0x00, 0x00 } },
    { 0x270F, 2, { 0x00, 0x00, 0x00, 0x00, 0x00, 0x00, 0x00, 0x00, 0x3F, 0xF0, 0x50, 0x28, 0x8F, 0xF4, 0xA8, 0x16, 0x8F, 0xF4, 0x50, 0x28, 0x3F, 0xF0, 0x00, 0x00, 0x00, 0x00, 0x00, 0x00, 0x00, 0x00, 0x00, 0x00 } },
    { 0x2710, 2, { 0x00, 0x00, 0x00, 0x00, 0x00, 0xF8, 0x01, 0x18, 0x02, 0xC8, 0x05, 0x28, 0x0A, 0x28, 0x14, 0x50, 0x28, 0xA0, 0x71, 0x40, 0x4A, 0x80, 0x55, 0x00, 0x26, 0x00, 0x18, 0x00, 0x00, 0x00, 0x00, 0x00 } },
    { 0x2711, 2, { 0x00, 0x00, 0x00, 0x00, 0x00, 0x00, 0x00, 0x00, 0x00, 0xF0, 0x79, 0x08, 0x86, 0x6C, 0x80, 0xFE, 0x86, 0x6C, 0x79, 0x08, 0x00, 0xF0, 0x00, 0x00, 0x00, 0x00, 0x00, 0x00, 0x00, 0x00, 0x00, 0x00 } },
    { 0x2712, 2, { 0x00, 0x00, 0x00, 0x00, 0x00, 0x00, 0x00, 0x00, 0x00, 0xE0, 0x79, 0xF0, 0xFF, 0x38, 0xFF, 0x0E, 0xFF, 0x38, 0x79, 0xF0, 0x00, 0xE0, 0x00, 0x00, 0x00, 0x00, 0x00, 0x00, 0x00, 0x00, 0x00, 0x00 } },
    { 0x2713, 2, { 0x00, 0x00, 0x00, 0x00, 0x00, 0x00, 0x00, 0x00, 0x00, 0x00, 0x00, 0x04, 0x00, 0x08, 0x00, 0x10, 0x40, 0x20, 0x40, 0x40, 0x20, 0x80, 0x21, 0x00, 0x12, 0x00, 0x14, 0x00, 0x08, 0x00, 0x00, 0x00 } },
    { 0x2714, 2, { 0x00, 0x00, 0x00, 0x00, 0x00, 0x00, 0x00, 0x00, 0x00, 0x04, 0x00, 0x0E, 0x40, 0x1C, 0xE0, 0x38, 0xE0, 0x70, 0x70, 0xE0, 0x71, 0xC0, 0x3B, 0x80, 0x3F, 0x00, 0x1E, 0x00, 0x0C, 0x00, 0x00, 0x00 } },
    { 0x2715, 2, { 0x00, 0x00, 0x00, 0x00, 0x10, 0x10, 0x38, 0x38, 0x1C, 0x70, 0x0E, 0xE0, 0x07, 0xC0, 0x03, 0x80, 0x07, 0xC0, 0x0E, 0xE0, 0x1C, 0x70, 0x38, 0x38, 0x10, 0x10, 0x00, 0x00, 0x00, 0x00, 0x00, 0x00 } },
    { 0x2716, 2, { 0x10, 0x10, 0x38, 0x38, 0x7C, 0x7C, 0xFE, 0xFE, 0x7F, 0xFC, 0x3F, 0xF8, 0x1F, 0xF0, 0x0F, 0xE0, 0x1F, 0xF0, 0x3F, 0xF8, 0x7F, 0xFC, 0xFE, 0xFE, 0x7C, 0x7C, 0x38, 0x38, 0x10, 0x10, 0x00, 0x00 } },
    { 0x2717, 2, { 0x00, 0x00, 0x60, 0x18, 0x30, 0x60, 0x31, 0xC0, 0x1B, 0x00, 0x0E, 0x00, 0x0E, 0x00, 0x1B, 0x00, 0x19, 0x80, 0x30, 0xC0, 0x30, 0x60, 0x60, 0x30, 0x60, 0x18, 0x20, 0x00, 0x00, 0x00, 0x00, 0x00 } },
    { 0x2718, 2, { 0x00, 0x00, 0x60, 0x18, 0x70, 0x70, 0x31, 0xE0, 0x3B, 0x80, 0x1F, 0x00, 0x0E, 0x00, 0x1F, 0x00, 0x1B, 0x80, 0x39, 0xC0, 0x30, 0xE0, 0x70, 0x70, 0x60, 0x38, 0x60, 0x10, 0x20, 0x00, 0x00, 0x00 } },
    { 0x2719, 2, { 0x07, 0xC0, 0x04, 0x40, 0x05, 0x40, 0x05, 0x40, 0x05, 0x40, 0xFD, 0x7E, 0x81, 0x02, 0xBF, 0xFA, 0x81, 0x02, 0xFD, 0x7E, 0x05, 0x40, 0x05, 0x40, 0x05, 0x40, 0x04, 0x40, 0x07, 0xC0, 0x00, 0x00 } },
    { 0x271A, 2, { 0x07, 0xC0, 0x07, 0xC0, 0x07, 0xC0, 0x07, 0xC0, 0x07, 0xC0, 0xFF, 0xFE, 0xFF, 0xFE, 0xFF, 0xFE, 0xFF, 0xFE, 0xFF, 0xFE, 0x07, 0xC0, 0x07, 0xC0, 0x07, 0xC0, 0x07, 0xC0, 0x07, 0xC0, 0x00, 0x00 } },
    { 0x271B, 2, { 0x03, 0x80, 0x03, 0x80, 0x03, 0x80, 0x03, 0x80, 0x03, 0x80, 0x03, 0x80, 0xFC, 0x7E, 0xFC, 0x7E, 0xFC, 0x7E, 0x03, 0x80, 0x03, 0x80, 0x03, 0x80, 0x03, 0x80, 0x03, 0x80, 0x03, 0x80, 0x00, 0x00 } },
    { 0x271C, 2, { 0x07, 0xC0, 0x07, 0xC0, 0x07, 0xC0, 0x07, 0xC0, 0x07, 0xC0, 0xF8, 0x3E, 0xF8, 0x3E, 0xF8, 0x3E, 0xF8, 0x3E, 0xF8, 0x3E, 0x07, 0xC0, 0x07, 0xC0, 0x07, 0xC0, 0x07, 0xC0, 0x07, 0xC0, 0x00, 0x00 } },
    { 0x271D, 2, { 0x00, 0x00, 0x00, 0x00, 0x03, 0x80, 0x03, 0x80, 0x03, 0x80, 0x1F, 0xF0, 0x1F, 0xF0, 0x1F, 0xF0, 0x03, 0x80, 0x03, 0x80, 0x03, 0x80, 0x03, 0x80, 0x03, 0x80, 0x00, 0x00, 0x00, 0x00, 0x00, 0x00 } },
    { 0x271E, 2, { 0x07, 0x80, 0x04, 0xC0, 0x04, 0xC0, 0x04, 0xC0, 0x7C, 0xF8, 0x40, 0x0C, 0x40, 0x0C, 0x7C, 0xFC, 0x3C, 0xFC, 0x04, 0xC0, 0x04, 0xC0, 0x04, 0xC0, 0x04, 0xC0, 0x07, 0xC0, 0x03, 0xC0, 0x00, 0x00 } },
    { 0x271F, 2, { 0x00, 0x00, 0x0F, 0xE0, 0x08, 0x20, 0x7B, 0xBC, 0x43, 0x84, 0x5F, 0xF4, 0x5F, 0xF4, 0x5F, 0xF4, 0x43, 0x84, 0x7B, 0xBC, 0x0B, 0xA0, 0x0B, 0xA0, 0x0B, 0xA0, 0x08, 0x20, 0x0F, 0xE0, 0x00, 0x00 } },
    { 0x2720, 2, { 0x00, 0x00, 0x0F, 0xF8, 0x03, 0xE0, 0x21, 0xC2, 0x21, 0xC2, 0x31, 0xC6, 0x3F, 0xFE, 0x3F, 0xFE, 0x3F, 0xFE, 0x31, 0xC6, 0x21, 0xC2, 0x21, 0xC2, 0x03, 0xE0, 0x0F, 0xF8, 0x00, 0x00, 0x00, 0x00 } },
    { 0x2721, 2, { 0x00, 0x00, 0x00, 0x00, 0x01, 0x00, 0x02, 0x80, 0x04, 0x40, 0x7F, 0xFC, 0x24, 0x48, 0x18, 0x30, 0x08, 0x20, 0x18, 0x30, 0x24, 0x48, 0x7F, 0xFC, 0x04, 0x40, 0x02, 0x80, 0x01, 0x00, 0x00, 0x00 } },
    { 0x2722, 2, { 0x03, 0x80, 0x07, 0xC0, 0x07, 0xC0, 0x03, 0x80, 0x03, 0x80, 0x61, 0x0C, 0xF9, 0x3E, 0xFF, 0xFE, 0xF9, 0x3E, 0x61, 0x0C, 0x03, 0x80, 0x03, 0x80, 0x07, 0xC0, 0x07, 0xC0, 0x03, 0x80, 0x00, 0x00 } },
    { 0x2723, 2, { 0x03, 0x80, 0x07, 0xC0, 0x07, 0xC0, 0x07, 0xC0, 0x03, 0x80, 0x71, 0x1C, 0xF9, 0x3E, 0xFF, 0xFE, 0xF9, 0x3E, 0x71, 0x1C, 0x03, 0x80, 0x07, 0xC0, 0x07, 0xC0, 0x07, 0xC0, 0x03, 0x80, 0x00, 0x00 } },
    { 0x2724, 2, { 0x07, 0xC0, 0x0F, 0xE0, 0x0F, 0xE0, 0x07, 0xC0, 0x63, 0x8C, 0xF3, 0x9E, 0xFF, 0xFE, 0xFF, 0xFE, 0xFF, 0xFE, 0xF3, 0x9E, 0x63, 0x8C, 0x07, 0xC0, 0x0F, 0xE0, 0x0F, 0xE0, 0x07, 0xC0, 0x00, 0x00 } },
    { 0x2725, 2, { 0x01, 0x00, 0x03, 0x80, 0x07, 0xC0, 0x07, 0xC0, 0x01, 0x00, 0x31, 0x0C, 0x71, 0x0E, 0xFF, 0xFF, 0x71, 0x0E, 0x31, 0x0C, 0x01, 0x00, 0x07, 0xC0, 0x07, 0xC0, 0x03, 0x80, 0x01, 0x00, 0x00, 0x00 } },
    { 0x2726, 2, { 0x01, 0x00, 0x03, 0x80, 0x03, 0x80, 0x07, 0xC0, 0x07, 0xC0, 0x1F, 0xF0, 0x7F, 0xFC, 0xFF, 0xFE, 0x7F, 0xFC, 0x1F, 0xF0, 0x07, 0xC0, 0x07, 0xC0, 0x03, 0x80, 0x03, 0x80, 0x01, 0x00, 0x00, 0x00 } },
    { 0x2727, 2, { 0x01, 0x00, 0x02, 0x80, 0x02, 0x80, 0x04, 0x40, 0x04, 0x40, 0x18, 0x30, 0x60, 0x0C, 0x80, 0x02, 0x60, 0x0C, 0x18, 0x30, 0x04, 0x40, 0x04, 0x40, 0x02, 0x80, 0x02, 0x80, 0x01, 0x00, 0x00, 0x00 } },
    { 0x2728, 2, { 0x00, 0x00, 0x04, 0x00, 0x04, 0x00, 0x0A, 0x00, 0x11, 0x00, 0x60, 0xC0, 0x11, 0x10, 0x0A, 0x10, 0x04, 0x28, 0x04, 0xC6, 0x00, 0x28, 0x00, 0x10, 0x01, 0x10, 0x02, 0x80, 0x01, 0x00, 0x00, 0x00 } },
    { 0x2729, 2, { 0x00, 0x00, 0x01, 0x00, 0x02, 0x80, 0x02, 0x80, 0xFC, 0x7E, 0x40, 0x04, 0x38, 0x38, 0x08, 0x20, 0x10, 0x10, 0x11, 0x10, 0x26, 0xC8, 0x28, 0x28, 0x30, 0x18, 0x00, 0x00, 0x00, 0x00, 0x00, 0x00 } },
    { 0x272A, 2, { 0x07, 0xC0, 0x1F, 0xF0, 0x3E, 0xF8, 0x7E, 0xFC, 0x7C, 0x7C, 0xC0, 0x06, 0xF0, 0x1E, 0xF8, 0x3E, 0xF0, 0x1E, 0xF1, 0x1E, 0x67, 0xCC, 0x6F, 0xEC, 0x3F, 0xF8, 0x1F, 0xF0, 0x07, 0xC0, 0x00, 0x00 } },
    { 0x272B, 2, { 0x00, 0x00, 0x01, 0x00, 0x03, 0x80, 0x03, 0x80, 0xFF, 0xFE, 0x7C, 0x7C, 0x38, 0x38, 0x08, 0x20, 0x1C, 0x70, 0x1F, 0xF0, 0x3E, 0xF8, 0x38, 0x38, 0x30, 0x18, 0x00, 0x00, 0x00, 0x00, 0x00, 0x00 } },
    { 0x272C, 2, { 0x00, 0x00, 0x01, 0x00, 0x02, 0x80, 0x02, 0x80, 0xFC, 0x7E, 0x43, 0x84, 0x27, 0xC8, 0x17, 0xD0, 0x13, 0x90, 0x10, 0x10, 0x27, 0xC8, 0x28, 0x28, 0x30, 0x18, 0x00, 0x00, 0x00, 0x00, 0x00, 0x00 } },
    { 0x272D, 2, { 0x00, 0x00, 0x01, 0x00, 0x02, 0x80, 0x1C, 0x70, 0xE1, 0x0E, 0x4F, 0xE4, 0x23, 0x88, 0x17, 0xD0, 0x14, 0x50, 0x11, 0x10, 0x22, 0x88, 0x2C, 0x68, 0x30, 0x18, 0x00, 0x00, 0x00, 0x00, 0x00, 0x00 } },
    { 0x272E, 2, { 0x00, 0x00, 0x01, 0x00, 0x02, 0x80, 0x1D, 0x70, 0xE3, 0x8E, 0x5F, 0xF4, 0x2F, 0xE8, 0x17, 0xD0, 0x16, 0xD0, 0x15, 0x50, 0x22, 0x88, 0x2C, 0x68, 0x30, 0x18, 0x00, 0x00, 0x00, 0x00, 0x00, 0x00 } },
    { 0x272F, 2, { 0x00, 0x00, 0x01, 0x00, 0x03, 0x80, 0x05, 0xC0, 0xF9, 0xFE, 0x5D, 0x8C, 0x27, 0xB8, 0x13, 0xF0, 0x0F, 0xD0, 0x1D, 0x90, 0x19, 0xD0, 0x32, 0xE8, 0x2C, 0x78, 0x30, 0x18, 0x00, 0x00, 0x00, 0x00 } },
    { 0x2730, 2, { 0x00, 0x00, 0x01, 0x00, 0x02, 0x80, 0x02, 0xC0, 0xFC, 0x7E, 0x40, 0x07, 0x38, 0x3E, 0x08, 0x3C, 0x10, 0x10, 0x11, 0x18, 0x27, 0xC8, 0x2F, 0x2C, 0x3C, 0x1C, 0x18, 0x0C, 0x00, 0x00, 0x00, 0x00 } },
    { 0x2731, 2, { 0x00, 0x00, 0x03, 0x80, 0x03, 0x80, 0x03, 0x80, 0x43, 0x84, 0xF3, 0x9E, 0x3F, 0xFC, 0x0F, 0xF0, 0x3F, 0xFC, 0xF3, 0x9E, 0x43, 0x84, 0x03, 0x80, 0x03, 0x80, 0x03, 0x80, 0x00, 0x00, 0x00, 0x00 } },
    { 0x2732, 2, { 0x00, 0x00, 0x03, 0x80, 0x03, 0x80, 0x03, 0x80, 0x43, 0x84, 0xF3, 0x9E, 0x3C, 0x7C, 0x08, 0x30, 0x3C, 0x7C, 0xF3, 0x9E, 0x43, 0x84, 0x03, 0x80, 0x03, 0x80, 0x03, 0x80, 0x00, 0x00, 0x00, 0x00 } },
    { 0x2733, 2, { 0x01, 0x00, 0x01, 0x00, 0x21, 0x08, 0x11, 0x10, 0x0D, 0x60, 0x0F, 0xE0, 0x07, 0xC0, 0xFF, 0xFE, 0x07, 0xC0, 0x0F, 0xE0, 0x0D, 0x60, 0x11, 0x10, 0x21, 0x08, 0x01, 0x00, 0x01, 0x00, 0x00, 0x00 } },
    { 0x2734, 2, { 0x01, 0x00, 0x01, 0x00, 0x21, 0x08, 0x1B, 0xB0, 0x1F, 0xF0, 0x0F, 0xE0, 0x1F, 0xE0, 0xFF, 0xFE, 0x1F, 0xF0, 0x0F, 0xE0, 0x1F, 0xF0, 0x1B, 0xB0, 0x21, 0x08, 0x01, 0x00, 0x01, 0x00, 0x00, 0x00 } },
    { 0x2735, 2, { 0x01, 0x00, 0x02, 0x80, 0x3C, 0xF8, 0x2C, 0xC8, 0x26, 0x98, 0x32, 0xB8, 0x7D, 0x4C, 0x83, 0x86, 0x4D, 0x7C, 0x3A, 0x98, 0x32, 0xC8, 0x26, 0x68, 0x3E, 0x78, 0x02, 0x80, 0x01, 0x00, 0x00, 0x00 } },
    { 0x2736, 2, { 0x00, 0x00, 0x01, 0x00, 0x01, 0x00, 0x01, 0x00, 0x43, 0x84, 0x3B, 0xB8, 0x1F, 0xF0, 0x0F, 0xE0, 0x1F, 0xF0, 0x3B, 0xB8, 0x43, 0x84, 0x01, 0x00, 0x01, 0x00, 0x01, 0x00, 0x00, 0x00, 0x00, 0x00 } },
    { 0x2737, 2, { 0x08, 0x20, 0x08, 0x20, 0x0C, 0x60, 0x06, 0xC0, 0xE6, 0xCE, 0x3B, 0xB8, 0x1F, 0xF0, 0x07, 0xC0, 0x1F, 0xF0, 0x3B, 0xB8, 0xE6, 0xCE, 0x06, 0xC0, 0x0C, 0x60, 0x08, 0x20, 0x08, 0x20, 0x00, 0x00 } },
    { 0x2738, 2, { 0x08, 0x20, 0x0C, 0x60, 0x0E, 0xE0, 0x0F, 0xE0, 0xFF, 0xFE, 0x7F, 0xFC, 0x3F, 0xF8, 0x1F, 0xF0, 0x3F, 0xF8, 0x7F, 0xFC, 0xFF, 0xFE, 0x0F, 0xE0, 0x0E, 0xE0, 0x0C, 0x60, 0x08, 0x20, 0x00, 0x00 } },
    { 0x2739, 2, { 0x01, 0x00, 0x19, 0x30, 0x0F, 0xE0, 0x4F, 0xE4, 0x7F, 0xFC, 0x3F, 0xF8, 0x3F, 0xF8, 0xFF, 0xFE, 0x3F, 0xF8, 0x3F, 0xF8, 0x7F, 0xFC, 0x4F, 0xE4, 0x0F, 0xE0, 0x19, 0x30, 0x01, 0x00, 0x00, 0x00 } },
    { 0x273A, 2, { 0x09, 0x20, 0x49, 0x24, 0x25, 0x48, 0x15, 0x50, 0xCB, 0xA6, 0x37, 0xD8, 0x0F, 0xE0, 0xFF, 0xFE, 0x0F, 0xE0, 0x37, 0xD8, 0xCB, 0xA6, 0x15, 0x50, 0x25, 0x48, 0x49, 0x24, 0x09, 0x20, 0x00, 0x00 } },
    { 0x273B, 2, { 0x01, 0x00, 0x03, 0x80, 0x03, 0x80, 0x03, 0x80, 0xE1, 0x0E, 0x71, 0x1C, 0x0D, 0x60, 0x03, 0x80, 0x0D, 0x60, 0x71, 0x1C, 0xE1, 0x0E, 0x03, 0x80, 0x03, 0x80, 0x03, 0x80, 0x01, 0x00, 0x00, 0x00 } },
    { 0x273C, 2, { 0x03, 0x80, 0x07, 0xC0, 0x07, 0xC0, 0x63, 0x8C, 0xF1, 0x1E, 0xF3, 0x9E, 0x3C, 0x78, 0x08, 0x20, 0x3C, 0x78, 0xF3, 0x9E, 0xF1, 0x1E, 0x63, 0x8C, 0x07, 0xC0, 0x07, 0xC0, 0x03, 0x80, 0x00, 0x00 } },
    { 0x273D, 2, { 0x03, 0x80, 0x07, 0xC0, 0x07, 0xC0, 0x63, 0x8C, 0xF3, 0x9E, 0xF1, 0x1E, 0x3D, 0x78, 0x07, 0xC0, 0x3D, 0x78, 0xF1, 0x1E, 0xF3, 0x9E, 0x63, 0x8C, 0x07, 0xC0, 0x07, 0xC0, 0x03, 0x80, 0x00, 0x00 } },
    { 0x273E, 2, { 0x03, 0x80, 0x04, 0x40, 0x04, 0x40, 0x74, 0x5C, 0xFC, 0x7E, 0xFE, 0xFE, 0x7F, 0xFC, 0x21, 0x08, 0x43, 0x84, 0x87, 0xC2, 0x8F, 0xE2, 0x77, 0xDC, 0x07, 0xC0, 0x07, 0xC0, 0x03, 0x80, 0x00, 0x00 } },
    { 0x273F, 2, { 0x03, 0x80, 0x07, 0xC0, 0x0F, 0xE0, 0x77, 0xDC, 0xFF, 0xFE, 0xFC, 0x7E, 0xF0, 0x1E, 0x70, 0x1C, 0x18, 0x30, 0x3E, 0xF8, 0x7F, 0xFC, 0x7E, 0xFC, 0x7E, 0xFC, 0x3C, 0x78, 0x00, 0x00, 0x00, 0x00 } },
    { 0x2740, 2, { 0x03, 0x80, 0x04, 0x40, 0x09, 0x20, 0x79, 0x3C, 0x85, 0x42, 0xB3, 0x9A, 0x8F, 0xE2, 0x6F, 0xEC, 0x17, 0xD0, 0x27, 0xC8, 0x49, 0x24, 0x52, 0x94, 0x42, 0x84, 0x3C, 0x78, 0x00, 0x00, 0x00, 0x00 } },
    { 0x2741, 2, { 0x03, 0x80, 0x3C, 0x78, 0x45, 0x44, 0x51, 0x14, 0x4D, 0x64, 0x6F, 0xEC, 0x86, 0xC2, 0xBC, 0x7A, 0x86, 0xC2, 0x6F, 0xEC, 0x4D, 0x64, 0x51, 0x14, 0x45, 0x44, 0x3C, 0x78, 0x03, 0x80, 0x00, 0x00 } },
    { 0x2742, 2, { 0x07, 0xC0, 0x1E, 0xF0, 0x3E, 0xF8, 0x5C, 0x74, 0x67, 0xCC, 0xFC, 0x7E, 0xE8, 0x2E, 0x88, 0x22, 0xE8, 0x2E, 0xFC, 0x7E, 0x67, 0xCC, 0x5C, 0x74, 0x3E, 0xF8, 0x1E, 0xF0, 0x07, 0xC0, 0x00, 0x00 } },
    { 0x2743, 2, { 0x03, 0x80, 0x04, 0xC0, 0x04, 0xC0, 0x74, 0xDC, 0xBC, 0xE6, 0x9F, 0x9E, 0x4F, 0x3C, 0x3F, 0xF8, 0x72, 0x64, 0xE6, 0x72, 0xCE, 0x7A, 0x76, 0x5C, 0x06, 0x40, 0x06, 0x40, 0x03, 0x80, 0x00, 0x00 } },
    { 0x2744, 2, { 0x00, 0x00, 0x01, 0x00, 0x05, 0x40, 0x03, 0x80, 0xC9, 0x26, 0x31, 0x18, 0x4D, 0x64, 0x03, 0x80, 0x4D, 0x64, 0x31, 0x18, 0xC9, 0x26, 0x03, 0x80, 0x05, 0x40, 0x01, 0x00, 0x00, 0x00, 0x00, 0x00 } },
    { 0x2745, 2, { 0x00, 0x00, 0x01, 0x00, 0x05, 0x40, 0x0B, 0xA0, 0xC9, 0x26, 0x31, 0x18, 0x4D, 0x64, 0x83, 0x82, 0x4D, 0x64, 0x31, 0x18, 0xC9, 0x26, 0x0B, 0xA0, 0x05, 0x40, 0x01, 0x00, 0x00, 0x00, 0x00, 0x00 } },
    { 0x2746, 2, { 0x09, 0x20, 0x0D, 0x60, 0x07, 0xC0, 0x13, 0x90, 0xC9, 0x26, 0x31, 0x18, 0xED, 0x6E, 0x03, 0x80, 0xED, 0x6E, 0x31, 0x18, 0xC9, 0x26, 0x11, 0x10, 0x07, 0xC0, 0x0D, 0x60, 0x09, 0x20, 0x00, 0x00 } },
    { 0x2747, 2, { 0x00, 0x00, 0x03, 0xC0, 0x23, 0xC4, 0x13, 0xC8, 0x09, 0x90, 0x05, 0xA0, 0x70, 0x0E, 0x7D, 0xBE, 0x7D, 0xBE, 0x70, 0x0E, 0x05, 0xA0, 0x09, 0x90, 0x13, 0xC8, 0x23, 0xC4, 0x03, 0xC0, 0x00, 0x00 } },
    { 0x2748, 2, { 0x07, 0xC0, 0x47, 0xC4, 0x27, 0xC8, 0x13, 0x90, 0x0B, 0xA0, 0xE0, 0x0E, 0xFB, 0xBE, 0xFB, 0xBE, 0xFB, 0xBE, 0xE0, 0x0E, 0x0B, 0xA0, 0x13, 0x90, 0x27, 0xC8, 0x47, 0xC4, 0x07, 0xC0, 0x00, 0x00 } },
    { 0x2749, 2, { 0x03, 0x80, 0x07, 0xC0, 0x07, 0xC0, 0x77, 0xDC, 0xFB, 0xBE, 0xF9, 0x3E, 0x7D, 0x7C, 0x07, 0xC0, 0x7D, 0x7C, 0xF9, 0x3E, 0xFB, 0xBE, 0x77, 0xDC, 0x07, 0xC0, 0x07, 0xC0, 0x03, 0x80, 0x00, 0x00 } },
    { 0x274A, 2, { 0x01, 0x00, 0x03, 0x80, 0x33, 0x98, 0x31, 0x18, 0x09, 0x20, 0x05, 0x40, 0x63, 0x8C, 0xFF, 0xFE, 0x63, 0x8C, 0x05, 0x40, 0x09, 0x20, 0x31, 0x18, 0x33, 0x98, 0x03, 0x80, 0x01, 0x00, 0x00, 0x00 } },
    { 0x274B, 2, { 0x01, 0x00, 0x03, 0x80, 0x33, 0x98, 0x3B, 0xB8, 0x19, 0x30, 0x07, 0xC0, 0x77, 0xDC, 0xFF, 0xFE, 0x77, 0xDC, 0x07, 0xC0, 0x19, 0x30, 0x3B, 0xB8, 0x33, 0x98, 0x03, 0x80, 0x01, 0x00, 0x00, 0x00 } },
    { 0x274C, 2, { 0x00, 0x00, 0x00, 0x00, 0x18, 0x30, 0x3C, 0x78, 0x1E, 0xF0, 0x0F, 0xE0, 0x07, 0xC0, 0x07, 0xC0, 0x0F, 0xE0, 0x1E, 0xF0, 0x3C, 0x78, 0x38, 0x38, 0x10, 0x10, 0x00, 0x00, 0x00, 0x00, 0x00, 0x00 } },
    { 0x274D, 2, { 0x00, 0x00, 0x00, 0x00, 0x03, 0xC0, 0x0C, 0x30, 0x10, 0x08, 0x10, 0x0C, 0x20, 0x04, 0x20, 0x06, 0x20, 0x06, 0x20, 0x06, 0x10, 0x0E, 0x10, 0x0C, 0x0C, 0x3C, 0x03, 0xF8, 0x01, 0xE0, 0x00, 0x00 } },
    { 0x274E, 2, { 0x00, 0x00, 0x7F, 0xFC, 0x6F, 0xEC, 0x47, 0xC4, 0x63, 0x8C, 0x71, 0x1C, 0x78, 0x3C, 0x7C, 0x7C, 0x78, 0x3C, 0x71, 0x1C, 0x63, 0x8C, 0x47, 0xC4, 0x6F, 0xEC, 0x7F, 0xFC, 0x00, 0x00, 0x00, 0x00 } },
    { 0x274F, 2, { 0x00, 0x00, 0x1F, 0xF8, 0x10, 0x08, 0x10, 0x0E, 0x10, 0x0E, 0x10, 0x0E, 0x10, 0x0E, 0x10, 0x0E, 0x10, 0x0E, 0x10, 0x0E, 0x1F, 0xFE, 0x07, 0xFE, 0x07, 0xFE, 0x00, 0x00, 0x00, 0x00, 0x00, 0x00 } },
    { 0x2750, 2, { 0x00, 0x00, 0x07, 0xFE, 0x07, 0xFE, 0x1F, 0xFE, 0x10, 0x0E, 0x10, 0x0E, 0x10, 0x0E, 0x10, 0x0E, 0x10, 0x0E, 0x10, 0x0E, 0x10, 0x0E, 0x10, 0x08, 0x1F, 0xF8, 0x00, 0x00, 0x00, 0x00, 0x00, 0x00 } },
    { 0x2751, 2, { 0x00, 0x00, 0x1F, 0xF8, 0x10, 0x0C, 0x10, 0x0E, 0x10, 0x0E, 0x10, 0x0E, 0x10, 0x0E, 0x10, 0x0E, 0x10, 0x0E, 0x10, 0x0E, 0x1F, 0xFE, 0x0F, 0xFE, 0x07, 0xFE, 0x00, 0x00, 0x00, 0x00, 0x00, 0x00 } },
    { 0x2752, 2, { 0x00, 0x00, 0x07, 0xFE, 0x0F, 0xFE, 0x1F, 0xFE, 0x10, 0x0E, 0x10, 0x0E, 0x10, 0x0E, 0x10, 0x0E, 0x10, 0x0E, 0x10, 0x0E, 0x10, 0x0E, 0x10, 0x0C, 0x1F, 0xF8, 0x00, 0x00, 0x00, 0x00, 0x00, 0x00 } },
    { 0x2753, 2, { 0x00, 0x00, 0x03, 0x80, 0x0F, 0xE0, 0x1E, 0x70, 0x18, 0x30, 0x18, 0xF0, 0x01, 0xE0, 0x03, 0x80, 0x03, 0x00, 0x03, 0x00, 0x03, 0x00, 0x00, 0x00, 0x03, 0x00, 0x07, 0x80, 0x07, 0x80, 0x03, 0x00 } },
    { 0x2754, 2, { 0x07, 0xC0, 0x08, 0x20, 0x13, 0x90, 0x14, 0x50, 0x08, 0x50, 0x00, 0x90, 0x01, 0x20, 0x02, 0x40, 0x02, 0x80, 0x02, 0x80, 0x03, 0x80, 0x00, 0x00, 0x03, 0x80, 0x04, 0x40, 0x04, 0x40, 0x03, 0x80 } },
    { 0x2755, 2, { 0x03, 0x80, 0x06, 0xC0, 0x0C, 0x60, 0x08, 0x20, 0x0C, 0x60, 0x04, 0x40, 0x06, 0xC0, 0x02, 0x80, 0x02, 0x80, 0x03, 0x80, 0x00, 0x00, 0x03, 0x80, 0x04, 0x40, 0x04, 0x40, 0x03, 0x80, 0x00, 0x00 } },
    { 0x2756, 2, { 0x00, 0x00, 0x01, 0x00, 0x03, 0x80, 0x07, 0xC0, 0x03, 0x80, 0x11, 0x10, 0x38, 0x38, 0x7C, 0x7C, 0x38, 0x38, 0x11, 0x10, 0x03, 0x80, 0x07, 0xC0, 0x03, 0x80, 0x01, 0x00, 0x00, 0x00, 0x00, 0x00 } },
    { 0x2757, 2, { 0x01, 0x80, 0x03, 0xC0, 0x03, 0xC0, 0x03, 0xC0, 0x03, 0xC0, 0x03, 0xC0, 0x03, 0xC0, 0x01, 0x80, 0x01, 0x80, 0x01, 0x80, 0x01, 0x80, 0x00, 0x00, 0x01, 0x80, 0x01, 0x80, 0x00, 0x00, 0x00, 0x00 } },
    { 0x2758, 2, { 0x01, 0x80, 0x01, 0x80, 0x01, 0x80, 0x01, 0x80, 0x01, 0x80, 0x01, 0x80, 0x01, 0x80, 0x01, 0x80, 0x01, 0x80, 0x01, 0x80, 0x01, 0x80, 0x01, 0x80, 0x01, 0x80, 0x01, 0x80, 0x01, 0x80, 0x00, 0x00 } },
    { 0x2759, 2, { 0x03, 0xC0, 0x03, 0xC0, 0x03, 0xC0, 0x03, 0xC0, 0x03, 0xC0, 0x03, 0xC0, 0x03, 0xC0, 0x03, 0xC0, 0x03, 0xC0, 0x03, 0xC0, 0x03, 0xC0, 0x03, 0xC0, 0x03, 0xC0, 0x03, 0xC0, 0x03, 0xC0, 0x00, 0x00 } },
    { 0x275A, 2, { 0x0F, 0xF0, 0x0F, 0xF0, 0x0F, 0xF0, 0x0F, 0xF0, 0x0F, 0xF0, 0x0F, 0xF0, 0x0F, 0xF0, 0x0F, 0xF0, 0x0F, 0xF0, 0x0F, 0xF0, 0x0F, 0xF0, 0x0F, 0xF0, 0x0F, 0xF0, 0x0F, 0xF0, 0x0F, 0xF0, 0x00, 0x00 } },
    { 0x275B, 2, { 0x01, 0xC0, 0x07, 0x00, 0x0C, 0x00, 0x0F, 0x80, 0x0F, 0xC0, 0x0F, 0xE0, 0x0F, 0xE0, 0x0F, 0xE0, 0x07, 0xC0, 0x03, 0x80, 0x00, 0x00, 0x00, 0x00, 0x00, 0x00, 0x00, 0x00, 0x00, 0x00, 0x00, 0x00 } },
    { 0x275C, 2, { 0x03, 0x80, 0x07, 0xC0, 0x0F, 0xE0, 0x0F, 0xE0, 0x0F, 0xE0, 0x07, 0xE0, 0x03, 0xE0, 0x00, 0x60, 0x01, 0xC0, 0x07, 0x00, 0x00, 0x00, 0x00, 0x00, 0x00, 0x00, 0x00, 0x00, 0x00, 0x00, 0x00, 0x00 } },
    { 0x275D, 2, { 0x1C, 0x1C, 0x70, 0x70, 0xC0, 0xC0, 0xF8, 0xF8, 0xFC, 0xFC, 0xFE, 0xFE, 0xFE, 0xFE, 0xFE, 0xFE, 0x7C, 0x7C, 0x38, 0x38, 0x00, 0x00, 0x00, 0x00, 0x00, 0x00, 0x00, 0x00, 0x00, 0x00, 0x00, 0x00 } },
    { 0x275E, 2, { 0x38, 0x38, 0x7C, 0x7C, 0xFE, 0xFE, 0xFE, 0xFE, 0xFE, 0xFE, 0x7E, 0x7E, 0x3E, 0x3E, 0x06, 0x06, 0x1C, 0x1C, 0x70, 0x70, 0x00, 0x00, 0x00, 0x00, 0x00, 0x00, 0x00, 0x00, 0x00, 0x00, 0x00, 0x00 } },
    { 0x275F, 2, { 0x00, 0x00, 0x00, 0x00, 0x00, 0x00, 0x00, 0x00, 0x07, 0x00, 0x0F, 0x80, 0x1F, 0xC0, 0x1F, 0xC0, 0x1F, 0xC0, 0x0F, 0xC0, 0x07, 0xC0, 0x00, 0xC0, 0x03, 0x80, 0x0E, 0x00, 0x00, 0x00, 0x00, 0x00 } },
    { 0x2760, 2, { 0x00, 0x00, 0x00, 0x00, 0x00, 0x00, 0x00, 0x00, 0x38, 0x38, 0x7C, 0x7C, 0xFE, 0xFE, 0xFE, 0xFE, 0xFE, 0xFE, 0x7E, 0x7E, 0x3E, 0x3E, 0x06, 0x06, 0x1C, 0x1C, 0x70, 0x70, 0x00, 0x00, 0x00, 0x00 } },
    { 0x2761, 2, { 0x00, 0x00, 0x00, 0x10, 0x00, 0x10, 0x0F, 0xFE, 0x3F, 0xF8, 0x7E, 0x10, 0x7E, 0x10, 0x3F, 0x10, 0x0F, 0xF0, 0x00, 0x10, 0x30, 0x30, 0x78, 0x20, 0x78, 0x60, 0x31, 0xC0, 0x1F, 0x00, 0x00, 0x00 } },
    { 0x2762, 2, { 0x03, 0x80, 0x0F, 0xE0, 0x1F, 0xF0, 0x1F, 0xF0, 0x1F, 0xF0, 0x0F, 0xE0, 0x03, 0x80, 0x01, 0x00, 0x01, 0x00, 0x00, 0x00, 0x03, 0x80, 0x07, 0xC0, 0x07, 0xC0, 0x07, 0xC0, 0x03, 0x80, 0x00, 0x00 } },
    { 0x2763, 2, { 0x00, 0x00, 0x0E, 0xE0, 0x1F, 0xF0, 0x1F, 0xF0, 0x1F, 0xF0, 0x0F, 0xE0, 0x03, 0x80, 0x01, 0x00, 0x00, 0x00, 0x03, 0x80, 0x07, 0xC0, 0x07, 0xC0, 0x07, 0xC0, 0x03, 0x80, 0x00, 0x00, 0x00, 0x00 } },
    { 0x2764, 2, { 0x00, 0x00, 0x00, 0x00, 0x3C, 0x78, 0x7E, 0xFC, 0xFF, 0xFE, 0xFF, 0xFE, 0xFF, 0xFE, 0x7F, 0xFC, 0x7F, 0xFC, 0x3F, 0xF8, 0x1F, 0xF0, 0x0F, 0xE0, 0x07, 0xC0, 0x03, 0x80, 0x01, 0x00, 0x00, 0x00 } },
    { 0x2765, 2, { 0x1C, 0x00, 0x3F, 0x00, 0x7F, 0x80, 0x7F, 0xC0, 0x7F, 0xE0, 0x7F, 0xF0, 0x3F, 0xF8, 0x1F, 0xFC, 0x3F, 0xF8, 0x7F, 0xF0, 0x7F, 0xE0, 0x7F, 0xC0, 0x7F, 0x80, 0x3F, 0x00, 0x1C, 0x00, 0x00, 0x00 } },
    { 0x2766, 2, { 0x00, 0x00, 0x00, 0x00, 0x1F, 0x04, 0x21, 0xF8, 0x01, 0x80, 0x0E, 0x70, 0x1F, 0xF8, 0x1F, 0xF8, 0x1F, 0xF8, 0x0F, 0xF0, 0x07, 0xE0, 0x03, 0xC0, 0x01, 0x80, 0x01, 0x90, 0x00, 0xE0, 0x00, 0x00 } },
    { 0x2767, 2, { 0x00, 0x00, 0x00, 0x00, 0x20, 0x00, 0x13, 0x80, 0x17, 0xC4, 0x17, 0xE2, 0x17, 0xF2, 0x1B, 0xFE, 0x3B, 0xFC, 0x27, 0xF0, 0x27, 0xE0, 0x27, 0xC0, 0x23, 0x80, 0x10, 0x00, 0x00, 0x00, 0x00, 0x00 } },
    { 0x2768, 1, { 0x00, 0x00, 0x00, 0x02, 0x04, 0x0C, 0x18, 0x18, 0x18, 0x18, 0x18, 0x18, 0x0C, 0x04, 0x02, 0x00, 0x00, 0x00, 0x00, 0x00, 0x00, 0x00, 0x00, 0x00, 0x00, 0x00, 0x00, 0x00, 0x00, 0x00, 0x00, 0x00 } },
    { 0x2769, 1, { 0x00, 0x00, 0x00, 0x20, 0x10, 0x18, 0x0C, 0x0C, 0x0C, 0x0C, 0x0C, 0x0C, 0x18, 0x10, 0x20, 0x00, 0x00, 0x00, 0x00, 0x00, 0x00, 0x00, 0x00, 0x00, 0x00, 0x00, 0x00, 0x00, 0x00, 0x00, 0x00, 0x00 } },
    { 0x276A, 1, { 0x00, 0x00, 0x00, 0x06, 0x0C, 0x1C, 0x38, 0x38, 0x38, 0x38, 0x38, 0x38, 0x1C, 0x0C, 0x06, 0x00, 0x00, 0x00, 0x00, 0x00, 0x00, 0x00, 0x00, 0x00, 0x00, 0x00, 0x00, 0x00, 0x00, 0x00, 0x00, 0x00 } },
    { 0x276B, 1, { 0x00, 0x00, 0x00, 0x30, 0x18, 0x1C, 0x0E, 0x0E, 0x0E, 0x0E, 0x0E, 0x0E, 0x1C, 0x18, 0x30, 0x00, 0x00, 0x00, 0x00, 0x00, 0x00, 0x00, 0x00, 0x00, 0x00, 0x00, 0x00, 0x00, 0x00, 0x00, 0x00, 0x00 } },
    { 0x276C, 1, { 0x00, 0x00, 0x00, 0x06, 0x0C, 0x0C, 0x18, 0x18, 0x30, 0x30, 0x18, 0x18, 0x0C, 0x0C, 0x06, 0x00, 0x00, 0x00, 0x00, 0x00, 0x00, 0x00, 0x00, 0x00, 0x00, 0x00, 0x00, 0x00, 0x00, 0x00, 0x00, 0x00 } },
    { 0x276D, 1, { 0x00, 0x00, 0x00, 0x30, 0x18, 0x18, 0x0C, 0x0C, 0x06, 0x06, 0x0C, 0x0C, 0x18, 0x18, 0x30, 0x00, 0x00, 0x00, 0x00, 0x00, 0x00, 0x00, 0x00, 0x00, 0x00, 0x00, 0x00, 0x00, 0x00, 0x00, 0x00, 0x00 } },
    { 0x276E, 1, { 0x00, 0x00, 0x00, 0x07, 0x0E, 0x0E, 0x1C, 0x1C, 0x38, 0x38, 0x1C, 0x1C, 0x0E, 0x0E, 0x07, 0x00, 0x00, 0x00, 0x00, 0x00, 0x00, 0x00, 0x00, 0x00, 0x00, 0x00, 0x00, 0x00, 0x00, 0x00, 0x00, 0x00 } },
    { 0x276F, 1, { 0x00, 0x00, 0x00, 0x70, 0x38, 0x38, 0x1C, 0x1C, 0x0E, 0x0E, 0x1C, 0x1C, 0x38, 0x38, 0x70, 0x00, 0x00, 0x00, 0x00, 0x00, 0x00, 0x00, 0x00, 0x00, 0x00, 0x00, 0x00, 0x00, 0x00, 0x00, 0x00, 0x00 } },
    { 0x2770, 1, { 0x00, 0x00, 0x00, 0x0F, 0x1E, 0x1E, 0x3C, 0x3C, 0x78, 0x78, 0x3C, 0x3C, 0x1E, 0x1E, 0x0F, 0x00, 0x00, 0x00, 0x00, 0x00, 0x00, 0x00, 0x00, 0x00, 0x00, 0x00, 0x00, 0x00, 0x00, 0x00, 0x00, 0x00 } },
    { 0x2771, 1, { 0x00, 0x00, 0x00, 0xF0, 0x78, 0x78, 0x3C, 0x3C, 0x1E, 0x1E, 0x3C, 0x3C, 0x78, 0x78, 0xF0, 0x00, 0x00, 0x00, 0x00, 0x00, 0x00, 0x00, 0x00, 0x00, 0x00, 0x00, 0x00, 0x00, 0x00, 0x00, 0x00, 0x00 } },
    { 0x2772, 1, { 0x00, 0x00, 0x00, 0x04, 0x08, 0x10, 0x10, 0x10, 0x10, 0x10, 0x10, 0x10, 0x10, 0x08, 0x04, 0x00, 0x00, 0x00, 0x00, 0x00, 0x00, 0x00, 0x00, 0x00, 0x00, 0x00, 0x00, 0x00, 0x00, 0x00, 0x00, 0x00 } },
    { 0x2773, 1, { 0x00, 0x00, 0x00, 0x20, 0x10, 0x08, 0x08, 0x08, 0x08, 0x08, 0x08, 0x08, 0x08, 0x10, 0x20, 0x00, 0x00, 0x00, 0x00, 0x00, 0x00, 0x00, 0x00, 0x00, 0x00, 0x00, 0x00, 0x00, 0x00, 0x00, 0x00, 0x00 } },
    { 0x2774, 1, { 0x00, 0x00, 0x00, 0x1E, 0x38, 0x30, 0x30, 0x18, 0x18, 0x70, 0x18, 0x18, 0x30, 0x30, 0x38, 0x1E, 0x00, 0x00, 0x00, 0x00, 0x00, 0x00, 0x00, 0x00, 0x00, 0x00, 0x00, 0x00, 0x00, 0x00, 0x00, 0x00 } },
    { 0x2775, 1, { 0x00, 0x00, 0x00, 0x78, 0x1C, 0x0C, 0x0C, 0x18, 0x18, 0x0E, 0x18, 0x18, 0x0C, 0x0C, 0x1C, 0x78, 0x00, 0x00, 0x00, 0x00, 0x00, 0x00, 0x00, 0x00, 0x00, 0x00, 0x00, 0x00, 0x00, 0x00, 0x00, 0x00 } },
    { 0x2776, 2, { 0x07, 0xC0, 0x1F, 0xF0, 0x3F, 0xF8, 0x7E, 0xFC, 0x7C, 0xFC, 0xFA, 0xFE, 0xFE, 0xFE, 0xFE, 0xFE, 0xFE, 0xFE, 0xFE, 0xFE, 0x7E, 0xFC, 0x78, 0x3C, 0x3F, 0xF8, 0x1F, 0xF0, 0x07, 0xC0, 0x00, 0x00 } },
    { 0x2777, 2, { 0x07, 0xC0, 0x1F, 0xF0, 0x3F, 0xF8, 0x7C, 0x7C, 0x7B, 0xBC, 0xFB, 0xBE, 0xFF, 0xBE, 0xFF, 0x7E, 0xFE, 0xFE, 0xFD, 0xFE, 0x7B, 0xFC, 0x78, 0x3C, 0x3F, 0xF8, 0x1F, 0xF0, 0x07, 0xC0, 0x00, 0x00 } },
    { 0x2778, 2, { 0x07, 0xC0, 0x1F, 0xF0, 0x3F, 0xF8, 0x7C, 0x7C, 0x7B, 0xBC, 0xFB, 0xBE, 0xFF, 0xBE, 0xFE, 0x7E, 0xFF, 0xBE, 0xFB, 0xBE, 0x7B, 0xBC, 0x7C, 0x7C, 0x3F, 0xF8, 0x1F, 0xF0, 0x07, 0xC0, 0x00, 0x00 } },
    { 0x2779, 2, { 0x07, 0xC0, 0x1F, 0xF0, 0x3F, 0xF8, 0x7F, 0x7C, 0x7E, 0x7C, 0xFD, 0x7E, 0xFB, 0x7E, 0xF7, 0x7E, 0xF0, 0x3E, 0xFF, 0x7E, 0x7F, 0x7C, 0x7F, 0x7C, 0x3F, 0xF8, 0x1F, 0xF0, 0x07, 0xC0, 0x00, 0x00 } },
    { 0x277A, 2, { 0x07, 0xC0, 0x1F, 0xF0, 0x3F, 0xF8, 0x78, 0x3C, 0x7B, 0xFC, 0xFB, 0xFE, 0xFB, 0xFE, 0xF8, 0x7E, 0xFF, 0xBE, 0xFF, 0xBE, 0x7B, 0xBC, 0x7C, 0x7C, 0x3F, 0xF8, 0x1F, 0xF0, 0x07, 0xC0, 0x00, 0x00 } },
    { 0x277B, 2, { 0x07, 0xC0, 0x1F, 0xF0, 0x3F, 0xF8, 0x7E, 0x7C, 0x7D, 0xFC, 0xFB, 0xFE, 0xFB, 0xFE, 0xF8, 0x7E, 0xFB, 0xBE, 0xFB, 0xBE, 0x7B, 0xBC, 0x7C, 0x7C, 0x3F, 0xF8, 0x1F, 0xF0, 0x07, 0xC0, 0x00, 0x00 } },
    { 0x277C, 2, { 0x07, 0xC0, 0x1F, 0xF0, 0x3F, 0xF8, 0x78, 0x3C, 0x7F, 0xBC, 0xFF, 0xBE, 0xFF, 0x7E, 0xFF, 0x7E, 0xFF, 0x7E, 0xFE, 0xFE, 0x7E, 0xFC, 0x7E, 0xFC, 0x3F, 0xF8, 0x1F, 0xF0, 0x07, 0xC0, 0x00, 0x00 } },
    { 0x277D, 2, { 0x07, 0xC0, 0x1F, 0xF0, 0x3F, 0xF8, 0x7C, 0x7C, 0x7B, 0xBC, 0xFB, 0xBE, 0xFB, 0xBE, 0xFC, 0x7E, 0xFB, 0xBE, 0xFB, 0xBE, 0x7B, 0xBC, 0x7C, 0x7C, 0x3F, 0xF8, 0x1F, 0xF0, 0x07, 0xC0, 0x00, 0x00 } },
    { 0x277E, 2, { 0x07, 0xC0, 0x1F, 0xF0, 0x3F, 0xF8, 0x7C, 0x7C, 0x7B, 0xBC, 0xFB, 0xBE, 0xFB, 0xBE, 0xFC, 0x3E, 0xFF, 0xBE, 0xFF, 0xBE, 0x7F, 0x7C, 0x7C, 0xFC, 0x3F, 0xF8, 0x1F, 0xF0, 0x07, 0xC0, 0x00, 0x00 } },
    { 0x277F, 2, { 0x07, 0xC0, 0x1F, 0xF0, 0x3F, 0xF8, 0x7F, 0xFC, 0x7B, 0x9C, 0xF3, 0x6E, 0xEB, 0x6E, 0xFB, 0x6E, 0xFB, 0x6E, 0xFB, 0x6E, 0x60, 0x9C, 0x7F, 0xFC, 0x3F, 0xF8, 0x1F, 0xF0, 0x07, 0xC0, 0x00, 0x00 } },
    { 0x2780, 2, { 0x07, 0xC0, 0x18, 0x30, 0x20, 0x08, 0x40, 0x84, 0x41, 0x84, 0x83, 0x82, 0x81, 0x82, 0x81, 0x82, 0x81, 0x82, 0x81, 0x82, 0x41, 0x84, 0x41, 0x84, 0x20, 0x08, 0x18, 0x30, 0x07, 0xC0, 0x00, 0x00 } },
    { 0x2781, 2, { 0x07, 0xC0, 0x18, 0x30, 0x20, 0x08, 0x47, 0xC4, 0x4F, 0xE4, 0x8C, 0x62, 0x80, 0x62, 0x81, 0xC2, 0x87, 0x02, 0x8C, 0x02, 0x4F, 0xE4, 0x4F, 0xE4, 0x20, 0x08, 0x18, 0x30, 0x07, 0xC0, 0x00, 0x00 } },
    { 0x2782, 2, { 0x07, 0xC0, 0x18, 0x30, 0x20, 0x08, 0x47, 0xC4, 0x4F, 0xE4, 0x8C, 0x62, 0x80, 0x62, 0x81, 0xC2, 0x80, 0x62, 0x8C, 0x62, 0x4F, 0xE4, 0x47, 0xC4, 0x20, 0x08, 0x18, 0x30, 0x07, 0xC0, 0x00, 0x00 } },
    { 0x2783, 2, { 0x07, 0xC0, 0x18, 0x30, 0x20, 0x08, 0x40, 0xE4, 0x41, 0xE4, 0x83, 0x62, 0x86, 0x62, 0x8C, 0x62, 0x9F, 0xF2, 0x9F, 0xF2, 0x40, 0x64, 0x40, 0x64, 0x20, 0x08, 0x18, 0x30, 0x07, 0xC0, 0x00, 0x00 } },
    { 0x2784, 2, { 0x07, 0xC0, 0x18, 0x30, 0x20, 0x08, 0x4F, 0xE4, 0x4F, 0xE4, 0x8C, 0x02, 0x8F, 0xC2, 0x8F, 0xE2, 0x80, 0x62, 0x8C, 0x62, 0x4F, 0xE4, 0x47, 0xC4, 0x20, 0x08, 0x18, 0x30, 0x07, 0xC0, 0x00, 0x00 } },
    { 0x2785, 2, { 0x07, 0xC0, 0x18, 0x30, 0x20, 0x08, 0x47, 0xC4, 0x4F, 0xE4, 0x8C, 0x02, 0x8F, 0xC2, 0x8F, 0xE2, 0x8C, 0x62, 0x8C, 0x62, 0x4F, 0xE4, 0x47, 0xC4, 0x20, 0x08, 0x18, 0x30, 0x07, 0xC0, 0x00, 0x00 } },
    { 0x2786, 2, { 0x07, 0xC0, 0x18, 0x30, 0x20, 0x08, 0x4F, 0xE4, 0x4F, 0xE4, 0x80, 0x62, 0x80, 0x62, 0x80, 0xC2, 0x83, 0x82, 0x86, 0x02, 0x46, 0x04, 0x46, 0x04, 0x20, 0x08, 0x18, 0x30, 0x07, 0xC0, 0x00, 0x00 } },
    { 0x2787, 2, { 0x07, 0xC0, 0x18, 0x30, 0x20, 0x08, 0x47, 0xC4, 0x4F, 0xE4, 0x8C, 0x62, 0x8C, 0x62, 0x87, 0xC2, 0x8C, 0x62, 0x8C, 0x62, 0x4F, 0xE4, 0x47, 0xC4, 0x20, 0x08, 0x18, 0x30, 0x07, 0xC0, 0x00, 0x00 } },
    { 0x2788, 2, { 0x07, 0xC0, 0x18, 0x30, 0x20, 0x08, 0x47, 0xC4, 0x4F, 0xE4, 0x8C, 0x62, 0x8C, 0x62, 0x8F, 0xE2, 0x87, 0xE2, 0x80, 0x62, 0x4F, 0xE4, 0x47, 0xC4, 0x20, 0x08, 0x18, 0x30, 0x07, 0xC0, 0x00, 0x00 } },
    { 0x2789, 2, { 0x07, 0xC0, 0x18, 0x30, 0x20, 0x08, 0x44, 0xE4, 0x4D, 0xF4, 0x9D, 0xB2, 0x8D, 0xB2, 0x8D, 0xB2, 0x8D, 0xB2, 0x8D, 0xB2, 0x4D, 0xF4, 0x4C, 0xE4, 0x20, 0x08, 0x18, 0x30, 0x07, 0xC0, 0x00, 0x00 } },
    { 0x278A, 2, { 0x07, 0xC0, 0x1F, 0xF0, 0x3F, 0xF8, 0x7F, 0x7C, 0x7E, 0x7C, 0xFC, 0x7E, 0xFE, 0x7E, 0xFE, 0x7E, 0xFE, 0x7E, 0xFE, 0x7E, 0x7E, 0x7C, 0x7E, 0x7C, 0x3F, 0xF8, 0x1F, 0xF0, 0x07, 0xC0, 0x00, 0x00 } },
    { 0x278B, 2, { 0x07, 0xC0, 0x1F, 0xF0, 0x3F, 0xF8, 0x78, 0x3C, 0x70, 0x1C, 0xF3, 0x9E, 0xFF, 0x9E, 0xFE, 0x3E, 0xF8, 0xFE, 0xF3, 0xFE, 0x70, 0x1C, 0x70, 0x1C, 0x3F, 0xF8, 0x1F, 0xF0, 0x07, 0xC0, 0x00, 0x00 } },
    { 0x278C, 2, { 0x07, 0xC0, 0x1F, 0xF0, 0x3F, 0xF8, 0x78, 0x3C, 0x70, 0x1C, 0xF3, 0x9E, 0xFF, 0x9E, 0xFE, 0x3E, 0xFF, 0x9E, 0xF3, 0x9E, 0x70, 0x1C, 0x78, 0x3C, 0x3F, 0xF8, 0x1F, 0xF0, 0x07, 0xC0, 0x00, 0x00 } },
    { 0x278D, 2, { 0x07, 0xC0, 0x1F, 0xF0, 0x3F, 0xF8, 0x7F, 0x1C, 0x7E, 0x1C, 0xFC, 0x9E, 0xF9, 0x9E, 0xF3, 0x9E, 0xE0, 0x0E, 0xE0, 0x0E, 0x7F, 0x9C, 0x7F, 0x9C, 0x3F, 0xF8, 0x1F, 0xF0, 0x07, 0xC0, 0x00, 0x00 } },
    { 0x278E, 2, { 0x07, 0xC0, 0x1F, 0xF0, 0x3F, 0xF8, 0x70, 0x1C, 0x70, 0x1C, 0xF3, 0xFE, 0xF0, 0x3E, 0xF0, 0x1E, 0xFF, 0x9E, 0xF3, 0x9E, 0x70, 0x1C, 0x78, 0x3C, 0x3F, 0xF8, 0x1F, 0xF0, 0x07, 0xC0, 0x00, 0x00 } },
    { 0x278F, 2, { 0x07, 0xC0, 0x1F, 0xF0, 0x3F, 0xF8, 0x78, 0x3C, 0x70, 0x1C, 0xF3, 0xFE, 0xF0, 0x3E, 0xF0, 0x1E, 0xF3, 0x9E, 0xF3, 0x9E, 0x70, 0x1C, 0x78, 0x3C, 0x3F, 0xF8, 0x1F, 0xF0, 0x07, 0xC0, 0x00, 0x00 } },
    { 0x2790, 2, { 0x07, 0xC0, 0x1F, 0xF0, 0x3F, 0xF8, 0x70, 0x1C, 0x70, 0x1C, 0xFF, 0x9E, 0xFF, 0x9E, 0xFF, 0x3E, 0xFC, 0x7E, 0xF9, 0xFE, 0x79, 0xFC, 0x79, 0xFC, 0x3F, 0xF8, 0x1F, 0xF0, 0x07, 0xC0, 0x00, 0x00 } },
    { 0x2791, 2, { 0x07, 0xC0, 0x1F, 0xF0, 0x3F, 0xF8, 0x78, 0x3C, 0x70, 0x1C, 0xF3, 0x9E, 0xF3, 0x9E, 0xF8, 0x3E, 0xF3, 0x9E, 0xF3, 0x9E, 0x70, 0x1C, 0x78, 0x3C, 0x3F, 0xF8, 0x1F, 0xF0, 0x07, 0xC0, 0x00, 0x00 } },
    { 0x2792, 2, { 0x07, 0xC0, 0x1F, 0xF0, 0x3F, 0xF8, 0x78, 0x3C, 0x70, 0x1C, 0xF3, 0x9E, 0xF3, 0x9E, 0xF0, 0x1E, 0xF8, 0x1E, 0xFF, 0x9E, 0x70, 0x1C, 0x78, 0x3C, 0x3F, 0xF8, 0x1F, 0xF0, 0x07, 0xC0, 0x00, 0x00 } },
    { 0x2793, 2, { 0x07, 0xC0, 0x1F, 0xF0, 0x3F, 0xF8, 0x7B, 0x1C, 0x72, 0x0C, 0xE2, 0x4E, 0xF2, 0x4E, 0xF2, 0x4E, 0xF2, 0x4E, 0xF2, 0x4E, 0x72, 0x0C, 0x73, 0x1C, 0x3F, 0xF8, 0x1F, 0xF0, 0x07, 0xC0, 0x00, 0x00 } },
    { 0x2794, 2, { 0x00, 0x00, 0x1F, 0x80, 0x0F, 0xC0, 0x07, 0xE0, 0x03, 0xF0, 0xFF, 0xF8, 0xFF, 0xFC, 0xFF, 0xFE, 0xFF, 0xFC, 0xFF, 0xF8, 0x03, 0xF0, 0x07, 0xE0, 0x0F, 0xC0, 0x1F, 0x80, 0x00, 0x00, 0x00, 0x00 } },
    { 0x2795, 2, { 0x00, 0x00, 0x00, 0x00, 0x03, 0x80, 0x03, 0x80, 0x03, 0x80, 0x03, 0x80, 0x3F, 0xF8, 0x3F, 0xF8, 0x3F, 0xF8, 0x03, 0x80, 0x03, 0x80, 0x03, 0x80, 0x03, 0x80, 0x00, 0x00, 0x00, 0x00, 0x00, 0x00 } },
    { 0x2796, 2, { 0x00, 0x00, 0x00, 0x00, 0x00, 0x00, 0x00, 0x00, 0x00, 0x00, 0x00, 0x00, 0x7F, 0xFC, 0x7F, 0xFC, 0x7F, 0xFC, 0x00, 0x00, 0x00, 0x00, 0x00, 0x00, 0x00, 0x00, 0x00, 0x00, 0x00, 0x00, 0x00, 0x00 } },
    { 0x2797, 2, { 0x00, 0x00, 0x00, 0x00, 0x03, 0x80, 0x03, 0x80, 0x03, 0x80, 0x00, 0x00, 0x7F, 0xFC, 0x7F, 0xFC, 0x7F, 0xFC, 0x00, 0x00, 0x03, 0x80, 0x03, 0x80, 0x03, 0x80, 0x00, 0x00, 0x00, 0x00, 0x00, 0x00 } },
    { 0x2798, 2, { 0x00, 0x00, 0x00, 0x00, 0x08, 0x00, 0x1C, 0x00, 0x3E, 0x00, 0x1E, 0x00, 0x0F, 0x20, 0x03, 0x20, 0x00, 0xE0, 0x00, 0xF0, 0x03, 0xF0, 0x00, 0x70, 0x00, 0x08, 0x00, 0x00, 0x00, 0x00, 0x00, 0x00 } },
    { 0x2799, 2, { 0x00, 0x00, 0x00, 0x00, 0x00, 0x00, 0x01, 0x00, 0x01, 0x80, 0xE0, 0xC0, 0xFC, 0xF0, 0xFF, 0xFE, 0xFC, 0xF0, 0xE0, 0xC0, 0x01, 0x80, 0x01, 0x00, 0x00, 0x00, 0x00, 0x00, 0x00, 0x00, 0x00, 0x00 } },
    { 0x279A, 2, { 0x00, 0x00, 0x00, 0x00, 0x00, 0x00, 0x00, 0x08, 0x00, 0x70, 0x03, 0xF0, 0x00, 0xF0, 0x00, 0xE0, 0x03, 0x20, 0x0F, 0x20, 0x1E, 0x00, 0x3E, 0x00, 0x1C, 0x00, 0x08, 0x00, 0x00, 0x00, 0x00, 0x00 } },
    { 0x279B, 2, { 0x00, 0x00, 0x00, 0x00, 0x00, 0x00, 0x02, 0x00, 0x01, 0x00, 0x01, 0xC0, 0x00, 0xF0, 0xFF, 0xFE, 0x00, 0xF0, 0x01, 0xC0, 0x01, 0x00, 0x02, 0x00, 0x00, 0x00, 0x00, 0x00, 0x00, 0x00, 0x00, 0x00 } },
    { 0x279C, 2, { 0x00, 0x00, 0x00, 0xC0, 0x01, 0xE0, 0x01, 0xF0, 0x00, 0xF8, 0x7F, 0xFC, 0xFF, 0xFE, 0xFF, 0xFE, 0xFF, 0xFE, 0x7F, 0xFC, 0x00, 0xF8, 0x01, 0xF0, 0x01, 0xE0, 0x00, 0xC0, 0x00, 0x00, 0x00, 0x00 } },
    { 0x279D, 2, { 0x00, 0x00, 0x00, 0x00, 0x00, 0x10, 0x00, 0x10, 0x00, 0x18, 0x00, 0x18, 0xFF, 0xFC, 0xFF, 0xFE, 0xFF, 0xFC, 0x00, 0x18, 0x00, 0x18, 0x00, 0x10, 0x00, 0x10, 0x00, 0x00, 0x00, 0x00, 0x00, 0x00 } },
    { 0x279E, 2, { 0x00, 0x00, 0x00, 0x10, 0x00, 0x10, 0x00, 0x18, 0x00, 0x18, 0xFF, 0xFC, 0xFF, 0xFC, 0xFF, 0xFE, 0xFF, 0xFC, 0xFF, 0xFC, 0x00, 0x18, 0x00, 0x18, 0x00, 0x10, 0x00, 0x10, 0x00, 0x00, 0x00, 0x00 } },
    { 0x279F, 2, { 0x00, 0x00, 0x00, 0x00, 0x00, 0x00, 0x00, 0x20, 0x00, 0x30, 0x00, 0x38, 0xAA, 0xFC, 0xAA, 0xFE, 0xAA, 0xFC, 0x00, 0x38, 0x00, 0x30, 0x00, 0x20, 0x00, 0x00, 0x00, 0x00, 0x00, 0x00, 0x00, 0x00 } },
    { 0x27A0, 2, { 0x00, 0x00, 0x00, 0x00, 0x00, 0x00, 0x00, 0x20, 0x00, 0x30, 0xAA, 0xF8, 0xAA, 0xFC, 0xAA, 0xFE, 0xAA, 0xFC, 0xAA, 0xF8, 0x00, 0x30, 0x00, 0x20, 0x00, 0x00, 0x00, 0x00, 0x00, 0x00, 0x00, 0x00 } },
    { 0x27A1, 2, { 0x00, 0x00, 0x00, 0x00, 0x00, 0x00, 0x00, 0x20, 0x00, 0x30, 0x00, 0x38, 0xFF, 0xFC, 0xFF, 0xFE, 0xFF, 0xFC, 0x00, 0x38, 0x00, 0x30, 0x00, 0x20, 0x00, 0x00, 0x00, 0x00, 0x00, 0x00, 0x00, 0x00 } },
    { 0x27A2, 2, { 0x40, 0x00, 0x70, 0x00, 0x2C, 0x00, 0x23, 0x00, 0x10, 0xC0, 0x10, 0x30, 0x08, 0x0C, 0x07, 0xFE, 0x0F, 0xFC, 0x1F, 0xF0, 0x1F, 0xC0, 0x3F, 0x00, 0x3C, 0x00, 0x70, 0x00, 0x40, 0x00, 0x00, 0x00 } },
    { 0x27A3, 2, { 0x40, 0x00, 0x70, 0x00, 0x3C, 0x00, 0x3F, 0x00, 0x1F, 0xC0, 0x1F, 0xF0, 0x0F, 0xFC, 0x07, 0xFE, 0x08, 0x0C, 0x10, 0x30, 0x10, 0xC0, 0x23, 0x00, 0x2C, 0x00, 0x70, 0x00, 0x40, 0x00, 0x00, 0x00 } },
    { 0x27A4, 2, { 0x40, 0x00, 0x70, 0x00, 0x3C, 0x00, 0x3F, 0x00, 0x1F, 0xC0, 0x1F, 0xF0, 0x0F, 0xFC, 0x07, 0xFE, 0x0F, 0xFC, 0x1F, 0xF0, 0x1F, 0xC0, 0x3F, 0x00, 0x3C, 0x00, 0x70, 0x00, 0x40, 0x00, 0x00, 0x00 } },
    { 0x27A5, 2, { 0x00, 0x00, 0x00, 0x00, 0x00, 0x00, 0x80, 0x00, 0x80, 0x10, 0xC0, 0x18, 0x7F, 0xFC, 0x7F, 0xFE, 0x3F, 0xFC, 0x00, 0x18, 0x00, 0x10, 0x00, 0x00, 0x00, 0x00, 0x00, 0x00, 0x00, 0x00, 0x00, 0x00 } },
    { 0x27A6, 2, { 0x00, 0x00, 0x00, 0x00, 0x00, 0x00, 0x00, 0x00, 0x00, 0x10, 0x00, 0x18, 0x3F, 0xFC, 0x7F, 0xFE, 0x7F, 0xFC, 0xC0, 0x18, 0x80, 0x10, 0x80, 0x00, 0x00, 0x00, 0x00, 0x00, 0x00, 0x00, 0x00, 0x00 } },
    { 0x27A7, 2, { 0x00, 0x00, 0x00, 0x80, 0x00, 0x80, 0x00, 0xC0, 0x07, 0xC0, 0x07, 0xE0, 0x07, 0xE0, 0x07, 0xF0, 0x07, 0xE0, 0x07, 0xE0, 0x07, 0xC0, 0x00, 0xC0, 0x00, 0x80, 0x00, 0x80, 0x00, 0x00, 0x00, 0x00 } },
    { 0x27A8, 2, { 0x00, 0x00, 0x00, 0x00, 0x00, 0x00, 0x00, 0x40, 0x00, 0x40, 0xFF, 0xE0, 0xFF, 0xF0, 0xFF, 0xFE, 0xFF, 0xF0, 0xFF, 0xE0, 0x00, 0x40, 0x00, 0x40, 0x00, 0x00, 0x00, 0x00, 0x00, 0x00, 0x00, 0x00 } },
    { 0x27A9, 2, { 0x00, 0x00, 0x00, 0x00, 0x00, 0x00, 0x00, 0x60, 0x00, 0x70, 0x7F, 0xD8, 0x40, 0x0C, 0x40, 0x06, 0x40, 0x0C, 0x7F, 0xD8, 0x00, 0x70, 0x00, 0x60, 0x00, 0x00, 0x00, 0x00, 0x00, 0x00, 0x00, 0x00 } },
    { 0x27AA, 2, { 0x00, 0x00, 0x00, 0x00, 0x00, 0x00, 0x00, 0x60, 0x00, 0x70, 0x7F, 0xE8, 0x60, 0x04, 0x60, 0x02, 0x60, 0x04, 0x7F, 0xE8, 0x00, 0x70, 0x00, 0x60, 0x00, 0x00, 0x00, 0x00, 0x00, 0x00, 0x00, 0x00 } },
    { 0x27AB, 2, { 0x00, 0x00, 0x00, 0x00, 0x00, 0x08, 0x00, 0x18, 0x00, 0x24, 0x00, 0x44, 0x3F, 0x82, 0x40, 0x02, 0x80, 0x06, 0xFF, 0x1E, 0xFE, 0x7C, 0x05, 0xF0, 0x0F, 0xC0, 0x0F, 0x00, 0x0C, 0x00, 0x00, 0x00 } },
    { 0x27AC, 2, { 0x00, 0x00, 0x0C, 0x00, 0x0F, 0x00, 0x0F, 0xC0, 0x05, 0xF0, 0xFE, 0x7C, 0xFF, 0x1E, 0x80, 0x06, 0x40, 0x02, 0x3F, 0x82, 0x00, 0x44, 0x00, 0x24, 0x00, 0x18, 0x00, 0x08, 0x00, 0x00, 0x00, 0x00 } },
    { 0x27AD, 2, { 0x00, 0x00, 0x00, 0x00, 0x00, 0x80, 0x00, 0xC0, 0xFF, 0xA0, 0x80, 0x10, 0x80, 0x08, 0x80, 0x04, 0x80, 0x0E, 0x80, 0x1C, 0xFF, 0xB8, 0x7F, 0xF0, 0x00, 0xE0, 0x00, 0x40, 0x00, 0x00, 0x00, 0x00 } },
    { 0x27AE, 2, { 0x00, 0x00, 0x00, 0x40, 0x00, 0xE0, 0x7F, 0xF0, 0xFF, 0xB8, 0x80, 0x1C, 0x80, 0x0E, 0x80, 0x04, 0x80, 0x08, 0x80, 0x10, 0xFF, 0xA0, 0x00, 0xC0, 0x00, 0x80, 0x00, 0x00, 0x00, 0x00, 0x00, 0x00 } },
    { 0x27AF, 2, { 0x00, 0x00, 0x00, 0x00, 0x00, 0x40, 0x00, 0x60, 0x00, 0x50, 0xFF, 0xC8, 0x40, 0x04, 0x40, 0x02, 0x40, 0x07, 0xFF, 0xCE, 0x7F, 0xDC, 0x00, 0x78, 0x00, 0x70, 0x00, 0x20, 0x00, 0x00, 0x00, 0x00 } },
    { 0x27B0, 1, { 0x00, 0x00, 0x00, 0x00, 0x00, 0x63, 0x1C, 0x22, 0x22, 0x22, 0x1C, 0x00, 0x00, 0x00, 0x00, 0x00, 0x00, 0x00, 0x00, 0x00, 0x00, 0x00, 0x00, 0x00, 0x00, 0x00, 0x00, 0x00, 0x00, 0x00, 0x00, 0x00 } },
    { 0x27B1, 2, { 0x00, 0x00, 0x00, 0x20, 0x00, 0x70, 0x00, 0x78, 0x7F, 0xDC, 0xFF, 0xCE, 0x40, 0x07, 0x40, 0x02, 0x40, 0x04, 0xFF, 0xC8, 0x00, 0x50, 0x00, 0x60, 0x00, 0x40, 0x00, 0x00, 0x00, 0x00, 0x00, 0x00 } },
    { 0x27B2, 2, { 0x07, 0xC0, 0x1F, 0xF0, 0x3F, 0x78, 0x7F, 0x3C, 0x7F, 0x1C, 0x00, 0x0E, 0x00, 0x06, 0x00, 0x02, 0x00, 0x06, 0x00, 0x0E, 0x7F, 0x1C, 0x7F, 0x3C, 0x3F, 0x78, 0x1F, 0xF0, 0x07, 0xC0, 0x00, 0x00 } },
    { 0x27B3, 2, { 0x00, 0x00, 0x00, 0x00, 0x00, 0x00, 0x00, 0x00, 0xFE, 0x00, 0x49, 0x08, 0x24, 0x8C, 0x1F, 0xFE, 0x24, 0x8C, 0x49, 0x08, 0xFE, 0x00, 0x00, 0x00, 0x00, 0x00, 0x00, 0x00, 0x00, 0x00, 0x00, 0x00 } },
    { 0x27B4, 2, { 0x00, 0x00, 0x00, 0x00, 0x04, 0x00, 0x06, 0x00, 0x07, 0x00, 0x3F, 0x00, 0x1F, 0x00, 0x0F, 0x08, 0x00, 0x88, 0x00, 0x58, 0x00, 0x38, 0x00, 0x78, 0x01, 0xF8, 0x00, 0x00, 0x00, 0x00, 0x00, 0x00 } },
    { 0x27B5, 2, { 0x00, 0x00, 0x00, 0x00, 0x00, 0x00, 0x00, 0x00, 0x00, 0x00, 0x7C, 0x08, 0x3E, 0x0C, 0x1F, 0xFE, 0x3E, 0x0C, 0x7C, 0x08, 0x00, 0x00, 0x00, 0x00, 0x00, 0x00, 0x00, 0x00, 0x00, 0x00, 0x00, 0x00 } },
    { 0x27B6, 2, { 0x00, 0x00, 0x00, 0x00, 0x00, 0x00, 0x01, 0xF8, 0x00, 0x78, 0x00, 0x38, 0x00, 0x58, 0x00, 0x88, 0x0F, 0x08, 0x1F, 0x00, 0x3F, 0x00, 0x07, 0x00, 0x06, 0x00, 0x04, 0x00, 0x00, 0x00, 0x00, 0x00 } },
    { 0x27B7, 2, { 0x00, 0x00, 0x00, 0x00, 0x02, 0x00, 0x03, 0x00, 0x03, 0x80, 0x03, 0x80, 0x3F, 0x88, 0x1F, 0x88, 0x0F, 0xD8, 0x00, 0xF8, 0x00, 0x78, 0x00, 0xF8, 0x03, 0xF8, 0x00, 0x00, 0x00, 0x00, 0x00, 0x00 } },
    { 0x27B8, 2, { 0x00, 0x00, 0x00, 0x00, 0x00, 0x00, 0x00, 0x20, 0xFC, 0x10, 0x7E, 0x18, 0x3F, 0xFC, 0x1F, 0xFE, 0x3F, 0xFC, 0x7E, 0x18, 0xFC, 0x10, 0x00, 0x20, 0x00, 0x00, 0x00, 0x00, 0x00, 0x00, 0x00, 0x00 } },
    { 0x27B9, 2, { 0x00, 0x00, 0x00, 0x00, 0x00, 0x00, 0x03, 0xF8, 0x00, 0xF8, 0x00, 0x78, 0x00, 0xF8, 0x0F, 0xD8, 0x1F, 0x88, 0x3F, 0x88, 0x03, 0x80, 0x03, 0x80, 0x03, 0x00, 0x02, 0x00, 0x00, 0x00, 0x00, 0x00 } },
    { 0x27BA, 2, { 0x00, 0x00, 0x00, 0x00, 0x00, 0x60, 0x00, 0xF0, 0x00, 0xF0, 0x78, 0x38, 0xFF, 0x0C, 0xFF, 0xFE, 0xFF, 0x0C, 0x78, 0x38, 0x00, 0xF0, 0x00, 0xF0, 0x00, 0x60, 0x00, 0x00, 0x00, 0x00, 0x00, 0x00 } },
    { 0x27BB, 2, { 0x00, 0x00, 0x00, 0x00, 0x00, 0x00, 0x00, 0x40, 0x60, 0xE0, 0x78, 0xF0, 0xFC, 0x78, 0xFF, 0xFE, 0xFC, 0x78, 0x78, 0xF0, 0x60, 0xE0, 0x00, 0x40, 0x00, 0x00, 0x00, 0x00, 0x00, 0x00, 0x00, 0x00 } },
    { 0x27BC, 2, { 0x00, 0x00, 0x00, 0x00, 0x00, 0x00, 0x00, 0x00, 0xF8, 0x10, 0x7C, 0x18, 0x3E, 0x1C, 0x1F, 0xFE, 0x3E, 0x1C, 0x7C, 0x18, 0xF8, 0x10, 0x00, 0x00, 0x00, 0x00, 0x00, 0x00, 0x00, 0x00, 0x00, 0x00 } },
    { 0x27BD, 2, { 0x00, 0x00, 0x00, 0x00, 0x00, 0x00, 0xF8, 0x60, 0xFC, 0x70, 0x7E, 0x78, 0x7F, 0xFC, 0x3F, 0xFE, 0x7F, 0xFC, 0x7E, 0x78, 0xFC, 0x70, 0xF8, 0x60, 0x00, 0x00, 0x00, 0x00, 0x00, 0x00, 0x00, 0x00 } },
    { 0x27BE, 2, { 0x00, 0x00, 0x00, 0x00, 0x00, 0x00, 0x02, 0x20, 0x01, 0x10, 0x00, 0x88, 0xFF, 0xC4, 0x00, 0x02, 0xFF, 0xC4, 0x00, 0x88, 0x01, 0x10, 0x02, 0x20, 0x00, 0x00, 0x00, 0x00, 0x00, 0x00, 0x00, 0x00 } },
    { 0x27BF, 2, { 0x00, 0x00, 0x00, 0x00, 0x00, 0x00, 0x00, 0x00, 0x00, 0x00, 0xE3, 0xC7, 0x1C, 0x38, 0x22, 0x44, 0x22, 0x44, 0x22, 0x44, 0x1C, 0x38, 0x00, 0x00, 0x00, 0x00, 0x00, 0x00, 0x00, 0x00, 0x00, 0x00 } },
};
#define SYMBOL_GLYPH_COUNT 1125

#endif
